# This file uses centimeters as units for non-parametric coordinates.

mtllib IPOD.mtl
g default
v 48.414688 -1.407885 -0.821626
v 48.402000 -1.386470 -0.827366
v 48.501709 -1.344990 -0.838479
v 48.431007 -1.426728 -0.816577
v 48.512627 -1.357155 -0.835221
v 48.392937 -1.362648 -0.833748
v 48.450951 -1.443054 -0.812204
v 48.387497 -1.336633 -0.840718
v 48.495331 -1.330412 -0.842386
v 48.474518 -1.456969 -0.808475
v 48.528297 -1.367021 -0.832576
v 48.501709 -1.468588 -0.805362
v 48.385681 -1.308652 -0.848217
v 48.493248 -1.313320 -0.846965
v 48.388405 -1.270587 -0.858416
v 48.532738 -1.477603 -0.802946
v 48.548203 -1.374008 -0.830705
v 48.567726 -1.483768 -0.801295
v 48.573326 -1.379133 -0.829331
v 48.396561 -1.236999 -0.867416
v 48.495216 -1.292455 -0.852556
v 48.493721 -1.302395 -0.849893
v 48.410156 -1.208016 -0.875182
v 48.497841 -1.283608 -0.854927
v 48.606583 -1.487307 -0.800347
v 48.603424 -1.382294 -0.828483
v 48.431007 -1.328499 -0.449974
v 48.501709 -1.275963 -0.856975
v 48.450951 -1.344822 -0.445600
v 48.429199 -1.183738 -0.881688
v 48.506958 -1.268708 -0.858920
v 48.649162 -1.488434 -0.800044
v 48.638283 -1.383372 -0.828196
v 48.474518 -1.358739 -0.441871
v 48.453880 -1.164058 -0.886961
v 48.513794 -1.262543 -0.860571
v 48.682701 -1.487565 -0.800277
v 48.670250 -1.382679 -0.828382
v 48.484337 -1.148858 -0.891033
v 48.522446 -1.257252 -0.861989
v 48.533134 -1.252616 -0.863231
v 48.714432 -1.484937 -0.800982
v 48.697357 -1.380449 -0.828979
v 48.520462 -1.138265 -0.893872
v 48.545357 -1.248478 -0.864340
v 48.744339 -1.480559 -0.802154
v 48.719696 -1.376473 -0.830044
v 48.562141 -1.132373 -0.895451
v 48.560181 -1.244882 -0.865303
v 48.512627 -1.258923 -0.468617
v 48.528297 -1.268792 -0.465972
v 48.577499 -1.241944 -0.866091
v 48.548203 -1.275776 -0.464101
v 48.772438 -1.474427 -0.803797
v 48.750687 -1.367021 -0.832576
v 48.737389 -1.370526 -0.831638
v 48.740829 -1.369487 -0.831916
v 48.573326 -1.280903 -0.462727
v 48.744041 -1.368337 -0.832224
v 48.747253 -1.367406 -0.832473
v 48.798279 -1.466532 -0.805912
v 48.501709 -1.370357 -0.438758
v 48.680588 -1.121864 -0.898266
v 48.597191 -1.239775 -0.866673
v 48.821388 -1.456772 -0.808528
v 48.841782 -1.445041 -0.811671
v 48.859459 -1.431231 -0.815371
v 48.710800 -1.229265 -0.869488
v 48.873039 -1.415071 -0.819702
v 48.882874 -1.396502 -0.824676
v 48.483284 -0.973311 -0.938071
v 48.468552 -0.949887 -0.944348
v 48.575607 -0.916905 -0.953184
v 48.501183 -0.993665 -0.932616
v 48.581635 -0.925442 -0.950897
v 48.456993 -0.923400 -0.951445
v 48.570610 -0.907056 -0.955824
v 48.522255 -1.010958 -0.927984
v 48.588783 -0.932669 -0.948961
v 48.501709 -1.246761 -0.471875
v 48.547173 -1.024746 -0.924289
v 48.597191 -0.938575 -0.947378
v 48.448364 -0.894289 -0.959244
v 48.562752 -0.884145 -0.961962
v 48.888863 -1.375744 -0.830239
v 48.695961 -1.120547 -0.898619
v 48.720886 -1.227899 -0.869854
v 48.442345 -0.862986 -0.967633
v 48.560066 -0.871104 -0.965457
v 48.890884 -1.353014 -0.836330
v 48.576492 -1.034599 -0.921649
v 48.606949 -0.943174 -0.946146
v 48.709290 -1.118360 -0.899205
v 48.739807 -1.224451 -0.870779
v 48.438812 -0.829496 -0.976606
v 48.556931 -0.841516 -0.973385
v 48.610123 -1.040509 -0.920065
v 48.618195 -0.946457 -0.945266
v 48.566338 -0.896094 -0.958761
v 48.720360 -1.115298 -0.900025
v 48.761452 -1.219911 -0.871994
v 48.437660 -0.793813 -0.986167
v 48.555794 -0.825189 -0.977760
v 48.558517 -0.856859 -0.969275
v 48.728935 -1.111354 -0.901082
v 48.779694 -1.215257 -0.873242
v 48.414688 -1.309655 -0.455023
v 48.402000 -1.288239 -0.460762
v 48.647957 -1.042477 -0.919538
v 48.645531 -0.949084 -0.944562
v 48.392937 -1.264418 -0.467144
v 48.747253 -1.269175 -0.465870
v 48.782112 -1.211757 -0.874180
v 48.438103 -0.777596 -0.990513
v 48.554893 -0.789145 -0.987417
v 48.631020 -0.948427 -0.944739
v 48.750687 -1.268792 -0.465972
v 48.495331 -1.232181 -0.475783
v 48.387497 -1.238404 -0.474115
v 48.656509 -1.042278 -0.919591
v 48.735977 -1.106742 -0.902318
v 48.799294 -1.205846 -0.875763
v 48.439461 -0.760396 -0.995121
v 48.555115 -0.771013 -0.992276
v 48.332504 -0.616365 -1.033715
v 48.367554 -0.529977 -1.056861
v 48.341537 -0.617861 -1.033314
v 48.659378 -0.948225 -0.944792
v 48.665634 -1.041747 -0.919733
v 48.493248 -1.215091 -0.480362
v 48.385681 -1.210421 -0.481613
v 48.555115 -0.807771 -0.982427
v 48.814445 -1.198622 -0.877699
v 48.674980 -1.041003 -0.919934
v 48.388100 -0.538146 -1.054673
v 48.352150 -0.620451 -1.032620
v 48.441734 -0.742099 -1.000024
v 48.555794 -0.753540 -0.996958
v 48.364113 -0.623915 -1.031692
v 48.532738 -1.379373 -0.436342
v 48.671974 -0.945727 -0.945462
v 48.684212 -1.040141 -0.920164
v 48.740868 -1.101580 -0.903701
v 48.827316 -1.190082 -0.879987
v 48.493721 -1.204165 -0.483289
v 48.388405 -1.172356 -0.491812
v 48.406479 -0.547162 -1.052257
v 48.377228 -0.628038 -1.030587
v 48.444908 -0.722602 -1.005248
v 48.556931 -0.736943 -1.001406
v 48.693939 -1.039064 -0.920452
v 48.841782 -1.346810 -0.445068
v 48.703094 -1.037665 -0.920827
v 48.423599 -0.556827 -1.049667
v 48.391312 -0.632600 -1.029365
v 48.837708 -1.180238 -0.882626
v 48.448746 -0.704249 -1.010166
v 48.439606 -0.567369 -1.046843
v 48.404716 -0.637379 -1.028083
v 48.683441 -0.941696 -0.946542
v 48.711571 -1.036040 -0.921263
v 48.567726 -1.385537 -0.434691
v 48.495216 -1.194224 -0.485953
v 48.396561 -1.138769 -0.500812
v 48.845634 -1.169506 -0.885501
v 48.719261 -1.034306 -0.921727
v 48.452911 -0.687870 -1.014555
v 48.558517 -0.721434 -1.005561
v 48.454575 -0.579006 -1.043725
v 48.417679 -0.642161 -1.026802
v 48.743721 -1.095761 -0.905261
v 48.850395 -1.097641 -0.904757
v 48.851303 -1.158346 -0.888490
v 48.467529 -0.590207 -1.040724
v 48.430405 -0.646719 -1.025581
v 48.744644 -1.089176 -0.907025
v 48.834076 -1.065827 -0.913281
v 48.744171 -1.082154 -0.908907
v 48.822067 -1.051398 -0.917147
v 48.854698 -1.146742 -0.891600
v 48.457314 -0.673681 -1.018357
v 48.560577 -0.706990 -1.009432
v 48.742676 -1.075020 -0.910818
v 48.807793 -1.036206 -0.921218
v 48.736183 -1.059990 -0.914845
v 48.731674 -1.053023 -0.916712
v 48.772438 -1.003953 -0.929860
v 48.727272 -1.046272 -0.918521
v 48.477539 -0.599437 -1.038250
v 48.441261 -0.651061 -1.024417
v 48.723099 -1.039964 -0.920211
v 48.740051 -1.067669 -0.912787
v 48.791245 -1.020354 -0.925465
v 48.693886 -0.936243 -0.948003
v 48.855835 -1.134709 -0.894825
v 48.484825 -0.606917 -1.036246
v 48.450195 -0.655184 -1.023313
v 48.501709 -1.177732 -0.490372
v 48.410156 -1.109785 -0.508578
v 48.606583 -1.389076 -0.433743
v 48.603424 -1.284064 -0.461880
v 48.489632 -0.612864 -1.034652
v 48.457085 -0.658868 -1.022326
v 48.497841 -1.185377 -0.488323
v 48.461823 -0.661897 -1.021514
v 48.563202 -0.693417 -1.013068
v 48.854469 -1.115409 -0.899996
v 48.890884 -1.254783 -0.469726
v 48.843597 -1.081188 -0.909165
v 48.506958 -1.170476 -0.492316
v 48.429199 -1.085507 -0.515084
v 48.702477 -0.929474 -0.949817
v 48.566498 -0.680718 -1.016471
v 48.710052 -0.921500 -0.951953
v 48.649162 -1.390202 -0.433440
v 48.638283 -1.285141 -0.461592
v 48.709290 -1.020127 -0.532602
v 48.453880 -1.065826 -0.520357
v 48.792831 -0.987118 -0.934371
v 48.716484 -0.912440 -0.954381
v 48.744041 -1.270107 -0.465620
v 48.720360 -1.017067 -0.533422
v 48.513794 -1.164312 -0.493968
v 48.581642 -0.827212 -0.584293
v 48.575615 -0.818674 -0.586581
v 48.588799 -0.834438 -0.582357
v 48.522446 -1.159020 -0.495385
v 48.570610 -0.808825 -0.589220
v 48.570610 -0.668902 -1.019637
v 48.500542 -0.594036 -1.039697
v 48.575607 -0.658868 -1.022326
v 48.566345 -0.797863 -0.592157
v 48.682701 -1.389334 -0.433674
v 48.670250 -1.284448 -0.461777
v 48.721680 -0.902384 -0.957075
v 48.810509 -0.968200 -0.939440
v 48.562752 -0.785914 -0.595359
v 48.618202 -0.848226 -0.578663
v 48.560081 -0.772873 -0.598854
v 48.484337 -1.050627 -0.524430
v 48.533134 -1.154385 -0.496628
v 48.513496 -0.577841 -1.044037
v 48.581635 -0.649929 -1.024721
v 48.631027 -0.850197 -0.578135
v 48.726479 -0.891422 -0.960013
v 48.825470 -0.947315 -0.945036
v 48.556938 -0.743284 -0.606782
v 48.714432 -1.386706 -0.434377
v 48.697357 -1.282219 -0.462375
v 48.645546 -0.850853 -0.577959
v 48.703094 -0.939434 -0.554224
v 48.588783 -0.642302 -1.026765
v 48.730141 -0.879475 -0.963214
v 48.837708 -0.924566 -0.951132
v 48.528717 -0.564267 -1.047674
v 48.545357 -1.150247 -0.497736
v 48.520462 -1.040034 -0.527268
v 48.555809 -0.726958 -0.611156
v 48.711571 -0.937807 -0.554660
v 48.859459 -1.333002 -0.448767
v 48.732895 -0.866431 -0.966709
v 48.847221 -0.897848 -0.958291
v 48.546432 -0.553327 -1.050606
v 48.597191 -0.636211 -1.028397
v 48.744339 -1.382329 -0.435550
v 48.719696 -1.278243 -0.463440
v 48.734978 -0.852186 -0.970526
v 48.560181 -1.146651 -0.498700
v 48.562141 -1.034142 -0.528847
v 48.566849 -0.544804 -1.052889
v 48.606949 -0.631435 -1.029676
v 48.577499 -1.143713 -0.499487
v 48.555122 -0.672782 -0.625673
v 48.736565 -0.837083 -0.974573
v 48.854027 -0.866634 -0.966655
v 48.555809 -0.655309 -0.630355
v 48.772438 -1.376196 -0.437193
v 48.590088 -0.538584 -1.054556
v 48.618195 -0.627748 -1.030664
v 48.737389 -1.272296 -0.465034
v 48.737694 -0.821541 -0.978738
v 48.858101 -0.830827 -0.976249
v 48.740829 -1.271257 -0.465312
v 48.738373 -0.805563 -0.983019
v 48.631020 -0.625378 -1.031299
v 48.616287 -0.534771 -1.055578
v 48.710052 -0.823269 -0.585350
v 48.738602 -0.789145 -0.987417
v 48.798279 -1.368301 -0.439309
v 48.695961 -1.022316 -0.532015
v 48.645531 -0.624537 -1.031525
v 48.716499 -0.814209 -0.587778
v 48.597191 -1.141544 -0.500068
v 48.680588 -1.023633 -0.531663
v 48.738373 -0.770157 -0.992505
v 48.859459 -0.790313 -0.987105
v 48.821388 -1.358541 -0.441924
v 48.721687 -0.804153 -0.590472
v 48.563210 -0.595186 -0.646465
v 48.659378 -0.625212 -1.031344
v 48.645531 -0.533481 -1.055923
v 48.671974 -0.627308 -1.030782
v 48.737694 -0.751934 -0.997389
v 48.857895 -0.749855 -0.997946
v 48.566513 -0.582487 -0.649867
v 48.606964 -0.844943 -0.579542
v 48.683441 -0.630941 -1.029809
v 48.736565 -0.734807 -1.001978
v 48.693886 -0.636211 -1.028397
v 48.730156 -0.781244 -0.596611
v 48.558525 -0.758628 -0.602670
v 48.570610 -0.570671 -0.653033
v 48.734978 -0.719099 -1.006187
v 48.853264 -0.712676 -1.007908
v 48.710800 -1.131034 -0.502885
v 48.732727 -0.704013 -1.010229
v 48.678810 -0.535245 -1.055450
v 48.734985 -0.753955 -0.603922
v 48.729683 -0.690354 -1.013889
v 48.845695 -0.679006 -1.016929
v 48.873039 -1.316841 -0.453098
v 48.581642 -0.551698 -0.658117
v 48.719261 -0.936076 -0.555123
v 48.555122 -0.709540 -0.615824
v 48.762772 -0.562665 -1.048103
v 48.702988 -0.642287 -1.026769
v 48.725967 -0.678224 -1.017139
v 48.835289 -0.649055 -1.024955
v 48.721680 -0.667734 -1.019950
v 48.709595 -0.540629 -1.054008
v 48.785660 -0.579283 -1.043650
v 48.710495 -0.649785 -1.024760
v 48.716660 -0.658374 -1.022458
v 48.821915 -0.622588 -1.032047
v 48.805374 -0.599293 -1.038289
v 48.882874 -1.298273 -0.458073
v 48.483284 -0.875080 -0.571467
v 48.468552 -0.851656 -0.577744
v 48.501183 -0.895434 -0.566013
v 48.456993 -0.825171 -0.584841
v 48.522255 -0.912727 -0.561380
v 48.737656 -0.549730 -1.051569
v 48.547173 -0.926515 -0.557685
v 48.597206 -0.840344 -0.580775
v 48.448364 -0.796058 -0.592641
v 48.888863 -1.277514 -0.463635
v 48.738388 -0.707333 -0.616415
v 48.720886 -1.129668 -0.503250
v 48.606964 -0.533204 -0.663072
v 48.442345 -0.764755 -0.601029
v 48.576492 -0.936368 -0.555045
v 48.738609 -0.690914 -0.620814
v 48.739807 -1.126220 -0.504175
v 48.556938 -0.638712 -0.634802
v 48.738388 -0.671926 -0.625902
v 48.438812 -0.731265 -0.610002
v 48.610123 -0.942278 -0.553461
v 48.631027 -0.527147 -0.664696
v 48.702484 -0.831243 -0.583214
v 48.761452 -1.121680 -0.505391
v 48.737701 -0.653702 -0.630785
v 48.437660 -0.695582 -0.619563
v 48.779694 -1.117026 -0.506638
v 48.728935 -1.013123 -0.534478
v 48.647957 -0.944246 -0.552934
v 48.782112 -1.113525 -0.507576
v 48.554901 -0.690914 -0.620814
v 48.438103 -0.679366 -0.623909
v 48.656509 -0.944047 -0.552988
v 48.735977 -1.008511 -0.535714
v 48.729698 -0.592124 -0.647285
v 48.799294 -1.107615 -0.509160
v 48.439461 -0.662165 -0.628517
v 48.332504 -0.518134 -0.667111
v 48.341537 -0.519630 -0.666710
v 48.367554 -0.431746 -0.690259
v 48.693893 -0.537980 -0.661793
v 48.665634 -0.943516 -0.553130
v 48.659386 -0.849994 -0.578189
v 48.721687 -0.569503 -0.653346
v 48.726486 -0.793191 -0.593409
v 48.702988 -0.544056 -0.660165
v 48.710510 -0.551554 -0.658156
v 48.814445 -1.100391 -0.511095
v 48.674980 -0.942772 -0.553329
v 48.352150 -0.522220 -0.666016
v 48.388100 -0.439914 -0.688069
v 48.441734 -0.643868 -0.633420
v 48.364113 -0.525684 -0.665088
v 48.575615 -0.560637 -0.655722
v 48.684212 -0.941910 -0.553560
v 48.671982 -0.847496 -0.578858
v 48.827316 -1.091851 -0.513384
v 48.740868 -1.003349 -0.537098
v 48.444908 -0.624371 -0.638644
v 48.377228 -0.529808 -0.663983
v 48.406479 -0.448931 -0.685653
v 48.693939 -0.940833 -0.553849
v 48.732910 -0.768200 -0.600106
v 48.391312 -0.534369 -0.662761
v 48.423599 -0.458596 -0.683064
v 48.837708 -1.082006 -0.516021
v 48.448746 -0.606018 -0.643563
v 48.588799 -0.544071 -0.660161
v 48.404716 -0.539148 -0.661480
v 48.439606 -0.469138 -0.680239
v 48.683449 -0.843465 -0.579938
v 48.845634 -1.071275 -0.518897
v 48.558525 -0.623203 -0.638958
v 48.452911 -0.589639 -0.647951
v 48.417679 -0.543930 -0.660198
v 48.454575 -0.480775 -0.677121
v 48.850395 -0.999409 -0.538154
v 48.743721 -0.997530 -0.538657
v 48.851303 -1.060115 -0.521887
v 48.430405 -0.548488 -0.658977
v 48.467529 -0.491976 -0.674120
v 48.834076 -0.967596 -0.546678
v 48.744644 -0.990945 -0.540421
v 48.822067 -0.953166 -0.550544
v 48.744171 -0.983923 -0.542303
v 48.854698 -1.048511 -0.524997
v 48.737701 -0.723310 -0.612134
v 48.560585 -0.608759 -0.642828
v 48.457314 -0.575450 -0.651753
v 48.807793 -0.937974 -0.554615
v 48.742676 -0.976789 -0.544214
v 48.791245 -0.922123 -0.558862
v 48.740051 -0.969437 -0.546184
v 48.736183 -0.961758 -0.548241
v 48.772438 -0.905722 -0.563257
v 48.731674 -0.954792 -0.550109
v 48.727272 -0.948040 -0.551917
v 48.441261 -0.552830 -0.657814
v 48.477539 -0.501207 -0.671646
v 48.723099 -0.941733 -0.553608
v 48.693893 -0.838012 -0.581400
v 48.855835 -1.036478 -0.528221
v 48.450195 -0.556953 -0.656709
v 48.484825 -0.508686 -0.669642
v 48.457085 -0.560637 -0.655722
v 48.489632 -0.514633 -0.668049
v 48.461823 -0.563666 -0.654910
v 48.618202 -0.529516 -0.664061
v 48.854469 -1.017178 -0.533392
v 48.843597 -0.982956 -0.542562
v 48.645546 -0.526307 -0.664921
v 48.792831 -0.888887 -0.567768
v 48.732735 -0.605783 -0.643626
v 48.500542 -0.495805 -0.673094
v 48.810509 -0.869969 -0.572837
v 48.725983 -0.579993 -0.650535
v 48.716667 -0.560143 -0.655854
v 48.513496 -0.479611 -0.677433
v 48.825470 -0.849084 -0.578433
v 48.837708 -0.826335 -0.584528
v 48.528717 -0.466036 -0.681071
v 48.847221 -0.799617 -0.591687
v 48.546432 -0.455096 -0.684002
v 48.597206 -0.537980 -0.661793
v 48.566849 -0.446573 -0.686286
v 48.736572 -0.738852 -0.607970
v 48.854027 -0.768403 -0.600051
v 48.590088 -0.440353 -0.687952
v 48.858101 -0.732596 -0.609646
v 48.616287 -0.436540 -0.688974
v 48.859459 -0.692082 -0.620501
v 48.659386 -0.526981 -0.664740
v 48.645531 -0.435250 -0.689319
v 48.671982 -0.529078 -0.664178
v 48.857895 -0.651623 -0.631342
v 48.683449 -0.532710 -0.663205
v 48.736572 -0.636576 -0.635374
v 48.734985 -0.620867 -0.639583
v 48.853264 -0.614445 -0.641304
v 48.678810 -0.437015 -0.688846
v 48.737656 -0.451499 -0.684966
v 48.845695 -0.580775 -0.650326
v 48.762772 -0.464433 -0.681500
v 48.835289 -0.550824 -0.658351
v 48.709595 -0.442399 -0.687405
v 48.785660 -0.481051 -0.677047
v 48.821915 -0.524357 -0.665443
v 48.805374 -0.501063 -0.671685
vt 0.534659 0.721994
vt 0.519048 0.721994
vt 0.519048 0.720287
vt 0.534659 0.720287
vt 0.519048 0.718271
vt 0.534659 0.718271
vt 0.519048 0.715944
vt 0.534659 0.715944
vt 0.557631 0.699595
vt 0.542021 0.699595
vt 0.542021 0.698661
vt 0.557631 0.698661
vt 0.557631 0.700937
vt 0.542021 0.700937
vt 0.557631 0.702640
vt 0.542021 0.702640
vt 0.557631 0.704789
vt 0.542021 0.704789
vt 0.557631 0.719672
vt 0.542021 0.719672
vt 0.542021 0.719397
vt 0.557631 0.719397
vt 0.557631 0.719966
vt 0.542021 0.719966
vt 0.534659 0.686844
vt 0.519048 0.686844
vt 0.519048 0.685332
vt 0.534659 0.685332
vt 0.557631 0.731963
vt 0.542021 0.731963
vt 0.718445 0.913025
vt 0.702834 0.913025
vt 0.702834 0.911885
vt 0.718445 0.911885
vt 0.718445 0.913972
vt 0.702834 0.913972
vt 0.576864 0.789477
vt 0.576864 0.773866
vt 0.577379 0.773866
vt 0.577379 0.789477
vt 0.886620 0.952815
vt 0.902232 0.952815
vt 0.902232 0.953687
vt 0.886620 0.953687
vt 0.576250 0.789477
vt 0.576252 0.773866
vt 0.902232 0.954658
vt 0.886620 0.954658
vt 0.902232 0.955717
vt 0.886620 0.955717
vt 0.902232 0.956872
vt 0.886620 0.956872
vt 0.573734 0.789477
vt 0.573736 0.773866
vt 0.574697 0.773866
vt 0.574696 0.789477
vt 0.902232 0.958134
vt 0.886620 0.958134
vt 0.572638 0.789477
vt 0.572638 0.773866
vt 0.886620 0.959494
vt 0.902232 0.959494
vt 0.902232 0.960940
vt 0.886620 0.960940
vt 0.571395 0.789477
vt 0.571396 0.773866
vt 0.879257 0.955646
vt 0.863647 0.955646
vt 0.863647 0.954920
vt 0.879257 0.954920
vt 0.902232 0.962483
vt 0.886620 0.962483
vt 0.863647 0.954263
vt 0.879257 0.954263
vt 0.886620 0.965739
vt 0.902232 0.965739
vt 0.902232 0.967287
vt 0.886620 0.967287
vt 0.902232 0.968757
vt 0.886620 0.968757
vt 0.565875 0.789477
vt 0.565875 0.773866
vt 0.566524 0.773866
vt 0.566523 0.789477
vt 0.565323 0.789477
vt 0.565325 0.773866
vt 0.925205 0.953705
vt 0.909594 0.953705
vt 0.909594 0.952815
vt 0.925205 0.952815
vt 0.886620 0.972613
vt 0.902232 0.972613
vt 0.902232 0.973738
vt 0.886620 0.973738
vt 0.332417 0.652030
vt 0.333398 0.652352
vt 0.334475 0.652537
vt 0.335660 0.652597
vt 0.336902 0.652523
vt 0.338000 0.652313
vt 0.338961 0.651986
vt 0.339797 0.651563
vt 0.340515 0.651024
vt 0.341128 0.650348
vt 0.341643 0.649556
vt 0.342071 0.648668
vt 0.342422 0.647620
vt 0.342705 0.646496
vt 0.342930 0.645293
vt 0.343106 0.644014
vt 0.343241 0.642640
vt 0.343339 0.641169
vt 0.343397 0.639621
vt 0.343416 0.638015
vt 0.343397 0.636365
vt 0.343339 0.634822
vt 0.343241 0.633376
vt 0.343106 0.632016
vt 0.342973 0.630754
vt 0.342744 0.629600
vt 0.342437 0.628541
vt 0.342071 0.627570
vt 0.341643 0.626697
vt 0.341128 0.625941
vt 0.340515 0.625301
vt 0.339797 0.624778
vt 0.338961 0.624371
vt 0.338000 0.624079
vt 0.336902 0.623905
vt 0.335660 0.623846
vt 0.335453 0.615573
vt 0.338690 0.615748
vt 0.341568 0.616271
vt 0.344077 0.617144
vt 0.346209 0.618366
vt 0.348011 0.619897
vt 0.349543 0.621700
vt 0.350804 0.623776
vt 0.351793 0.626122
vt 0.352532 0.628701
vt 0.353047 0.631474
vt 0.353349 0.634441
vt 0.353448 0.637602
vt 0.353410 0.639038
vt 0.353293 0.640562
vt 0.353099 0.642182
vt 0.352827 0.643910
vt 0.352499 0.645536
vt 0.352142 0.646987
vt 0.351765 0.648244
vt 0.351380 0.649288
vt 0.351785 0.649556
vt 0.352375 0.649883
vt 0.353139 0.650248
vt 0.354068 0.650632
vt 0.355157 0.651037
vt 0.356266 0.651460
vt 0.357413 0.651883
vt 0.358619 0.652287
vt 0.359740 0.652652
vt 0.360765 0.652959
vt 0.361673 0.653188
vt 0.362445 0.653321
vt 0.359447 0.660975
vt 0.357688 0.660250
vt 0.356116 0.659452
vt 0.354650 0.658596
vt 0.353281 0.657662
vt 0.352000 0.656631
vt 0.350891 0.655639
vt 0.350035 0.654821
vt 0.349411 0.654158
vt 0.349000 0.653632
vt 0.348066 0.655299
vt 0.346959 0.656734
vt 0.345656 0.657936
vt 0.344140 0.658905
vt 0.342393 0.659661
vt 0.340404 0.660212
vt 0.338162 0.660549
vt 0.335660 0.660664
vt 0.331522 0.651563
vt 0.902232 0.974785
vt 0.886620 0.974785
vt 0.925205 0.955734
vt 0.909594 0.955734
vt 0.909594 0.954676
vt 0.925205 0.954677
vt 0.902232 0.975674
vt 0.886620 0.975674
vt 0.332812 0.660508
vt 0.330178 0.660031
vt 0.327777 0.659224
vt 0.325628 0.658079
vt 0.323669 0.656606
vt 0.321982 0.654834
vt 0.320567 0.652770
vt 0.319423 0.650426
vt 0.318532 0.647772
vt 0.317885 0.644789
vt 0.317488 0.641496
vt 0.317354 0.637911
vt 0.317471 0.634323
vt 0.317819 0.631151
vt 0.318402 0.628385
vt 0.319216 0.626019
vt 0.320263 0.624004
vt 0.321543 0.622153
vt 0.323055 0.620477
vt 0.324801 0.618986
vt 0.323191 0.617533
vt 0.321776 0.616129
vt 0.320554 0.614783
vt 0.319526 0.613505
vt 0.318712 0.612144
vt 0.318130 0.610686
vt 0.317781 0.609112
vt 0.317665 0.607402
vt 0.317761 0.606337
vt 0.318052 0.605309
vt 0.318537 0.604320
vt 0.319216 0.603369
vt 0.320105 0.602497
vt 0.321206 0.601740
vt 0.322503 0.601101
vt 0.323973 0.600577
vt 0.324180 0.600267
vt 0.325741 0.599855
vt 0.327593 0.599453
vt 0.329212 0.599147
vt 0.330075 0.599026
vt 0.339797 0.598095
vt 0.341482 0.597903
vt 0.342963 0.597643
vt 0.344232 0.597324
vt 0.345278 0.596958
vt 0.346192 0.596547
vt 0.346932 0.596078
vt 0.347518 0.595532
vt 0.347967 0.594889
vt 0.348298 0.594213
vt 0.348522 0.593428
vt 0.348650 0.592548
vt 0.348690 0.591580
vt 0.348513 0.590066
vt 0.347967 0.588774
vt 0.347033 0.587697
vt 0.345691 0.586823
vt 0.343989 0.586203
vt 0.341839 0.585750
vt 0.339263 0.585469
vt 0.336280 0.585374
vt 0.333544 0.585436
vt 0.331225 0.585633
vt 0.329314 0.585985
vt 0.327799 0.586512
vt 0.327506 0.586605
vt 0.327231 0.586706
vt 0.326956 0.586789
vt 0.326662 0.586823
vt 0.314665 0.588063
vt 0.314838 0.586050
vt 0.315350 0.584211
vt 0.316192 0.582566
vt 0.317354 0.581134
vt 0.318867 0.579911
vt 0.320612 0.578872
vt 0.322590 0.578008
vt 0.324801 0.577308
vt 0.327205 0.576765
vt 0.329764 0.576377
vt 0.332479 0.576145
vt 0.335350 0.576067
vt 0.338993 0.576167
vt 0.342317 0.576481
vt 0.345312 0.577026
vt 0.347967 0.577825
vt 0.350293 0.578855
vt 0.352310 0.580088
vt 0.354017 0.581534
vt 0.355413 0.583203
vt 0.356499 0.585100
vt 0.357275 0.587211
vt 0.357740 0.589515
vt 0.357895 0.591994
vt 0.357662 0.595366
vt 0.356964 0.598341
vt 0.355801 0.600909
vt 0.354172 0.603059
vt 0.352060 0.604803
vt 0.349453 0.606149
vt 0.346362 0.607088
vt 0.342795 0.607610
vt 0.332660 0.608541
vt 0.331345 0.608657
vt 0.330204 0.608851
vt 0.329258 0.609122
vt 0.328524 0.609471
vt 0.327921 0.609880
vt 0.327502 0.610337
vt 0.327258 0.610853
vt 0.327179 0.611436
vt 0.327220 0.612059
vt 0.327348 0.612690
vt 0.327572 0.613341
vt 0.327903 0.614022
vt 0.328289 0.614639
vt 0.328666 0.615237
vt 0.329023 0.615796
vt 0.329352 0.616297
vt 0.330009 0.616143
vt 0.330735 0.616000
vt 0.331518 0.615875
vt 0.332350 0.615780
vt 0.333140 0.615704
vt 0.333940 0.615638
vt 0.334720 0.615591
vt 0.334475 0.623923
vt 0.333398 0.624144
vt 0.332417 0.624501
vt 0.331522 0.624984
vt 0.330788 0.625584
vt 0.330139 0.626290
vt 0.329589 0.627093
vt 0.329144 0.627984
vt 0.328734 0.628955
vt 0.328420 0.630013
vt 0.328185 0.631169
vt 0.328006 0.632431
vt 0.327871 0.633768
vt 0.327774 0.635145
vt 0.327716 0.636560
vt 0.327696 0.638015
vt 0.327716 0.639698
vt 0.327774 0.641312
vt 0.327871 0.642829
vt 0.328006 0.644220
vt 0.328199 0.645557
vt 0.328459 0.646767
vt 0.328777 0.647841
vt 0.329144 0.648771
vt 0.329574 0.649600
vt 0.330101 0.650361
vt 0.330744 0.651025
vt 0.925205 0.958152
vt 0.909594 0.958152
vt 0.909594 0.956890
vt 0.925205 0.956890
vt 0.547742 0.751495
vt 0.547741 0.735884
vt 0.548354 0.735884
vt 0.548355 0.751495
vt 0.925205 0.962282
vt 0.909594 0.962282
vt 0.909594 0.960867
vt 0.925205 0.960867
vt 0.549909 0.751495
vt 0.549909 0.735884
vt 0.550870 0.735884
vt 0.550871 0.751495
vt 0.925205 0.963737
vt 0.909594 0.963737
vt 0.925205 0.965419
vt 0.909594 0.965419
vt 0.551968 0.751495
vt 0.551967 0.735884
vt 0.553210 0.735884
vt 0.553211 0.751495
vt 0.925205 0.967034
vt 0.909594 0.967034
vt 0.925205 0.972489
vt 0.909594 0.972489
vt 0.909594 0.971278
vt 0.925205 0.971278
vt 0.557348 0.751495
vt 0.557347 0.735884
vt 0.558126 0.735884
vt 0.558126 0.751495
vt 0.925205 0.974492
vt 0.909594 0.974492
vt 0.909594 0.973563
vt 0.925205 0.973563
vt 0.558769 0.735884
vt 0.558770 0.751495
vt 0.559296 0.735884
vt 0.559296 0.751495
vt 0.395258 0.660663
vt 0.392755 0.660548
vt 0.390514 0.660211
vt 0.388525 0.659660
vt 0.386778 0.658905
vt 0.385262 0.657936
vt 0.383959 0.656733
vt 0.382851 0.655298
vt 0.381918 0.653631
vt 0.381507 0.654158
vt 0.380883 0.654820
vt 0.380026 0.655638
vt 0.378918 0.656630
vt 0.377637 0.657661
vt 0.376268 0.658595
vt 0.374802 0.659451
vt 0.373229 0.660249
vt 0.371471 0.660973
vt 0.368472 0.653320
vt 0.369245 0.653188
vt 0.370153 0.652958
vt 0.371177 0.652651
vt 0.372299 0.652286
vt 0.373505 0.651883
vt 0.374651 0.651459
vt 0.375760 0.651035
vt 0.376850 0.650632
vt 0.377779 0.650247
vt 0.378543 0.649882
vt 0.379133 0.649555
vt 0.379538 0.649287
vt 0.379152 0.648243
vt 0.378776 0.646986
vt 0.378419 0.645535
vt 0.378090 0.643909
vt 0.377819 0.642182
vt 0.377625 0.640561
vt 0.377508 0.639037
vt 0.377470 0.637600
vt 0.377568 0.634440
vt 0.377871 0.631473
vt 0.378386 0.628700
vt 0.379125 0.626121
vt 0.380114 0.623774
vt 0.381374 0.621700
vt 0.382906 0.619897
vt 0.384709 0.618365
vt 0.386841 0.617143
vt 0.389350 0.616270
vt 0.392228 0.615747
vt 0.395465 0.615573
vt 0.395259 0.623846
vt 0.394016 0.623904
vt 0.392919 0.624079
vt 0.391957 0.624369
vt 0.391122 0.624777
vt 0.390403 0.625300
vt 0.389790 0.625940
vt 0.389275 0.626696
vt 0.388847 0.627569
vt 0.388481 0.628540
vt 0.388175 0.629599
vt 0.387945 0.630754
vt 0.387813 0.632016
vt 0.387677 0.633375
vt 0.387580 0.634821
vt 0.387522 0.636364
vt 0.387503 0.638014
vt 0.387522 0.639621
vt 0.387580 0.641169
vt 0.387677 0.642639
vt 0.387813 0.644012
vt 0.387989 0.645293
vt 0.388214 0.646495
vt 0.388497 0.647620
vt 0.388847 0.648666
vt 0.389275 0.649555
vt 0.389790 0.650347
vt 0.390403 0.651023
vt 0.391122 0.651562
vt 0.391957 0.651986
vt 0.392919 0.652312
vt 0.394016 0.652522
vt 0.395259 0.652596
vt 0.396444 0.652537
vt 0.397521 0.652351
vt 0.398502 0.652029
vt 0.400818 0.650360
vt 0.401344 0.649599
vt 0.401774 0.648770
vt 0.402142 0.647841
vt 0.402460 0.646766
vt 0.402720 0.645556
vt 0.402912 0.644220
vt 0.403048 0.642828
vt 0.403144 0.641311
vt 0.403203 0.639696
vt 0.403222 0.638014
vt 0.403203 0.636560
vt 0.403144 0.635144
vt 0.403048 0.633768
vt 0.402912 0.632430
vt 0.402734 0.631168
vt 0.402499 0.630012
vt 0.402184 0.628954
vt 0.401774 0.627983
vt 0.401330 0.627092
vt 0.400779 0.626290
vt 0.400131 0.625582
vt 0.399396 0.624983
vt 0.398502 0.624500
vt 0.397521 0.624143
vt 0.396444 0.623922
vt 0.396197 0.615590
vt 0.396978 0.615637
vt 0.397777 0.615703
vt 0.398567 0.615779
vt 0.399400 0.615875
vt 0.400183 0.615999
vt 0.400909 0.616143
vt 0.401566 0.616296
vt 0.401895 0.615795
vt 0.402252 0.615236
vt 0.402629 0.614639
vt 0.403015 0.614020
vt 0.403346 0.613341
vt 0.403570 0.612690
vt 0.403698 0.612057
vt 0.403738 0.611436
vt 0.403660 0.610852
vt 0.403416 0.610336
vt 0.402997 0.609879
vt 0.402394 0.609470
vt 0.401660 0.609122
vt 0.400713 0.608850
vt 0.399573 0.608656
vt 0.398258 0.608540
vt 0.388122 0.607608
vt 0.384555 0.607087
vt 0.381465 0.606148
vt 0.378858 0.604802
vt 0.376746 0.603058
vt 0.375117 0.600908
vt 0.373954 0.598340
vt 0.373255 0.595365
vt 0.373023 0.591992
vt 0.373178 0.589514
vt 0.373643 0.587209
vt 0.374419 0.585099
vt 0.375505 0.583202
vt 0.376901 0.581533
vt 0.378608 0.580087
vt 0.380625 0.578854
vt 0.382951 0.577824
vt 0.385606 0.577026
vt 0.388600 0.576480
vt 0.391924 0.576166
vt 0.395568 0.576066
vt 0.398438 0.576144
vt 0.401153 0.576376
vt 0.403713 0.576764
vt 0.406117 0.577307
vt 0.408328 0.578007
vt 0.410306 0.578871
vt 0.412051 0.579910
vt 0.413563 0.581134
vt 0.414725 0.582565
vt 0.415567 0.584210
vt 0.416079 0.586049
vt 0.416253 0.588063
vt 0.404256 0.586822
vt 0.403961 0.586787
vt 0.403687 0.586705
vt 0.403412 0.586603
vt 0.403118 0.586511
vt 0.401604 0.585985
vt 0.399692 0.585632
vt 0.397373 0.585435
vt 0.394637 0.585373
vt 0.391655 0.585469
vt 0.389079 0.585749
vt 0.386929 0.586202
vt 0.385227 0.586822
vt 0.383885 0.587696
vt 0.382951 0.588774
vt 0.382405 0.590065
vt 0.382227 0.591579
vt 0.382267 0.592547
vt 0.382395 0.593427
vt 0.382620 0.594211
vt 0.382951 0.594888
vt 0.383400 0.595531
vt 0.383985 0.596077
vt 0.384725 0.596546
vt 0.385640 0.596957
vt 0.386686 0.597324
vt 0.387955 0.597642
vt 0.389436 0.597902
vt 0.391121 0.598094
vt 0.400843 0.599025
vt 0.401706 0.599146
vt 0.403324 0.599452
vt 0.405176 0.599854
vt 0.406738 0.600266
vt 0.406945 0.600576
vt 0.408415 0.601100
vt 0.409711 0.601740
vt 0.410813 0.602496
vt 0.411702 0.603369
vt 0.412380 0.604319
vt 0.412865 0.605308
vt 0.413156 0.606336
vt 0.413253 0.607402
vt 0.413137 0.609112
vt 0.412787 0.610686
vt 0.412206 0.612143
vt 0.411391 0.613504
vt 0.410364 0.614782
vt 0.409142 0.616128
vt 0.407726 0.617532
vt 0.406117 0.618985
vt 0.407862 0.620476
vt 0.409375 0.622152
vt 0.410654 0.624002
vt 0.411702 0.626018
vt 0.412516 0.628385
vt 0.413098 0.631149
vt 0.413447 0.634322
vt 0.413563 0.637911
vt 0.413429 0.641495
vt 0.413033 0.644789
vt 0.412386 0.647771
vt 0.411494 0.650424
vt 0.410351 0.652769
vt 0.408935 0.654833
vt 0.407248 0.656605
vt 0.405290 0.658078
vt 0.403140 0.659224
vt 0.400740 0.660030
vt 0.398105 0.660506
vt 0.399396 0.651562
vt 0.400174 0.651024
vt 0.534659 0.723390
vt 0.519048 0.723390
vt 0.980336 0.975545
vt 0.980336 0.977442
vt 0.964725 0.977442
vt 0.964725 0.975545
vt 0.980336 0.979553
vt 0.964725 0.979553
vt 0.980336 0.981857
vt 0.964725 0.981857
vt 0.980336 0.984336
vt 0.964725 0.984336
vt 0.534659 0.713289
vt 0.519048 0.713289
vt 0.980336 0.987708
vt 0.964725 0.987708
vt 0.534659 0.710295
vt 0.519048 0.710295
vt 0.980336 0.990683
vt 0.964725 0.990683
vt 0.534659 0.706971
vt 0.519048 0.706971
vt 0.980336 0.993251
vt 0.964725 0.993251
vt 0.616068 0.800797
vt 0.617360 0.800797
vt 0.617360 0.816408
vt 0.616068 0.816408
vt 0.614554 0.800797
vt 0.614554 0.816408
vt 0.613586 0.800797
vt 0.613586 0.816408
vt 0.534659 0.703327
vt 0.519048 0.703327
vt 0.718445 0.887428
vt 0.718445 0.889058
vt 0.702834 0.889058
vt 0.702834 0.887428
vt 0.612706 0.800797
vt 0.612706 0.816408
vt 0.611922 0.800797
vt 0.611922 0.816408
vt 0.611245 0.800797
vt 0.611245 0.816408
vt 0.672499 0.840511
vt 0.672499 0.840960
vt 0.656888 0.840960
vt 0.656888 0.840511
vt 0.534659 0.700457
vt 0.519048 0.700457
vt 0.557631 0.707365
vt 0.542021 0.707365
vt 0.718445 0.891170
vt 0.702834 0.891170
vt 0.672499 0.839926
vt 0.656888 0.839926
vt 0.672499 0.839186
vt 0.656888 0.839186
vt 0.557631 0.710348
vt 0.542021 0.710348
vt 0.672499 0.838271
vt 0.656888 0.838271
vt 0.534659 0.697742
vt 0.519048 0.697742
vt 0.718445 0.893776
vt 0.702834 0.893776
vt 0.672499 0.837225
vt 0.656888 0.837225
vt 0.672499 0.835956
vt 0.656888 0.835956
vt 0.557631 0.713084
vt 0.542021 0.713084
vt 0.534659 0.695182
vt 0.519048 0.695182
vt 0.672499 0.834475
vt 0.656888 0.834475
vt 0.718445 0.896867
vt 0.702834 0.896867
vt 0.557631 0.715403
vt 0.542021 0.715403
vt 0.534659 0.692778
vt 0.519048 0.692778
vt 0.672499 0.832790
vt 0.656888 0.832790
vt 0.557631 0.717314
vt 0.542021 0.717314
vt 0.534659 0.690567
vt 0.519048 0.690567
vt 0.718445 0.900434
vt 0.702834 0.900434
vt 0.557631 0.718829
vt 0.542021 0.718829
vt 0.557631 0.719122
vt 0.542021 0.719122
vt 0.534659 0.688589
vt 0.519048 0.688589
vt 0.672499 0.823068
vt 0.656888 0.823068
vt 0.879257 0.974455
vt 0.879257 0.975716
vt 0.863647 0.975716
vt 0.863647 0.974455
vt 0.879257 0.972923
vt 0.863647 0.972923
vt 0.810338 0.952815
vt 0.810338 0.955161
vt 0.794727 0.955161
vt 0.794727 0.952815
vt 0.879257 0.971120
vt 0.863647 0.971120
vt 0.810338 0.957740
vt 0.794727 0.957740
vt 0.879257 0.968989
vt 0.863647 0.968989
vt 0.718445 0.910570
vt 0.702834 0.910570
vt 0.810338 0.960513
vt 0.794727 0.960513
vt 0.879257 0.966479
vt 0.863647 0.966479
vt 0.672499 0.822205
vt 0.656888 0.822205
vt 0.810338 0.963480
vt 0.794727 0.963480
vt 0.534659 0.684170
vt 0.519048 0.684170
vt 0.672499 0.820587
vt 0.656888 0.820587
vt 0.879257 0.963601
vt 0.863647 0.963601
vt 0.810338 0.966641
vt 0.794727 0.966641
vt 0.627239 0.800797
vt 0.628884 0.800797
vt 0.628884 0.816408
vt 0.627239 0.816408
vt 0.672499 0.818735
vt 0.656888 0.818735
vt 0.810338 0.968077
vt 0.794727 0.968077
vt 0.879257 0.960364
vt 0.863647 0.960364
vt 0.625400 0.800797
vt 0.625400 0.816408
vt 0.810338 0.969601
vt 0.794727 0.969601
vt 0.672499 0.817173
vt 0.656888 0.817173
vt 0.512883 0.742922
vt 0.512111 0.742922
vt 0.512111 0.727311
vt 0.512883 0.727311
vt 0.879257 0.959632
vt 0.863647 0.959632
vt 0.810338 0.971222
vt 0.794727 0.971222
vt 0.623387 0.800797
vt 0.623387 0.816408
vt 0.672499 0.816966
vt 0.656888 0.816966
vt 0.513792 0.742922
vt 0.513792 0.727311
vt 0.879257 0.958852
vt 0.863647 0.958852
vt 0.514816 0.742922
vt 0.514816 0.727311
vt 0.672499 0.815496
vt 0.656888 0.815496
vt 0.810338 0.972949
vt 0.794727 0.972949
vt 0.879257 0.958052
vt 0.863647 0.958052
vt 0.575533 0.773866
vt 0.575532 0.789477
vt 0.718445 0.914706
vt 0.702834 0.914706
vt 0.515938 0.742922
vt 0.515938 0.727311
vt 0.879257 0.957262
vt 0.863647 0.957262
vt 0.718445 0.915309
vt 0.702834 0.915309
vt 0.517143 0.742922
vt 0.517143 0.727311
vt 0.810338 0.974575
vt 0.794727 0.974575
vt 0.672499 0.814200
vt 0.656888 0.814200
vt 0.879257 0.956430
vt 0.863647 0.956430
vt 0.718445 0.915728
vt 0.702834 0.915728
vt 0.463893 0.735769
vt 0.456240 0.735769
vt 0.456240 0.720158
vt 0.463893 0.720158
vt 0.518290 0.742922
vt 0.518290 0.727311
vt 0.605218 0.790743
vt 0.604702 0.790743
vt 0.604702 0.775132
vt 0.605218 0.775132
vt 0.810338 0.976026
vt 0.794727 0.976026
vt 0.519399 0.742922
vt 0.519399 0.727311
vt 0.604119 0.790743
vt 0.604119 0.775132
vt 0.672499 0.813098
vt 0.656888 0.813098
vt 0.603497 0.790743
vt 0.603497 0.775132
vt 0.520488 0.742922
vt 0.520488 0.727311
vt 0.602864 0.790743
vt 0.602864 0.775132
vt 0.810338 0.977283
vt 0.794727 0.977283
vt 0.602213 0.790743
vt 0.602213 0.775132
vt 0.570211 0.773866
vt 0.570210 0.789477
vt 0.601533 0.790743
vt 0.601533 0.775132
vt 0.879257 0.952815
vt 0.879257 0.953201
vt 0.863647 0.953201
vt 0.863647 0.952815
vt 0.521417 0.742922
vt 0.521417 0.727311
vt 0.879257 0.953577
vt 0.863647 0.953577
vt 0.879257 0.953935
vt 0.863647 0.953935
vt 0.672499 0.812209
vt 0.656888 0.812209
vt 0.522181 0.742922
vt 0.522181 0.727311
vt 0.902232 0.964132
vt 0.886620 0.964132
vt 0.810338 0.978327
vt 0.794727 0.978327
vt 0.569134 0.773866
vt 0.569132 0.789477
vt 0.522771 0.742922
vt 0.522771 0.727311
vt 0.523177 0.742922
vt 0.523177 0.727311
vt 0.672499 0.811531
vt 0.656888 0.811531
vt 0.498389 0.731994
vt 0.496631 0.731994
vt 0.496631 0.716383
vt 0.498389 0.716383
vt 0.568153 0.773866
vt 0.568152 0.789477
vt 0.404181 0.670640
vt 0.404181 0.669651
vt 0.419792 0.669651
vt 0.419792 0.670640
vt 0.495058 0.731994
vt 0.495058 0.716383
vt 0.567258 0.773866
vt 0.567258 0.789477
vt 0.404181 0.671668
vt 0.419792 0.671668
vt 0.493593 0.731994
vt 0.493593 0.716383
vt 0.492223 0.731994
vt 0.492223 0.716383
vt 0.404181 0.672734
vt 0.419792 0.672734
vt 0.902232 0.970131
vt 0.886620 0.970131
vt 0.490943 0.731994
vt 0.490943 0.716383
vt 0.404181 0.674444
vt 0.419792 0.674444
vt 0.489834 0.731994
vt 0.489834 0.716383
vt 0.902232 0.971411
vt 0.886620 0.971411
vt 0.488977 0.731994
vt 0.488977 0.716383
vt 0.488353 0.731994
vt 0.488353 0.716383
vt 0.487943 0.731994
vt 0.487943 0.716383
vt 0.404181 0.684317
vt 0.404181 0.682865
vt 0.419792 0.682865
vt 0.419792 0.684317
vt 0.404181 0.676018
vt 0.419792 0.676018
vt 0.404181 0.681460
vt 0.419792 0.681460
vt 0.404181 0.677475
vt 0.419792 0.677475
vt 0.404181 0.680114
vt 0.419792 0.680114
vt 0.404181 0.678836
vt 0.419792 0.678836
vt 0.506084 0.731933
vt 0.504416 0.731933
vt 0.504416 0.716322
vt 0.506084 0.716322
vt 0.404181 0.685809
vt 0.419792 0.685809
vt 0.741418 0.899929
vt 0.741418 0.901036
vt 0.725808 0.901036
vt 0.725808 0.899929
vt 0.404181 0.687484
vt 0.419792 0.687484
vt 0.547226 0.735884
vt 0.547227 0.751495
vt 0.741418 0.902339
vt 0.725808 0.902339
vt 0.404181 0.689334
vt 0.419792 0.689334
vt 0.909594 0.959490
vt 0.925205 0.959490
vt 0.549073 0.735884
vt 0.549074 0.751495
vt 0.741418 0.903855
vt 0.725808 0.903855
vt 0.404181 0.691350
vt 0.419792 0.691350
vt 0.741418 0.905602
vt 0.725808 0.905602
vt 0.404181 0.693717
vt 0.419792 0.693717
vt 0.741418 0.907591
vt 0.725808 0.907591
vt 0.909594 0.968551
vt 0.925205 0.968551
vt 0.554395 0.735884
vt 0.554395 0.751495
vt 0.909594 0.969942
vt 0.925205 0.969942
vt 0.404181 0.696482
vt 0.419792 0.696482
vt 0.555472 0.735884
vt 0.555473 0.751495
vt 0.741418 0.909833
vt 0.725808 0.909833
vt 0.556453 0.735884
vt 0.556453 0.751495
vt 0.909594 0.975322
vt 0.925205 0.975322
vt 0.404181 0.699654
vt 0.419792 0.699654
vt 0.741418 0.912335
vt 0.725808 0.912335
vt 0.404181 0.703243
vt 0.419792 0.703243
vt 0.741418 0.915183
vt 0.725808 0.915183
vt 0.404181 0.706827
vt 0.419792 0.706827
vt 0.741418 0.917817
vt 0.725808 0.917817
vt 0.404181 0.710121
vt 0.419792 0.710121
vt 0.741418 0.920217
vt 0.725808 0.920217
vt 0.404181 0.713103
vt 0.419792 0.713103
vt 0.741418 0.922367
vt 0.725808 0.922367
vt 0.404181 0.715757
vt 0.419792 0.715757
vt 0.741418 0.924326
vt 0.725808 0.924326
vt 0.404181 0.718102
vt 0.419792 0.718102
vt 0.741418 0.926012
vt 0.725808 0.926012
vt 0.741418 0.927428
vt 0.725808 0.927428
vn -0.708576 -0.681591 0.182632
vn -0.708576 -0.681591 0.182632
vn -0.584100 -0.784024 0.210079
vn -0.584100 -0.784024 0.210079
vn -0.584100 -0.784024 0.210079
vn -0.584100 -0.784024 0.210079
vn -0.461933 -0.856694 0.229550
vn -0.461933 -0.856694 0.229550
vn -0.461933 -0.856694 0.229550
vn -0.461933 -0.856694 0.229550
vn -0.344407 -0.906831 0.242985
vn -0.344407 -0.906831 0.242985
vn 0.651149 0.733089 -0.196431
vn 0.651149 0.733089 -0.196431
vn 0.848062 0.511841 -0.137147
vn 0.848062 0.511841 -0.137147
vn 0.440338 0.867239 -0.232376
vn 0.440338 0.867239 -0.232376
vn 0.651149 0.733089 -0.196431
vn 0.651149 0.733089 -0.196431
vn 0.268310 0.930508 -0.249329
vn 0.268310 0.930508 -0.249329
vn 0.440338 0.867239 -0.232376
vn 0.440338 0.867239 -0.232376
vn 0.153428 0.954489 -0.255755
vn 0.153428 0.954489 -0.255755
vn 0.268310 0.930508 -0.249329
vn 0.268310 0.930508 -0.249329
vn -0.200400 0.946331 -0.253569
vn -0.200400 0.946331 -0.253569
vn -0.317900 0.915818 -0.245393
vn -0.317900 0.915818 -0.245393
vn -0.103180 0.960770 -0.257438
vn -0.103180 0.960770 -0.257438
vn -0.200400 0.946331 -0.253569
vn -0.200400 0.946331 -0.253569
vn 0.570396 -0.793382 0.212586
vn 0.570396 -0.793382 0.212586
vn 0.704528 -0.685495 0.183678
vn 0.704528 -0.685495 0.183678
vn -0.102899 0.960799 -0.257445
vn -0.102899 0.960799 -0.257445
vn -0.103180 0.960770 -0.257438
vn -0.103180 0.960770 -0.257438
vn -0.217570 0.942787 -0.252619
vn -0.217570 0.942787 -0.252619
vn -0.125321 0.958311 -0.256779
vn -0.125321 0.958311 -0.256779
vn -0.346374 0.906132 -0.242797
vn -0.346374 0.906132 -0.242797
vn -0.217570 0.942787 -0.252619
vn -0.217570 0.942787 -0.252619
vn 0.777865 0.607013 -0.162671
vn 0.777865 0.607012 -0.162671
vn 0.865269 0.484220 -0.129771
vn 0.865269 0.484220 -0.129771
vn 0.865269 0.484220 -0.129771
vn 0.865269 0.484220 -0.129771
vn 0.918564 0.381798 -0.102329
vn 0.918563 0.381799 -0.102329
vn 0.657988 0.727365 -0.194916
vn 0.657989 0.727364 -0.194915
vn 0.777865 0.607012 -0.162671
vn 0.777865 0.607013 -0.162671
vn 0.918563 0.381799 -0.102329
vn 0.918564 0.381798 -0.102329
vn 0.949287 0.303691 -0.081401
vn 0.949287 0.303691 -0.081401
vn 0.949287 0.303691 -0.081401
vn 0.949287 0.303691 -0.081401
vn 0.971869 0.227490 -0.060984
vn 0.971869 0.227490 -0.060984
vn 0.971869 0.227490 -0.060984
vn 0.971869 0.227490 -0.060984
vn 0.988974 0.143034 -0.038354
vn 0.988974 0.143034 -0.038354
vn 0.220490 0.942152 -0.252455
vn 0.220491 0.942152 -0.252455
vn 0.362123 0.900366 -0.241263
vn 0.362121 0.900367 -0.241263
vn 0.988974 0.143034 -0.038354
vn 0.988974 0.143034 -0.038354
vn 0.994803 0.098341 -0.026379
vn 0.994803 0.098341 -0.026379
vn 0.098958 0.961184 -0.257551
vn 0.098959 0.961184 -0.257551
vn 0.220491 0.942152 -0.252455
vn 0.220490 0.942152 -0.252455
vn 0.996577 0.079844 -0.021423
vn 0.996577 0.079844 -0.021423
vn 0.998657 0.050041 -0.013437
vn 0.998657 0.050041 -0.013437
vn -0.007319 0.965900 -0.258812
vn -0.007319 0.965900 -0.258812
vn 0.098959 0.961184 -0.257551
vn 0.098958 0.961184 -0.257551
vn 0.174989 -0.951022 0.254826
vn 0.174989 -0.951022 0.254826
vn 0.210152 -0.944355 0.253039
vn 0.210152 -0.944355 0.253039
vn 0.998657 0.050041 -0.013437
vn 0.998657 0.050041 -0.013437
vn 0.999705 0.023442 -0.006310
vn 0.999705 0.023442 -0.006310
vn 0.210152 -0.944355 0.253039
vn 0.210152 -0.944355 0.253039
vn 0.227307 -0.940641 0.252044
vn 0.227307 -0.940641 0.252044
vn 0.999698 -0.023744 0.006334
vn 0.999698 -0.023744 0.006334
vn 0.998683 -0.049575 0.013255
vn 0.998683 -0.049575 0.013255
vn 0.998683 -0.049575 0.013255
vn 0.998683 -0.049575 0.013255
vn 0.996669 -0.078776 0.021080
vn 0.996669 -0.078776 0.021080
vn -0.782991 0.600843 -0.160973
vn -0.782990 0.600844 -0.160973
vn -0.686421 0.702431 -0.188196
vn -0.686421 0.702430 -0.188196
vn -0.862103 0.489473 -0.131129
vn -0.862103 0.489473 -0.131129
vn -0.782990 0.600844 -0.160973
vn -0.782991 0.600843 -0.160973
vn -0.908766 0.403093 -0.107983
vn -0.908766 0.403093 -0.107983
vn -0.862103 0.489473 -0.131129
vn -0.862103 0.489473 -0.131129
vn 0.977043 -0.205790 0.055113
vn 0.977043 -0.205790 0.055113
vn 0.960001 -0.270462 0.072443
vn 0.960001 -0.270462 0.072443
vn 0.000002 -0.258819 -0.965926
vn 0.000002 -0.258819 -0.965926
vn 0.000002 -0.258819 -0.965926
vn 0.000002 -0.258819 -0.965926
vn 0.000002 -0.258819 -0.965926
vn 0.000002 -0.258819 -0.965926
vn 0.000002 -0.258819 -0.965926
vn 0.000002 -0.258819 -0.965926
vn 0.000002 -0.258819 -0.965926
vn 0.000002 -0.258819 -0.965926
vn 0.000002 -0.258819 -0.965926
vn 0.000002 -0.258819 -0.965926
vn 0.000002 -0.258819 -0.965926
vn 0.000002 -0.258819 -0.965926
vn 0.000002 -0.258819 -0.965926
vn 0.000002 -0.258819 -0.965926
vn 0.000002 -0.258819 -0.965926
vn 0.000002 -0.258819 -0.965926
vn 0.000002 -0.258819 -0.965926
vn 0.000002 -0.258819 -0.965926
vn 0.000002 -0.258819 -0.965926
vn 0.000002 -0.258819 -0.965926
vn 0.000002 -0.258819 -0.965926
vn 0.000002 -0.258819 -0.965926
vn 0.000002 -0.258819 -0.965926
vn 0.000002 -0.258819 -0.965926
vn 0.000002 -0.258819 -0.965926
vn 0.000002 -0.258819 -0.965926
vn 0.000002 -0.258819 -0.965926
vn 0.000002 -0.258819 -0.965926
vn 0.000002 -0.258819 -0.965926
vn 0.000002 -0.258819 -0.965926
vn 0.000002 -0.258819 -0.965926
vn 0.000002 -0.258819 -0.965926
vn 0.000002 -0.258819 -0.965926
vn 0.000002 -0.258819 -0.965926
vn 0.000002 -0.258819 -0.965926
vn 0.000002 -0.258819 -0.965926
vn 0.000002 -0.258819 -0.965926
vn 0.000002 -0.258819 -0.965926
vn 0.000002 -0.258819 -0.965926
vn 0.000002 -0.258819 -0.965926
vn 0.000002 -0.258819 -0.965926
vn 0.000002 -0.258819 -0.965926
vn 0.000002 -0.258819 -0.965926
vn 0.000002 -0.258819 -0.965926
vn 0.000002 -0.258819 -0.965926
vn 0.000002 -0.258819 -0.965926
vn 0.000002 -0.258819 -0.965926
vn 0.000002 -0.258819 -0.965926
vn 0.000002 -0.258819 -0.965926
vn 0.000002 -0.258819 -0.965926
vn 0.000002 -0.258819 -0.965926
vn 0.000002 -0.258819 -0.965926
vn 0.000002 -0.258819 -0.965926
vn 0.000002 -0.258819 -0.965926
vn 0.000002 -0.258819 -0.965926
vn 0.000002 -0.258819 -0.965926
vn 0.000002 -0.258819 -0.965926
vn 0.000002 -0.258819 -0.965926
vn 0.000002 -0.258819 -0.965926
vn 0.000002 -0.258819 -0.965926
vn 0.000002 -0.258819 -0.965926
vn 0.000002 -0.258819 -0.965926
vn 0.000002 -0.258819 -0.965926
vn 0.000002 -0.258819 -0.965926
vn 0.000002 -0.258819 -0.965926
vn 0.000002 -0.258819 -0.965926
vn 0.000002 -0.258819 -0.965926
vn 0.000002 -0.258819 -0.965926
vn 0.000002 -0.258819 -0.965926
vn 0.000002 -0.258819 -0.965926
vn 0.000002 -0.258819 -0.965926
vn 0.000002 -0.258819 -0.965926
vn 0.000002 -0.258819 -0.965926
vn 0.000002 -0.258819 -0.965926
vn 0.000002 -0.258819 -0.965926
vn 0.000002 -0.258819 -0.965926
vn 0.000002 -0.258819 -0.965926
vn 0.000002 -0.258819 -0.965926
vn 0.000002 -0.258819 -0.965926
vn 0.000002 -0.258819 -0.965926
vn 0.000002 -0.258819 -0.965926
vn 0.000002 -0.258819 -0.965926
vn 0.000002 -0.258819 -0.965926
vn 0.000002 -0.258819 -0.965926
vn 0.000002 -0.258819 -0.965926
vn 0.000002 -0.258819 -0.965926
vn 0.960001 -0.270462 0.072443
vn 0.960001 -0.270462 0.072443
vn 0.927729 -0.360543 0.096581
vn 0.927729 -0.360543 0.096581
vn -0.970559 0.232664 -0.062314
vn -0.970559 0.232665 -0.062314
vn -0.941879 0.324511 -0.086925
vn -0.941880 0.324510 -0.086925
vn 0.927729 -0.360543 0.096581
vn 0.927729 -0.360543 0.096581
vn 0.871931 -0.472951 0.126702
vn 0.871931 -0.472951 0.126702
vn 0.000002 -0.258819 -0.965926
vn 0.000002 -0.258819 -0.965926
vn 0.000002 -0.258819 -0.965926
vn 0.000002 -0.258819 -0.965926
vn 0.000002 -0.258819 -0.965926
vn 0.000002 -0.258819 -0.965926
vn 0.000002 -0.258819 -0.965926
vn 0.000002 -0.258819 -0.965926
vn 0.000002 -0.258819 -0.965926
vn 0.000002 -0.258819 -0.965926
vn 0.000002 -0.258819 -0.965926
vn 0.000002 -0.258819 -0.965926
vn 0.000002 -0.258819 -0.965926
vn 0.000002 -0.258819 -0.965926
vn 0.000002 -0.258819 -0.965926
vn 0.000002 -0.258819 -0.965926
vn 0.000002 -0.258819 -0.965926
vn 0.000002 -0.258819 -0.965926
vn 0.000002 -0.258819 -0.965926
vn 0.000002 -0.258819 -0.965926
vn 0.000002 -0.258819 -0.965926
vn 0.000002 -0.258819 -0.965926
vn 0.000002 -0.258819 -0.965926
vn 0.000002 -0.258819 -0.965926
vn 0.000002 -0.258819 -0.965926
vn 0.000002 -0.258819 -0.965926
vn 0.000002 -0.258819 -0.965926
vn 0.000002 -0.258819 -0.965926
vn 0.000002 -0.258819 -0.965926
vn 0.000002 -0.258819 -0.965926
vn 0.000002 -0.258819 -0.965926
vn 0.000002 -0.258819 -0.965926
vn 0.000002 -0.258819 -0.965926
vn 0.000002 -0.258819 -0.965926
vn 0.000002 -0.258819 -0.965926
vn 0.000002 -0.258819 -0.965926
vn 0.000002 -0.258819 -0.965926
vn 0.000002 -0.258819 -0.965926
vn 0.000002 -0.258819 -0.965926
vn 0.000002 -0.258819 -0.965926
vn 0.000002 -0.258819 -0.965926
vn 0.000002 -0.258819 -0.965926
vn 0.000002 -0.258819 -0.965926
vn 0.000002 -0.258819 -0.965926
vn 0.000002 -0.258819 -0.965926
vn 0.000002 -0.258819 -0.965926
vn 0.000002 -0.258819 -0.965926
vn 0.000002 -0.258819 -0.965926
vn 0.000002 -0.258819 -0.965926
vn 0.000002 -0.258819 -0.965926
vn 0.000002 -0.258819 -0.965926
vn 0.000002 -0.258819 -0.965926
vn 0.000002 -0.258819 -0.965926
vn 0.000002 -0.258819 -0.965926
vn 0.000002 -0.258819 -0.965926
vn 0.000002 -0.258819 -0.965926
vn 0.000002 -0.258819 -0.965926
vn 0.000002 -0.258819 -0.965926
vn 0.000002 -0.258819 -0.965926
vn 0.000002 -0.258819 -0.965926
vn 0.000002 -0.258819 -0.965926
vn 0.000002 -0.258819 -0.965926
vn 0.000002 -0.258819 -0.965926
vn 0.000002 -0.258819 -0.965926
vn 0.000002 -0.258819 -0.965926
vn 0.000002 -0.258819 -0.965926
vn 0.000002 -0.258819 -0.965926
vn 0.000002 -0.258819 -0.965926
vn 0.000002 -0.258819 -0.965926
vn 0.000002 -0.258819 -0.965926
vn 0.000002 -0.258819 -0.965926
vn 0.000002 -0.258819 -0.965926
vn 0.000002 -0.258819 -0.965926
vn 0.000002 -0.258819 -0.965926
vn 0.000002 -0.258819 -0.965926
vn 0.000002 -0.258819 -0.965926
vn 0.000002 -0.258819 -0.965926
vn 0.000002 -0.258819 -0.965926
vn 0.000002 -0.258819 -0.965926
vn 0.000002 -0.258819 -0.965926
vn 0.000002 -0.258819 -0.965926
vn 0.000002 -0.258819 -0.965926
vn 0.000002 -0.258819 -0.965926
vn 0.000002 -0.258819 -0.965926
vn 0.000002 -0.258819 -0.965926
vn 0.000002 -0.258819 -0.965926
vn 0.000002 -0.258819 -0.965926
vn 0.000002 -0.258819 -0.965926
vn 0.000002 -0.258819 -0.965926
vn 0.000002 -0.258819 -0.965926
vn 0.000002 -0.258819 -0.965926
vn 0.000002 -0.258819 -0.965926
vn 0.000002 -0.258819 -0.965926
vn 0.000002 -0.258819 -0.965926
vn 0.000002 -0.258819 -0.965926
vn 0.000002 -0.258819 -0.965926
vn 0.000002 -0.258819 -0.965926
vn 0.000002 -0.258819 -0.965926
vn 0.000002 -0.258819 -0.965926
vn 0.000002 -0.258819 -0.965926
vn 0.000002 -0.258819 -0.965926
vn 0.000002 -0.258819 -0.965926
vn 0.000002 -0.258819 -0.965926
vn 0.000002 -0.258819 -0.965926
vn 0.000002 -0.258819 -0.965926
vn 0.000002 -0.258819 -0.965926
vn 0.000002 -0.258819 -0.965926
vn 0.000002 -0.258819 -0.965926
vn 0.000002 -0.258819 -0.965926
vn 0.000002 -0.258819 -0.965926
vn 0.000002 -0.258819 -0.965926
vn 0.000002 -0.258819 -0.965926
vn 0.000002 -0.258819 -0.965926
vn 0.000002 -0.258819 -0.965926
vn 0.000002 -0.258819 -0.965926
vn 0.000002 -0.258819 -0.965926
vn 0.000002 -0.258819 -0.965926
vn 0.000002 -0.258819 -0.965926
vn 0.000002 -0.258819 -0.965926
vn 0.000002 -0.258819 -0.965926
vn 0.000002 -0.258819 -0.965926
vn 0.000002 -0.258819 -0.965926
vn 0.000002 -0.258819 -0.965926
vn 0.000002 -0.258819 -0.965926
vn 0.000002 -0.258819 -0.965926
vn 0.000002 -0.258819 -0.965926
vn 0.000002 -0.258819 -0.965926
vn 0.000002 -0.258819 -0.965926
vn 0.000002 -0.258819 -0.965926
vn 0.000002 -0.258819 -0.965926
vn 0.000002 -0.258819 -0.965926
vn 0.000002 -0.258819 -0.965926
vn 0.000002 -0.258819 -0.965926
vn 0.000002 -0.258819 -0.965926
vn 0.000002 -0.258819 -0.965926
vn 0.000002 -0.258819 -0.965926
vn 0.000002 -0.258819 -0.965926
vn 0.000002 -0.258819 -0.965926
vn 0.000002 -0.258819 -0.965926
vn 0.000002 -0.258819 -0.965926
vn 0.000002 -0.258819 -0.965926
vn 0.000002 -0.258819 -0.965926
vn 0.000002 -0.258819 -0.965926
vn 0.000002 -0.258819 -0.965926
vn 0.000002 -0.258819 -0.965926
vn 0.000002 -0.258819 -0.965926
vn 0.000002 -0.258819 -0.965926
vn 0.000002 -0.258819 -0.965926
vn 0.000002 -0.258819 -0.965926
vn 0.000002 -0.258819 -0.965926
vn 0.000002 -0.258819 -0.965926
vn 0.000002 -0.258819 -0.965926
vn 0.000002 -0.258819 -0.965926
vn 0.000002 -0.258819 -0.965926
vn 0.000002 -0.258819 -0.965926
vn 0.000002 -0.258819 -0.965926
vn 0.000002 -0.258819 -0.965926
vn 0.000002 -0.258819 -0.965926
vn -0.992810 0.115629 -0.030954
vn -0.992810 0.115629 -0.030954
vn -0.985672 0.162931 -0.043629
vn -0.985672 0.162931 -0.043629
vn 0.792807 -0.588711 0.157722
vn 0.792808 -0.588710 0.157722
vn 0.674104 -0.713473 0.191155
vn 0.674103 -0.713474 0.191155
vn -0.999635 0.026104 -0.006966
vn -0.999635 0.026104 -0.006966
vn -0.998460 0.053594 -0.014332
vn -0.998460 0.053594 -0.014332
vn 0.385084 -0.891438 0.238849
vn 0.385085 -0.891438 0.238849
vn 0.252171 -0.934712 0.250448
vn 0.252169 -0.934712 0.250448
vn -1.000000 0.000007 0.000026
vn -1.000000 0.000007 0.000026
vn -0.999635 0.026104 -0.006966
vn -0.999635 0.026104 -0.006966
vn -0.999723 -0.022715 0.006115
vn -0.999723 -0.022715 0.006115
vn -1.000000 0.000007 0.000026
vn -1.000000 0.000007 0.000026
vn 0.120664 -0.958869 0.256925
vn 0.120665 -0.958869 0.256925
vn 0.005993 -0.965908 0.258814
vn 0.005992 -0.965908 0.258814
vn -0.998775 -0.047789 0.012833
vn -0.998775 -0.047789 0.012833
vn -0.999723 -0.022715 0.006115
vn -0.999723 -0.022715 0.006115
vn -0.969414 -0.237062 0.063548
vn -0.969414 -0.237062 0.063548
vn -0.984582 -0.168958 0.045301
vn -0.984582 -0.168958 0.045301
vn -0.515101 -0.827920 0.221855
vn -0.515100 -0.827920 0.221856
vn -0.645623 -0.737631 0.197666
vn -0.645624 -0.737630 0.197666
vn -0.910849 -0.398671 0.106849
vn -0.910848 -0.398671 0.106849
vn -0.946216 -0.312504 0.083762
vn -0.946216 -0.312503 0.083762
vn -0.645624 -0.737630 0.197666
vn -0.645623 -0.737631 0.197666
vn -0.772945 -0.612849 0.164234
vn -0.772945 -0.612848 0.164234
vn -0.772945 -0.612848 0.164234
vn -0.772945 -0.612849 0.164234
vn -0.856880 -0.497945 0.133448
vn -0.856880 -0.497944 0.133448
vn 0.000000 0.258819 0.965926
vn 0.000002 0.258819 0.965926
vn 0.000002 0.258819 0.965926
vn 0.000002 0.258819 0.965926
vn 0.000002 0.258819 0.965926
vn 0.000002 0.258819 0.965926
vn 0.000002 0.258819 0.965926
vn 0.000002 0.258819 0.965926
vn 0.000002 0.258819 0.965926
vn 0.000002 0.258819 0.965926
vn 0.000002 0.258819 0.965926
vn 0.000002 0.258819 0.965926
vn 0.000002 0.258819 0.965926
vn 0.000002 0.258819 0.965926
vn 0.000002 0.258819 0.965926
vn 0.000002 0.258819 0.965926
vn 0.000002 0.258819 0.965926
vn 0.000002 0.258819 0.965926
vn 0.000002 0.258819 0.965926
vn 0.000002 0.258819 0.965926
vn 0.000002 0.258819 0.965926
vn 0.000002 0.258819 0.965926
vn 0.000002 0.258819 0.965926
vn 0.000002 0.258819 0.965926
vn 0.000002 0.258819 0.965926
vn 0.000002 0.258819 0.965926
vn 0.000002 0.258819 0.965926
vn 0.000002 0.258819 0.965926
vn 0.000002 0.258819 0.965926
vn 0.000002 0.258819 0.965926
vn 0.000002 0.258819 0.965926
vn 0.000002 0.258819 0.965926
vn 0.000002 0.258819 0.965926
vn 0.000002 0.258819 0.965926
vn 0.000002 0.258819 0.965926
vn 0.000002 0.258819 0.965926
vn 0.000002 0.258819 0.965926
vn 0.000002 0.258819 0.965926
vn 0.000002 0.258819 0.965926
vn 0.000002 0.258819 0.965926
vn 0.000002 0.258819 0.965926
vn 0.000002 0.258819 0.965926
vn 0.000002 0.258819 0.965926
vn 0.000002 0.258819 0.965926
vn 0.000002 0.258819 0.965926
vn 0.000002 0.258819 0.965926
vn 0.000002 0.258819 0.965926
vn 0.000002 0.258819 0.965926
vn 0.000002 0.258819 0.965926
vn 0.000002 0.258819 0.965926
vn 0.000000 0.258819 0.965926
vn 0.000000 0.258819 0.965926
vn 0.000002 0.258819 0.965926
vn 0.000002 0.258819 0.965926
vn 0.000002 0.258819 0.965926
vn 0.000002 0.258819 0.965926
vn 0.000002 0.258819 0.965926
vn 0.000002 0.258819 0.965926
vn 0.000002 0.258819 0.965926
vn 0.000002 0.258819 0.965926
vn 0.000002 0.258819 0.965926
vn 0.000002 0.258819 0.965926
vn 0.000002 0.258819 0.965926
vn 0.000002 0.258819 0.965926
vn 0.000002 0.258819 0.965926
vn 0.000002 0.258819 0.965926
vn 0.000002 0.258819 0.965926
vn 0.000002 0.258819 0.965926
vn 0.000002 0.258819 0.965926
vn 0.000002 0.258819 0.965926
vn 0.000002 0.258819 0.965926
vn 0.000002 0.258819 0.965926
vn 0.000002 0.258819 0.965926
vn 0.000002 0.258819 0.965926
vn 0.000002 0.258819 0.965926
vn 0.000002 0.258819 0.965926
vn 0.000002 0.258819 0.965926
vn 0.000002 0.258819 0.965926
vn 0.000002 0.258819 0.965926
vn 0.000002 0.258819 0.965926
vn 0.000002 0.258819 0.965926
vn 0.000002 0.258819 0.965926
vn 0.000002 0.258819 0.965926
vn 0.000002 0.258819 0.965926
vn 0.000002 0.258819 0.965926
vn 0.000002 0.258819 0.965926
vn -0.000002 0.258819 0.965926
vn -0.000002 0.258819 0.965926
vn -0.000002 0.258819 0.965926
vn -0.000002 0.258819 0.965926
vn -0.000002 0.258819 0.965926
vn -0.000002 0.258819 0.965926
vn -0.000002 0.258819 0.965926
vn -0.000002 0.258819 0.965926
vn -0.000002 0.258819 0.965926
vn -0.000002 0.258819 0.965926
vn -0.000002 0.258819 0.965926
vn -0.000002 0.258819 0.965926
vn -0.000002 0.258819 0.965926
vn -0.000002 0.258819 0.965926
vn -0.000002 0.258819 0.965926
vn -0.000002 0.258819 0.965926
vn -0.000002 0.258819 0.965926
vn -0.000002 0.258819 0.965926
vn -0.000002 0.258819 0.965926
vn -0.000002 0.258819 0.965926
vn -0.000002 0.258819 0.965926
vn -0.000002 0.258819 0.965926
vn -0.000002 0.258819 0.965926
vn -0.000002 0.258819 0.965926
vn -0.000002 0.258819 0.965926
vn -0.000002 0.258819 0.965926
vn -0.000002 0.258819 0.965926
vn 0.000000 0.258819 0.965926
vn 0.000000 0.258819 0.965926
vn -0.000002 0.258819 0.965926
vn -0.000002 0.258819 0.965926
vn -0.000002 0.258819 0.965926
vn -0.000002 0.258819 0.965926
vn -0.000002 0.258819 0.965926
vn -0.000002 0.258819 0.965926
vn -0.000002 0.258819 0.965926
vn -0.000002 0.258819 0.965926
vn -0.000002 0.258819 0.965926
vn -0.000002 0.258819 0.965926
vn -0.000002 0.258819 0.965926
vn -0.000002 0.258819 0.965926
vn -0.000002 0.258819 0.965926
vn -0.000002 0.258819 0.965926
vn -0.000002 0.258819 0.965926
vn -0.000002 0.258819 0.965926
vn -0.000002 0.258819 0.965926
vn -0.000002 0.258819 0.965926
vn -0.000002 0.258819 0.965926
vn -0.000002 0.258819 0.965926
vn -0.000002 0.258819 0.965926
vn -0.000002 0.258819 0.965926
vn -0.000002 0.258819 0.965926
vn -0.000002 0.258819 0.965926
vn -0.000002 0.258819 0.965926
vn -0.000002 0.258819 0.965926
vn -0.000002 0.258819 0.965926
vn -0.000002 0.258819 0.965926
vn -0.000002 0.258819 0.965926
vn -0.000002 0.258819 0.965926
vn -0.000002 0.258819 0.965926
vn -0.000002 0.258819 0.965926
vn -0.000002 0.258819 0.965926
vn -0.000002 0.258819 0.965926
vn -0.000002 0.258819 0.965926
vn -0.000002 0.258819 0.965926
vn -0.000002 0.258819 0.965926
vn -0.000002 0.258819 0.965926
vn -0.000002 0.258819 0.965926
vn -0.000002 0.258819 0.965926
vn -0.000002 0.258819 0.965926
vn -0.000002 0.258819 0.965926
vn -0.000002 0.258819 0.965926
vn -0.000002 0.258819 0.965926
vn -0.000002 0.258819 0.965926
vn -0.000002 0.258819 0.965926
vn -0.000002 0.258819 0.965926
vn -0.000002 0.258819 0.965926
vn -0.000002 0.258819 0.965926
vn -0.000002 0.258819 0.965926
vn -0.000002 0.258819 0.965926
vn -0.000002 0.258819 0.965926
vn -0.000002 0.258819 0.965926
vn -0.000002 0.258819 0.965926
vn -0.000002 0.258819 0.965926
vn -0.000002 0.258819 0.965926
vn -0.000002 0.258819 0.965926
vn -0.000002 0.258819 0.965926
vn -0.000002 0.258819 0.965926
vn -0.000002 0.258819 0.965926
vn -0.000002 0.258819 0.965926
vn -0.000002 0.258819 0.965926
vn -0.000002 0.258819 0.965926
vn -0.000002 0.258819 0.965926
vn -0.000002 0.258819 0.965926
vn -0.000002 0.258819 0.965926
vn -0.000002 0.258819 0.965926
vn -0.000002 0.258819 0.965926
vn -0.000002 0.258819 0.965926
vn -0.000002 0.258819 0.965926
vn -0.000002 0.258819 0.965926
vn -0.000002 0.258819 0.965926
vn -0.000002 0.258819 0.965926
vn -0.000002 0.258819 0.965926
vn -0.000002 0.258819 0.965926
vn -0.000002 0.258819 0.965926
vn -0.000002 0.258819 0.965926
vn -0.000002 0.258819 0.965926
vn -0.000002 0.258819 0.965926
vn -0.000002 0.258819 0.965926
vn -0.000002 0.258819 0.965926
vn -0.000002 0.258819 0.965926
vn -0.000002 0.258819 0.965926
vn -0.000002 0.258819 0.965926
vn -0.000002 0.258819 0.965926
vn -0.000002 0.258819 0.965926
vn -0.000002 0.258819 0.965926
vn -0.000002 0.258819 0.965926
vn -0.000002 0.258819 0.965926
vn -0.000002 0.258819 0.965926
vn -0.000002 0.258819 0.965926
vn -0.000002 0.258819 0.965926
vn -0.000002 0.258819 0.965926
vn -0.000002 0.258819 0.965926
vn -0.000002 0.258819 0.965926
vn -0.000002 0.258819 0.965926
vn -0.000002 0.258819 0.965926
vn -0.000002 0.258819 0.965926
vn -0.000002 0.258819 0.965926
vn -0.000002 0.258819 0.965926
vn -0.000002 0.258819 0.965926
vn -0.000002 0.258819 0.965926
vn -0.000002 0.258819 0.965926
vn -0.000002 0.258819 0.965926
vn -0.000002 0.258819 0.965926
vn -0.000002 0.258819 0.965926
vn -0.000002 0.258819 0.965926
vn -0.000002 0.258819 0.965926
vn -0.000002 0.258819 0.965926
vn -0.000002 0.258819 0.965926
vn -0.000002 0.258819 0.965926
vn -0.000002 0.258819 0.965926
vn -0.000002 0.258819 0.965926
vn -0.000002 0.258819 0.965926
vn -0.000002 0.258819 0.965926
vn -0.000002 0.258819 0.965926
vn -0.000002 0.258819 0.965926
vn -0.000002 0.258819 0.965926
vn -0.000002 0.258819 0.965926
vn -0.000002 0.258819 0.965926
vn -0.000002 0.258819 0.965926
vn -0.000002 0.258819 0.965926
vn -0.000002 0.258819 0.965926
vn -0.000002 0.258819 0.965926
vn -0.000002 0.258819 0.965926
vn -0.000002 0.258819 0.965926
vn -0.000002 0.258819 0.965926
vn 0.000000 0.258819 0.965926
vn -0.000002 0.258819 0.965926
vn -0.000002 0.258819 0.965926
vn -0.000002 0.258819 0.965926
vn -0.708576 -0.681591 0.182632
vn -0.820784 -0.551775 0.147848
vn -0.820784 -0.551775 0.147848
vn -0.708576 -0.681591 0.182632
vn -0.820784 -0.551775 0.147848
vn -0.906930 -0.406927 0.109036
vn -0.906930 -0.406927 0.109036
vn -0.820784 -0.551775 0.147848
vn -0.906930 -0.406927 0.109036
vn -0.962686 -0.261399 0.070042
vn -0.962686 -0.261399 0.070042
vn -0.906930 -0.406927 0.109036
vn -0.962686 -0.261399 0.070042
vn -0.991690 -0.124270 0.033298
vn -0.991690 -0.124270 0.033298
vn -0.962686 -0.261399 0.070042
vn -0.991690 -0.124270 0.033298
vn -0.999912 0.012803 -0.003431
vn -0.999912 0.012803 -0.003431
vn -0.991690 -0.124270 0.033298
vn -0.231521 -0.939682 0.251787
vn -0.344407 -0.906831 0.242985
vn -0.344407 -0.906831 0.242985
vn -0.231521 -0.939682 0.251787
vn -0.999912 0.012803 -0.003431
vn -0.989419 0.140145 -0.037552
vn -0.989419 0.140145 -0.037552
vn -0.999912 0.012803 -0.003431
vn -0.134819 -0.957107 0.256456
vn -0.231521 -0.939682 0.251787
vn -0.231521 -0.939682 0.251787
vn -0.134819 -0.957107 0.256456
vn -0.989419 0.140145 -0.037552
vn -0.947963 0.307533 -0.082403
vn -0.947963 0.307533 -0.082403
vn -0.989419 0.140145 -0.037552
vn -0.059265 -0.964228 0.258364
vn -0.134819 -0.957107 0.256456
vn -0.134819 -0.957107 0.256456
vn -0.059265 -0.964228 0.258364
vn -0.947963 0.307533 -0.082403
vn -0.860598 0.491931 -0.131813
vn -0.860598 0.491931 -0.131813
vn -0.947963 0.307533 -0.082403
vn 0.968277 0.241365 -0.064673
vn 0.848062 0.511841 -0.137147
vn 0.848062 0.511841 -0.137147
vn 0.968277 0.241365 -0.064673
vn 0.998472 0.053369 -0.014300
vn 0.968277 0.241365 -0.064673
vn 0.968277 0.241365 -0.064673
vn 0.998472 0.053369 -0.014300
vn 0.995893 -0.087448 0.023432
vn 0.998472 0.053369 -0.014300
vn 0.998472 0.053369 -0.014300
vn 0.995893 -0.087448 0.023432
vn -0.003473 -0.965920 0.258817
vn -0.059265 -0.964228 0.258364
vn -0.059265 -0.964228 0.258364
vn -0.003473 -0.965920 0.258817
vn -0.860598 0.491931 -0.131813
vn -0.721179 0.669144 -0.179297
vn -0.721179 0.669144 -0.179297
vn -0.860598 0.491931 -0.131813
vn 0.978327 -0.200012 0.053593
vn 0.995893 -0.087448 0.023432
vn 0.995893 -0.087448 0.023432
vn 0.978327 -0.200012 0.053593
vn 0.934617 -0.343537 0.092051
vn 0.978327 -0.200012 0.053593
vn 0.978327 -0.200012 0.053593
vn 0.934617 -0.343537 0.092051
vn 0.860823 -0.491564 0.131714
vn 0.934617 -0.343537 0.092051
vn 0.934617 -0.343537 0.092051
vn 0.860823 -0.491564 0.131714
vn 0.754606 -0.633819 0.169831
vn 0.860823 -0.491564 0.131714
vn 0.860823 -0.491564 0.131714
vn 0.754606 -0.633819 0.169831
vn 0.055470 -0.964439 0.258421
vn -0.003473 -0.965920 0.258817
vn -0.003473 -0.965920 0.258817
vn 0.055470 -0.964439 0.258421
vn 0.153428 0.954489 -0.255755
vn 0.067289 0.963737 -0.258232
vn 0.067289 0.963737 -0.258232
vn 0.153428 0.954489 -0.255755
vn -0.721179 0.669144 -0.179297
vn -0.547805 0.808099 -0.216530
vn -0.547805 0.808099 -0.216530
vn -0.721179 0.669144 -0.179297
vn 0.608028 -0.766864 0.205481
vn 0.754606 -0.633819 0.169831
vn 0.754606 -0.633819 0.169831
vn 0.608028 -0.766864 0.205481
vn 0.469157 -0.853023 0.228567
vn 0.608028 -0.766864 0.205481
vn 0.608028 -0.766864 0.205481
vn 0.469157 -0.853023 0.228567
vn 0.067289 0.963737 -0.258232
vn 0.005934 0.965909 -0.258814
vn 0.005934 0.965909 -0.258814
vn 0.067289 0.963737 -0.258232
vn 0.368615 -0.897907 0.240594
vn 0.469157 -0.853023 0.228567
vn 0.469157 -0.853023 0.228567
vn 0.368615 -0.897907 0.240594
vn 0.116841 -0.959310 0.257046
vn 0.055470 -0.964439 0.258421
vn 0.055470 -0.964439 0.258421
vn 0.116841 -0.959310 0.257046
vn -0.547805 0.808099 -0.216530
vn -0.372207 0.896524 -0.240223
vn -0.372207 0.896524 -0.240223
vn -0.547805 0.808099 -0.216530
vn 0.283904 -0.926181 0.248169
vn 0.368615 -0.897907 0.240594
vn 0.368615 -0.897907 0.240594
vn 0.283904 -0.926181 0.248169
vn 0.205836 -0.945242 0.253277
vn 0.283904 -0.926181 0.248169
vn 0.283904 -0.926181 0.248169
vn 0.205836 -0.945242 0.253277
vn 0.005934 0.965909 -0.258814
vn -0.051084 0.964665 -0.258481
vn -0.051084 0.964665 -0.258481
vn 0.005934 0.965909 -0.258814
vn 0.184288 -0.949382 0.254386
vn 0.116841 -0.959310 0.257046
vn 0.116841 -0.959310 0.257046
vn 0.184288 -0.949382 0.254386
vn 0.141421 -0.956218 0.256218
vn 0.205836 -0.945242 0.253277
vn 0.205836 -0.945242 0.253277
vn 0.141421 -0.956218 0.256218
vn -0.372207 0.896524 -0.240223
vn -0.214319 0.943481 -0.252805
vn -0.214319 0.943481 -0.252805
vn -0.372207 0.896524 -0.240223
vn -0.051084 0.964665 -0.258481
vn -0.128789 0.957882 -0.256664
vn -0.128789 0.957882 -0.256664
vn -0.051084 0.964665 -0.258481
vn 0.259998 -0.932707 0.249918
vn 0.184288 -0.949382 0.254386
vn 0.184288 -0.949382 0.254386
vn 0.259998 -0.932707 0.249918
vn 0.097982 -0.961278 0.257574
vn 0.141421 -0.956218 0.256218
vn 0.141421 -0.956218 0.256218
vn 0.097982 -0.961278 0.257574
vn -0.128789 0.957882 -0.256664
vn -0.248551 0.935614 -0.250697
vn -0.248551 0.935614 -0.250697
vn -0.128789 0.957882 -0.256664
vn 0.349856 -0.904883 0.242463
vn 0.259998 -0.932707 0.249918
vn 0.259998 -0.932707 0.249918
vn 0.349856 -0.904883 0.242463
vn -0.214319 0.943481 -0.252805
vn -0.105436 0.960542 -0.257376
vn -0.105436 0.960542 -0.257376
vn -0.214319 0.943481 -0.252805
vn -0.248551 0.935614 -0.250697
vn -0.323826 0.913879 -0.244873
vn -0.323826 0.913879 -0.244873
vn -0.248551 0.935614 -0.250697
vn -0.323826 0.913879 -0.244873
vn -0.322673 0.914259 -0.244975
vn -0.322673 0.914259 -0.244975
vn -0.323826 0.913879 -0.244873
vn 0.455235 -0.860033 0.230445
vn 0.349856 -0.904883 0.242463
vn 0.349856 -0.904883 0.242463
vn 0.455235 -0.860033 0.230445
vn -0.322673 0.914259 -0.244975
vn -0.317900 0.915818 -0.245393
vn -0.317900 0.915818 -0.245393
vn -0.322673 0.914259 -0.244975
vn 0.098902 -0.961190 0.257550
vn 0.097982 -0.961278 0.257574
vn 0.097982 -0.961278 0.257574
vn 0.098902 -0.961190 0.257550
vn 0.570396 -0.793382 0.212586
vn 0.455235 -0.860033 0.230445
vn 0.455235 -0.860033 0.230445
vn 0.570396 -0.793382 0.212586
vn -0.811534 -0.564395 0.151229
vn -0.891277 -0.438008 0.117364
vn -0.891277 -0.438008 0.117364
vn -0.811534 -0.564395 0.151229
vn -0.707108 -0.683012 0.183012
vn -0.811534 -0.564395 0.151229
vn -0.811534 -0.564395 0.151229
vn -0.707108 -0.683012 0.183012
vn -0.891277 -0.438008 0.117364
vn -0.943647 -0.319678 0.085657
vn -0.943647 -0.319678 0.085657
vn -0.891277 -0.438008 0.117364
vn -0.573348 -0.791395 0.212054
vn -0.707108 -0.683012 0.183012
vn -0.707108 -0.683012 0.183012
vn -0.573348 -0.791395 0.212054
vn -0.943647 -0.319678 0.085657
vn -0.973633 -0.220348 0.059042
vn -0.973633 -0.220348 0.059042
vn -0.943647 -0.319678 0.085657
vn -0.411314 -0.880435 0.235912
vn -0.573348 -0.791395 0.212054
vn -0.573348 -0.791395 0.212054
vn -0.411314 -0.880435 0.235912
vn -0.105436 0.960542 -0.257376
vn -0.091068 0.961912 -0.257744
vn -0.091068 0.961912 -0.257744
vn -0.105436 0.960542 -0.257376
vn -0.973633 -0.220348 0.059042
vn -0.990005 -0.136226 0.036502
vn -0.990005 -0.136226 0.036502
vn -0.973633 -0.220348 0.059042
vn -0.250862 -0.935038 0.250543
vn -0.411314 -0.880435 0.235912
vn -0.411314 -0.880435 0.235912
vn -0.250862 -0.935038 0.250543
vn 0.169391 -0.951967 0.255079
vn 0.098902 -0.961190 0.257550
vn 0.098902 -0.961190 0.257550
vn 0.169391 -0.951967 0.255079
vn -0.990005 -0.136226 0.036502
vn -0.997868 -0.063036 0.016891
vn -0.997868 -0.063036 0.016891
vn -0.990005 -0.136226 0.036502
vn 0.837961 -0.527135 0.141245
vn 0.704528 -0.685495 0.183678
vn 0.704528 -0.685495 0.183678
vn 0.837961 -0.527135 0.141245
vn 0.199799 -0.946450 0.253600
vn 0.169391 -0.951967 0.255079
vn 0.169391 -0.951967 0.255079
vn 0.199799 -0.946450 0.253600
vn -0.113428 -0.959692 0.257149
vn -0.250862 -0.935038 0.250543
vn -0.250862 -0.935038 0.250543
vn -0.113428 -0.959692 0.257149
vn -0.997868 -0.063036 0.016891
vn -0.999915 -0.012564 0.003366
vn -0.999915 -0.012564 0.003366
vn -0.997868 -0.063036 0.016891
vn 0.932069 -0.349937 0.093765
vn 0.837961 -0.527135 0.141245
vn 0.837961 -0.527135 0.141245
vn 0.932069 -0.349937 0.093765
vn 0.232119 -0.939544 0.251750
vn 0.199799 -0.946450 0.253600
vn 0.199799 -0.946450 0.253600
vn 0.232119 -0.939544 0.251750
vn -0.999915 -0.012564 0.003366
vn -0.998630 0.050546 -0.013544
vn -0.998630 0.050546 -0.013544
vn -0.999915 -0.012564 0.003366
vn -0.039464 -0.965173 0.258617
vn -0.113428 -0.959692 0.257149
vn -0.113428 -0.959692 0.257149
vn -0.039464 -0.965173 0.258617
vn -0.091068 0.961912 -0.257744
vn -0.125321 0.958311 -0.256779
vn -0.125321 0.958311 -0.256779
vn -0.091068 0.961912 -0.257744
vn 0.984549 -0.169140 0.045321
vn 0.932069 -0.349937 0.093765
vn 0.932069 -0.349937 0.093765
vn 0.984549 -0.169140 0.045321
vn -0.998630 0.050546 -0.013544
vn -0.995168 0.094845 -0.025414
vn -0.995168 0.094845 -0.025414
vn -0.998630 0.050546 -0.013544
vn 0.255234 -0.933934 0.250247
vn 0.232119 -0.939544 0.251750
vn 0.232119 -0.939544 0.251750
vn 0.255234 -0.933934 0.250247
vn -0.210554 -0.944272 0.253017
vn -0.169080 -0.952019 0.255093
vn -0.169080 -0.952019 0.255093
vn -0.210554 -0.944272 0.253017
vn 0.042698 -0.965045 0.258583
vn -0.039464 -0.965173 0.258617
vn -0.039464 -0.965173 0.258617
vn 0.042698 -0.965045 0.258583
vn -0.995168 0.094845 -0.025414
vn -0.990478 0.132980 -0.035632
vn -0.990478 0.132980 -0.035632
vn -0.995168 0.094845 -0.025414
vn 0.996333 -0.082645 0.022145
vn 0.984549 -0.169140 0.045321
vn 0.984549 -0.169140 0.045321
vn 0.996333 -0.082645 0.022145
vn 0.832047 -0.535804 0.143568
vn 0.832047 -0.535804 0.143568
vn 0.832047 -0.535804 0.143568
vn 0.832047 -0.535804 0.143568
vn -0.267475 -0.930732 0.249389
vn -0.210554 -0.944272 0.253017
vn -0.210554 -0.944272 0.253017
vn -0.267475 -0.930732 0.249389
vn 0.071392 -0.963461 0.258159
vn 0.042698 -0.965045 0.258583
vn 0.042698 -0.965045 0.258583
vn 0.071392 -0.963461 0.258159
vn -0.298930 -0.921759 0.246985
vn -0.267475 -0.930732 0.249389
vn -0.267475 -0.930732 0.249389
vn -0.298930 -0.921759 0.246985
vn 0.387671 -0.890388 0.238579
vn 0.335419 -0.909969 0.243825
vn 0.335419 -0.909969 0.243825
vn 0.387671 -0.890388 0.238579
vn -0.990478 0.132980 -0.035632
vn -0.984390 0.170003 -0.045552
vn -0.984390 0.170003 -0.045552
vn -0.990478 0.132980 -0.035632
vn 0.089076 -0.962086 0.257790
vn 0.071392 -0.963461 0.258159
vn 0.071392 -0.963461 0.258159
vn 0.089076 -0.962086 0.257790
vn 0.513720 0.828720 -0.222069
vn 0.657989 0.727364 -0.194915
vn 0.657988 0.727365 -0.194916
vn 0.513719 0.828721 -0.222070
vn -0.346374 0.906132 -0.242797
vn -0.493303 0.840218 -0.225136
vn -0.493303 0.840218 -0.225136
vn -0.346374 0.906132 -0.242797
vn -0.313853 -0.917119 0.245741
vn -0.298930 -0.921759 0.246985
vn -0.298930 -0.921759 0.246985
vn -0.313853 -0.917119 0.245741
vn 0.362123 0.900366 -0.241263
vn 0.513720 0.828720 -0.222069
vn 0.513719 0.828721 -0.222070
vn 0.362121 0.900367 -0.241263
vn 0.104993 -0.960587 0.257389
vn 0.089076 -0.962086 0.257790
vn 0.089076 -0.962086 0.257790
vn 0.104993 -0.960587 0.257389
vn -0.493303 0.840218 -0.225136
vn -0.646806 0.736668 -0.197389
vn -0.646806 0.736668 -0.197389
vn -0.493303 0.840218 -0.225136
vn -0.331734 -0.911228 0.244163
vn -0.313853 -0.917119 0.245741
vn -0.313853 -0.917119 0.245741
vn -0.331734 -0.911228 0.244163
vn -0.984390 0.170003 -0.045552
vn -0.976090 0.209961 -0.056259
vn -0.976090 0.209961 -0.056259
vn -0.984390 0.170003 -0.045552
vn 0.503147 -0.834754 0.223672
vn 0.387671 -0.890388 0.238579
vn 0.387671 -0.890388 0.238579
vn 0.503147 -0.834754 0.223672
vn 0.134760 -0.957115 0.256458
vn 0.104993 -0.960587 0.257389
vn 0.104993 -0.960587 0.257389
vn 0.134760 -0.957115 0.256458
vn -0.646806 0.736668 -0.197389
vn -0.826523 0.543722 -0.145690
vn -0.826523 0.543722 -0.145690
vn -0.646806 0.736668 -0.197389
vn -0.931058 0.352439 -0.094436
vn -0.931058 0.352439 -0.094436
vn -0.931058 0.352439 -0.094436
vn -0.931058 0.352439 -0.094436
vn -0.351418 -0.904318 0.242311
vn -0.331734 -0.911228 0.244163
vn -0.331734 -0.911228 0.244163
vn -0.351418 -0.904318 0.242311
vn 0.994803 0.098341 -0.026379
vn 0.996577 0.079844 -0.021423
vn 0.996577 0.079844 -0.021423
vn 0.994803 0.098341 -0.026379
vn -0.826523 0.543722 -0.145690
vn -0.959367 0.272547 -0.073029
vn -0.959367 0.272547 -0.073029
vn -0.826523 0.543722 -0.145690
vn 0.174989 -0.951022 0.254826
vn 0.134760 -0.957115 0.256458
vn 0.134760 -0.957115 0.256458
vn 0.174989 -0.951022 0.254826
vn -0.976090 0.209961 -0.056259
vn -0.965213 0.252555 -0.067672
vn -0.965213 0.252555 -0.067672
vn -0.976090 0.209961 -0.056259
vn -0.352331 -0.903986 0.242222
vn -0.351418 -0.904318 0.242311
vn -0.351418 -0.904318 0.242311
vn -0.352331 -0.903986 0.242222
vn -0.959367 0.272547 -0.073029
vn -0.999483 0.031065 -0.008324
vn -0.999483 0.031065 -0.008324
vn -0.959367 0.272547 -0.073029
vn 0.633238 -0.747585 0.200315
vn 0.503147 -0.834754 0.223672
vn 0.503147 -0.834754 0.223672
vn 0.633238 -0.747585 0.200315
vn -0.999483 0.031065 -0.008324
vn -0.991139 -0.128303 0.034379
vn -0.991139 -0.128303 0.034379
vn -0.999483 0.031065 -0.008324
vn -0.363924 -0.899691 0.241071
vn -0.352331 -0.903986 0.242222
vn -0.352331 -0.903986 0.242222
vn -0.363924 -0.899691 0.241071
vn -0.991139 -0.128303 0.034379
vn -0.964312 -0.255745 0.068527
vn -0.964312 -0.255745 0.068527
vn -0.991139 -0.128303 0.034379
vn -0.965213 0.252555 -0.067672
vn -0.949216 0.303904 -0.081431
vn -0.949216 0.303904 -0.081431
vn -0.965213 0.252555 -0.067672
vn -0.964312 -0.255745 0.068527
vn -0.922814 -0.372119 0.099709
vn -0.922814 -0.372119 0.099709
vn -0.964312 -0.255745 0.068527
vn -0.130306 0.957691 -0.256609
vn -0.007319 0.965900 -0.258812
vn -0.007319 0.965900 -0.258812
vn -0.130308 0.957691 -0.256609
vn -0.922814 -0.372119 0.099709
vn -0.875134 -0.467392 0.125237
vn -0.875134 -0.467392 0.125237
vn -0.922814 -0.372119 0.099709
vn -0.875134 -0.467392 0.125237
vn -0.846981 -0.513508 0.137594
vn -0.846981 -0.513508 0.137594
vn -0.875134 -0.467392 0.125237
vn -0.404841 -0.883230 0.236661
vn -0.363924 -0.899691 0.241071
vn -0.363924 -0.899691 0.241071
vn -0.404841 -0.883230 0.236661
vn -0.846981 -0.513508 0.137594
vn -0.844536 -0.517252 0.138597
vn -0.844536 -0.517252 0.138597
vn -0.846981 -0.513508 0.137594
vn -0.844536 -0.517252 0.138597
vn -0.839847 -0.524327 0.140493
vn -0.839847 -0.524327 0.140493
vn -0.844536 -0.517252 0.138597
vn -0.839847 -0.524327 0.140493
vn -0.836590 -0.529163 0.141789
vn -0.836590 -0.529163 0.141789
vn -0.839847 -0.524327 0.140493
vn 0.758212 -0.629791 0.168752
vn 0.633238 -0.747585 0.200315
vn 0.633238 -0.747585 0.200315
vn 0.758212 -0.629791 0.168752
vn -0.454848 -0.860224 0.230496
vn -0.404841 -0.883230 0.236661
vn -0.404841 -0.883230 0.236661
vn -0.454848 -0.860224 0.230496
vn 0.999705 0.023442 -0.006310
vn 1.000000 -0.000007 -0.000026
vn 1.000000 -0.000007 -0.000026
vn 0.999705 0.023442 -0.006310
vn -0.949216 0.303904 -0.081431
vn -0.937873 0.335155 -0.089805
vn -0.937873 0.335155 -0.089805
vn -0.949216 0.303904 -0.081431
vn -0.270534 0.929909 -0.249160
vn -0.130306 0.957691 -0.256609
vn -0.130308 0.957691 -0.256609
vn -0.270535 0.929909 -0.249160
vn -0.512858 -0.829222 0.222189
vn -0.454848 -0.860224 0.230496
vn -0.454848 -0.860224 0.230496
vn -0.512858 -0.829222 0.222189
vn -0.551622 -0.805673 0.215879
vn -0.512858 -0.829222 0.222189
vn -0.512858 -0.829222 0.222189
vn -0.551622 -0.805673 0.215879
vn 0.857492 -0.496966 0.133162
vn 0.758212 -0.629791 0.168752
vn 0.758212 -0.629791 0.168752
vn 0.857492 -0.496966 0.133162
vn 1.000000 -0.000007 -0.000026
vn 0.999698 -0.023744 0.006334
vn 0.999698 -0.023744 0.006334
vn 1.000000 -0.000007 -0.000026
vn 0.380751 0.893170 -0.239324
vn 0.415697 0.878513 -0.235397
vn 0.415697 0.878513 -0.235397
vn 0.380751 0.893170 -0.239324
vn -0.409056 0.881419 -0.236164
vn -0.270534 0.929909 -0.249160
vn -0.270535 0.929909 -0.249160
vn -0.409057 0.881419 -0.236164
vn 0.933344 -0.346750 0.092911
vn 0.857492 -0.496966 0.133162
vn 0.857492 -0.496966 0.133162
vn 0.933344 -0.346750 0.092911
vn 0.415697 0.878513 -0.235397
vn 0.478327 0.848259 -0.227290
vn 0.478327 0.848259 -0.227290
vn 0.415697 0.878513 -0.235397
vn -0.553548 0.804444 -0.215534
vn -0.409056 0.881419 -0.236164
vn -0.409057 0.881419 -0.236164
vn -0.553549 0.804443 -0.215534
vn 0.983282 -0.175883 0.047128
vn 0.933344 -0.346750 0.092911
vn 0.933344 -0.346750 0.092911
vn 0.983282 -0.175883 0.047128
vn 0.478327 0.848259 -0.227290
vn 0.534067 0.816634 -0.218817
vn 0.534067 0.816634 -0.218817
vn 0.478327 0.848259 -0.227290
vn -0.686421 0.702431 -0.188196
vn -0.553548 0.804444 -0.215534
vn -0.553549 0.804443 -0.215534
vn -0.686421 0.702430 -0.188196
vn 0.534067 0.816634 -0.218817
vn 0.595603 0.775908 -0.207904
vn 0.595603 0.775908 -0.207904
vn 0.534067 0.816634 -0.218817
vn 0.999976 0.006748 -0.001808
vn 0.983282 -0.175883 0.047128
vn 0.983282 -0.175883 0.047128
vn 0.999976 0.006748 -0.001808
vn 0.996669 -0.078776 0.021080
vn 0.993161 -0.112779 0.030191
vn 0.993161 -0.112779 0.030191
vn 0.996669 -0.078776 0.021080
vn 0.595603 0.775908 -0.207904
vn 0.646103 0.737243 -0.197544
vn 0.646103 0.737243 -0.197544
vn 0.595603 0.775908 -0.207904
vn 0.990104 0.135551 -0.036321
vn 0.999976 0.006748 -0.001808
vn 0.999976 0.006748 -0.001808
vn 0.990104 0.135551 -0.036321
vn 0.646103 0.737243 -0.197544
vn 0.677478 0.710480 -0.190373
vn 0.677478 0.710480 -0.190373
vn 0.646103 0.737243 -0.197544
vn 0.993161 -0.112779 0.030191
vn 0.987214 -0.153976 0.041229
vn 0.987214 -0.153976 0.041229
vn 0.993161 -0.112779 0.030191
vn 0.677478 0.710480 -0.190373
vn 0.707105 0.683015 -0.183013
vn 0.707105 0.683015 -0.183013
vn 0.677478 0.710480 -0.190373
vn 0.707105 0.683015 -0.183013
vn 0.754605 0.633820 -0.169832
vn 0.754605 0.633820 -0.169832
vn 0.707105 0.683015 -0.183013
vn 0.754605 0.633820 -0.169832
vn 0.788842 0.593654 -0.159069
vn 0.788842 0.593654 -0.159069
vn 0.754605 0.633820 -0.169832
vn 0.670036 0.717035 -0.192129
vn 0.686624 0.702240 -0.188165
vn 0.686624 0.702240 -0.188165
vn 0.670036 0.717035 -0.192129
vn 0.955956 0.283509 -0.075966
vn 0.990104 0.135551 -0.036321
vn 0.990104 0.135551 -0.036321
vn 0.955956 0.283509 -0.075966
vn 0.686624 0.702240 -0.188165
vn 0.721794 0.668525 -0.179131
vn 0.721794 0.668525 -0.179131
vn 0.686624 0.702240 -0.188165
vn 0.987214 -0.153976 0.041229
vn 0.977043 -0.205790 0.055113
vn 0.977043 -0.205790 0.055113
vn 0.987214 -0.153976 0.041229
vn 0.896065 0.428796 -0.114896
vn 0.955956 0.283509 -0.075966
vn 0.955956 0.283509 -0.075966
vn 0.896065 0.428796 -0.114896
vn 0.721794 0.668525 -0.179131
vn 0.759258 0.628615 -0.168437
vn 0.759258 0.628615 -0.168437
vn 0.721794 0.668525 -0.179131
vn 0.819961 0.552914 -0.148153
vn 0.896065 0.428796 -0.114896
vn 0.896065 0.428796 -0.114896
vn 0.819961 0.552914 -0.148153
vn 0.759258 0.628615 -0.168437
vn 0.819961 0.552914 -0.148153
vn 0.819961 0.552914 -0.148153
vn 0.759258 0.628615 -0.168437
vn -0.872475 0.472008 -0.126474
vn -0.835248 0.531137 -0.142318
vn -0.835248 0.531137 -0.142318
vn -0.872475 0.472008 -0.126474
vn 0.697079 -0.692563 0.185572
vn 0.649692 -0.734294 0.196754
vn 0.649692 -0.734294 0.196754
vn 0.697079 -0.692563 0.185572
vn -0.941879 0.324511 -0.086925
vn -0.908766 0.403093 -0.107983
vn -0.908766 0.403093 -0.107983
vn -0.941880 0.324510 -0.086925
vn -0.835248 0.531137 -0.142318
vn -0.738056 0.651749 -0.174636
vn -0.738056 0.651749 -0.174636
vn -0.835248 0.531137 -0.142318
vn 0.783944 -0.599678 0.160683
vn 0.697079 -0.692563 0.185572
vn 0.697079 -0.692563 0.185572
vn 0.783944 -0.599678 0.160683
vn -0.985672 0.162931 -0.043629
vn -0.970559 0.232665 -0.062314
vn -0.970559 0.232664 -0.062314
vn -0.985672 0.162931 -0.043629
vn 0.871931 -0.472951 0.126702
vn 0.792808 -0.588710 0.157722
vn 0.792807 -0.588711 0.157722
vn 0.871931 -0.472951 0.126702
vn -0.738056 0.651749 -0.174636
vn -0.610411 0.765095 -0.205007
vn -0.610411 0.765095 -0.205007
vn -0.738056 0.651749 -0.174636
vn 0.856733 -0.498186 0.133489
vn 0.783944 -0.599678 0.160683
vn 0.783944 -0.599678 0.160683
vn 0.856733 -0.498186 0.133489
vn -0.996347 0.082496 -0.022076
vn -0.992810 0.115629 -0.030954
vn -0.992810 0.115629 -0.030954
vn -0.996347 0.082496 -0.022076
vn 0.674104 -0.713473 0.191155
vn 0.526673 -0.821106 0.220000
vn 0.526672 -0.821107 0.220000
vn 0.674103 -0.713474 0.191155
vn -0.610411 0.765095 -0.205007
vn -0.467243 0.854003 -0.228829
vn -0.467243 0.854003 -0.228829
vn -0.610411 0.765095 -0.205007
vn -0.998460 0.053594 -0.014332
vn -0.996347 0.082496 -0.022076
vn -0.996347 0.082496 -0.022076
vn -0.998460 0.053594 -0.014332
vn 0.526673 -0.821106 0.220000
vn 0.385085 -0.891438 0.238849
vn 0.385084 -0.891438 0.238849
vn 0.526672 -0.821107 0.220000
vn 0.920403 -0.377648 0.101191
vn 0.856733 -0.498186 0.133489
vn 0.856733 -0.498186 0.133489
vn 0.920403 -0.377648 0.101191
vn -0.467243 0.854003 -0.228829
vn -0.329916 0.911844 -0.244328
vn -0.329916 0.911844 -0.244328
vn -0.467243 0.854003 -0.228829
vn 0.252171 -0.934712 0.250448
vn 0.120665 -0.958869 0.256925
vn 0.120664 -0.958869 0.256925
vn 0.252169 -0.934712 0.250448
vn 0.964932 -0.253556 0.067940
vn 0.920403 -0.377648 0.101191
vn 0.920403 -0.377648 0.101191
vn 0.964932 -0.253556 0.067940
vn -0.329916 0.911844 -0.244328
vn -0.205596 0.945291 -0.253290
vn -0.205596 0.945291 -0.253290
vn -0.329916 0.911844 -0.244328
vn -0.996816 -0.077019 0.020665
vn -0.998775 -0.047789 0.012833
vn -0.998775 -0.047789 0.012833
vn -0.996816 -0.077019 0.020665
vn 0.005993 -0.965908 0.258814
vn -0.107937 -0.960282 0.257310
vn -0.107938 -0.960282 0.257310
vn 0.005992 -0.965908 0.258814
vn -0.992847 -0.115320 0.030928
vn -0.996816 -0.077019 0.020665
vn -0.996816 -0.077019 0.020665
vn -0.992847 -0.115320 0.030928
vn 0.987933 -0.149606 0.040087
vn 0.964932 -0.253556 0.067940
vn 0.964932 -0.253556 0.067940
vn 0.987933 -0.149606 0.040087
vn -0.107937 -0.960282 0.257310
vn -0.239307 -0.937858 0.251305
vn -0.239308 -0.937858 0.251305
vn -0.107938 -0.960282 0.257310
vn -0.205596 0.945291 -0.253290
vn -0.094936 0.961563 -0.257650
vn -0.094936 0.961563 -0.257650
vn -0.205596 0.945291 -0.253290
vn -0.984582 -0.168958 0.045301
vn -0.992847 -0.115320 0.030928
vn -0.992847 -0.115320 0.030928
vn -0.984582 -0.168958 0.045301
vn -0.239307 -0.937858 0.251305
vn -0.387774 -0.890344 0.238578
vn -0.387776 -0.890343 0.238578
vn -0.239308 -0.937858 0.251305
vn -0.387774 -0.890344 0.238578
vn -0.515100 -0.827920 0.221856
vn -0.515101 -0.827920 0.221855
vn -0.387776 -0.890343 0.238578
vn -0.946216 -0.312504 0.083762
vn -0.969414 -0.237062 0.063548
vn -0.969414 -0.237062 0.063548
vn -0.946216 -0.312503 0.083762
vn -0.856880 -0.497945 0.133448
vn -0.910848 -0.398671 0.106849
vn -0.910849 -0.398671 0.106849
vn -0.856880 -0.497944 0.133448
vn 0.997639 -0.066330 0.017773
vn 0.987933 -0.149606 0.040087
vn 0.987933 -0.149606 0.040087
vn 0.997639 -0.066330 0.017773
vn -0.094936 0.961563 -0.257650
vn 0.007853 0.965896 -0.258811
vn 0.007853 0.965896 -0.258811
vn -0.094936 0.961563 -0.257650
vn 0.999997 0.002392 -0.000641
vn 0.997639 -0.066330 0.017773
vn 0.997639 -0.066330 0.017773
vn 0.999997 0.002392 -0.000641
vn 0.007853 0.965896 -0.258811
vn 0.114801 0.959540 -0.257108
vn 0.114801 0.959540 -0.257108
vn 0.007853 0.965896 -0.258811
vn 0.997044 0.074221 -0.019887
vn 0.999997 0.002392 -0.000641
vn 0.999997 0.002392 -0.000641
vn 0.997044 0.074221 -0.019887
vn 0.114801 0.959540 -0.257108
vn 0.246923 0.936016 -0.250805
vn 0.246923 0.936016 -0.250805
vn 0.114801 0.959540 -0.257108
vn 0.986449 0.158480 -0.042465
vn 0.997044 0.074221 -0.019887
vn 0.997044 0.074221 -0.019887
vn 0.986449 0.158480 -0.042465
vn 0.246923 0.936016 -0.250805
vn 0.394235 0.887695 -0.237857
vn 0.394235 0.887695 -0.237857
vn 0.246923 0.936016 -0.250805
vn 0.964713 0.254333 -0.068148
vn 0.986449 0.158480 -0.042465
vn 0.986449 0.158480 -0.042465
vn 0.964713 0.254333 -0.068148
vn 0.394235 0.887695 -0.237857
vn 0.537432 0.814572 -0.218264
vn 0.537432 0.814572 -0.218264
vn 0.394235 0.887695 -0.237857
vn 0.926209 0.364165 -0.097578
vn 0.964713 0.254333 -0.068148
vn 0.964713 0.254333 -0.068148
vn 0.926209 0.364165 -0.097578
vn 0.537432 0.814572 -0.218264
vn 0.664856 0.721519 -0.193331
vn 0.664856 0.721519 -0.193331
vn 0.537432 0.814572 -0.218264
vn 0.864789 0.485026 -0.129962
vn 0.926209 0.364165 -0.097578
vn 0.926209 0.364165 -0.097578
vn 0.864789 0.485026 -0.129962
vn 0.664856 0.721519 -0.193331
vn 0.777535 0.607413 -0.162756
vn 0.777535 0.607413 -0.162756
vn 0.664856 0.721519 -0.193331
vn 0.777535 0.607413 -0.162756
vn 0.864789 0.485026 -0.129962
vn 0.864789 0.485026 -0.129962
vn 0.777535 0.607413 -0.162756
s off
g polySurface26 polySurface20
usemtl blinn3SG
f 27/1/1 4/2/2 7/3/3 29/4/4
f 29/4/5 7/3/6 10/5/7 34/6/8
f 34/6/9 10/5/10 12/7/11 62/8/12
f 50/9/13 5/10/14 3/11/15 80/12/16
f 51/13/17 11/14/18 5/10/19 50/9/20
f 53/15/21 17/16/22 11/14/23 51/13/24
f 58/17/25 19/18/26 17/16/27 53/15/28
f 112/19/29 60/20/30 59/21/31 221/22/32
f 117/23/33 55/24/34 60/20/35 112/19/36
f 152/25/37 66/26/38 67/27/39 260/28/40
f 208/29/41 90/30/42 55/24/43 117/23/44
f 217/31/45 93/32/46 86/33/47 290/34/48
f 222/35/49 100/36/50 93/32/51 217/31/52
f 224/37/53 75/38/54 73/39/55 225/40/56
f 225/41/57 73/42/58 77/43/59 228/44/60
f 226/45/61 79/46/62 75/38/63 224/37/64
f 228/44/65 77/43/66 99/47/67 232/48/68
f 232/48/69 99/47/70 84/49/71 237/50/72
f 237/50/73 84/49/74 89/51/75 239/52/76
f 238/53/77 98/54/78 92/55/79 306/56/80
f 239/52/81 89/51/82 104/57/83 311/58/84
f 244/59/85 116/60/86 98/54/87 238/53/88
f 247/61/89 96/62/90 103/63/91 258/64/92
f 250/65/93 110/66/94 116/60/95 244/59/96
f 251/67/97 153/68/98 161/69/99 259/70/100
f 258/64/101 103/63/102 132/71/103 324/72/104
f 259/70/105 161/69/106 166/73/107 323/74/108
f 273/75/109 124/76/110 138/77/111 276/78/112
f 276/78/113 138/77/114 150/79/115 354/80/116
f 287/81/117 214/82/118 212/83/119 359/84/120
f 292/85/121 220/86/122 214/82/123 287/81/124
f 298/87/125 235/88/126 220/89/127 292/90/128
f 299/91/129 206/92/130 213/93/131 305/94/132
f 307/95/133 302/96/134 300/97/135 291/98/136 285/99/137 279/100/138 271/101/139 264/102/140 252/103/141 243/104/142 231/105/143 229/106/144 213/107/145 206/108/146 182/109/147 168/110/148 150/111/149 138/112/150 124/113/151 115/114/152 132/115/153 103/116/154 96/117/155 104/118/156 89/119/157 84/120/158 99/121/159 77/122/160 73/123/161 75/124/162 79/125/163 82/126/164 92/127/165 98/128/166 116/129/167 110/130/168 109/131/169 97/132/170 91/133/171 81/134/172 78/135/173 74/136/174 71/137/175 72/138/176 76/139/177 83/140/178 88/141/179 95/142/180 102/143/181 114/144/182 123/145/183 137/146/184 149/147/185 157/148/186 167/149/187 181/150/188 205/151/189 203/152/190 197/153/191 190/154/192 175/155/193 170/156/194 159/157/195 155/158/196 148/159/197 139/160/198 136/161/199 127/162/200 125/163/201 126/164/202 135/165/203 147/166/204 154/167/205 158/168/206 169/169/207 174/170/208 189/171/209 196/172/210 202/173/211 230/174/212 242/175/213 255/176/214 263/177/215 270/178/216 278/179/217 286/180/218 301/181/219 309/182/220
f 305/94/221 213/93/222 229/183/223 312/184/224
f 310/185/225 253/186/226 245/187/227 381/188/228
f 312/184/229 229/183/230 231/189/231 390/190/232
f 309/182/233 301/181/234 317/191/235 330/192/236 342/193/237 325/194/238 331/195/239 335/196/240 334/197/241 328/198/242 320/199/243 314/200/244 304/201/245 296/202/246 282/203/247 275/204/248 262/205/249 254/206/250 246/207/251 236/208/252 219/209/253 187/210/254 193/211/255 184/212/256 179/213/257 177/214/258 209/215/259 172/216/260 207/217/261 195/218/262 180/219/263 173/220/264 165/221/265 156/222/266 144/223/267 133/224/268 122/225/269 113/226/270 106/227/271 101/228/272 94/229/273 87/230/274 68/231/275 64/232/276 52/233/277 49/234/278 45/235/279 41/236/280 40/237/281 36/238/282 31/239/283 28/240/284 24/241/285 21/242/286 22/243/287 14/244/288 9/245/289 3/246/290 5/247/291 11/248/292 17/249/293 19/250/294 26/251/295 33/252/296 38/253/297 43/254/298 47/255/299 56/256/300 57/257/301 59/258/302 60/259/303 55/260/304 90/261/305 85/262/306 70/263/307 69/264/308 67/265/309 66/266/310 65/267/311 61/268/312 54/269/313 46/270/314 42/271/315 37/272/316 32/273/317 25/274/318 18/275/319 16/276/320 12/277/321 10/278/322 7/279/323 4/280/324 1/281/325 2/282/326 6/283/327 8/284/328 13/285/329 15/286/330 20/287/331 23/288/332 30/289/333 35/290/334 39/291/335 44/292/336 48/293/337 63/294/338 86/295/339 93/296/340 100/297/341 105/298/342 121/299/343 143/300/344 171/301/345 176/302/346 178/303/347 183/304/348 192/305/349 185/306/350 186/307/351 188/308/352 191/309/353 166/310/354 161/311/355 153/312/356 151/313/357 142/314/358 134/315/359 129/316/360 120/317/361 109/131/362 110/130/363 128/318/364 141/319/365 160/320/366 194/321/367 212/322/368 214/323/369 220/324/370 235/325/371 245/326/372 253/327/373 261/328/374 267/329/375 274/330/376 281/331/377 284/332/378 288/333/379 295/334/380 303/335/381 308/336/382 313/337/383 316/338/384 319/339/385 327/340/386 329/341/387 333/342/388 332/343/389 326/344/390
f 318/345/391 267/346/392 261/347/393 399/348/394
f 322/349/395 243/350/396 252/351/397 404/352/398
f 347/353/399 284/354/400 281/355/401 423/356/402
f 349/357/403 271/358/404 279/359/405 444/360/406
f 352/361/407 288/362/408 284/354/409 347/353/410
f 355/363/411 295/364/412 288/362/413 352/361/414
f 358/365/415 285/366/416 291/367/417 447/368/418
f 361/369/419 303/370/420 295/364/421 355/363/422
f 371/371/423 319/372/424 316/373/425 449/374/426
f 377/375/427 309/376/428 326/377/429 382/378/430
f 380/379/431 329/380/432 327/381/433 452/382/434
f 382/378/435 326/377/436 332/383/437 383/384/438
f 383/384/439 332/383/440 333/385/441 453/386/442
f 469/387/443 466/388/444 464/389/445 461/390/446 459/391/447 457/392/448 454/393/449 450/394/450 442/395/451 440/396/452 435/397/453 417/398/454 412/399/455 406/400/456 401/401/457 397/402/458 387/403/459 376/404/460 374/405/461 375/406/462 386/407/463 389/408/464 396/409/465 400/410/466 405/411/467 411/412/468 416/413/469 434/414/470 439/415/471 441/416/472 443/417/473 425/418/474 410/419/475 403/420/476 395/421/477 388/422/478 373/423/479 368/424/480 362/425/481 356/426/482 350/427/483 345/428/484 340/429/485 338/430/486 337/431/487 339/432/488 341/433/489 343/434/490 351/435/491 357/436/492 365/437/493 250/438/494 244/439/495 238/440/496 306/441/497 344/442/498 226/443/499 224/444/500 225/445/501 228/446/502 232/447/503 237/448/504 239/449/505 311/450/506 247/451/507 258/452/508 324/453/509 367/454/510 273/455/511 276/456/512 354/457/513 409/458/514 424/459/515 299/460/516 305/461/517 312/462/518 390/463/519 322/464/520 404/465/521 460/466/522 349/467/523 444/468/524 358/469/525 447/470/526 468/471/527 470/472/528 472/473/529
f 383/474/530 453/475/531 380/476/532 452/477/533 371/478/534 449/479/535 474/480/536 473/481/537 361/482/538 355/483/539 352/484/540 347/485/541 423/486/542 462/487/543 318/488/544 399/489/545 310/490/546 381/491/547 298/492/548 292/493/549 287/494/550 359/495/551 437/496/552 407/497/553 392/498/554 379/499/555 250/438/556 365/437/557 369/500/558 378/501/559 385/502/560 391/503/561 398/504/562 251/505/563 259/506/564 323/507/565 436/508/566 433/509/567 432/510/568 430/511/569 429/512/570 427/513/571 421/514/572 419/515/573 414/516/574 394/517/575 370/518/576 364/519/577 222/520/578 217/521/579 290/522/580 294/523/581 269/524/582 257/525/583 240/526/584 218/527/585 211/528/586 199/529/587 164/530/588 146/531/589 131/532/590 119/533/591 111/534/592 108/535/593 107/536/594 27/537/595 29/538/596 34/539/597 62/540/598 140/541/599 162/542/600 200/543/601 215/544/602 233/545/603 248/546/604 265/547/605 277/548/606 289/549/607 297/550/608 152/551/609 260/552/610 321/553/611 336/554/612 346/555/613 208/556/614 117/557/615 112/558/616 221/559/617 283/560/618 280/561/619 266/562/620 249/563/621 234/564/622 216/565/623 201/566/624 58/567/625 53/568/626 51/569/627 50/570/628 80/571/629 118/572/630 130/573/631 145/574/632 163/575/633 204/576/634 198/577/635 210/578/636 223/579/637 227/580/638 241/581/639 256/582/640 268/583/641 272/584/642 293/585/643 315/586/644 348/587/645 353/588/646 360/589/647 363/590/648 366/591/649 372/592/650 384/593/651 393/594/652 402/595/653 408/596/654 415/597/655 422/598/656 438/599/657 445/600/658 413/601/659 446/602/660 418/603/661 420/604/662 426/605/663 428/606/664 431/607/665 448/608/666 451/609/667 455/610/668 456/611/669 458/612/670 463/613/671 465/614/672 467/615/673 471/616/674 475/617/675 478/618/676 480/619/677 483/620/678 484/621/679 482/622/680 479/623/681 477/624/682 481/625/683 476/626/684 469/387/685 472/473/686 377/627/687 382/628/688
f 27/1/689 107/629/690 1/630/691 4/2/692
f 107/631/693 108/632/694 2/633/695 1/634/696
f 108/632/697 111/635/698 6/636/699 2/633/700
f 111/635/701 119/637/702 8/638/703 6/636/704
f 119/637/705 131/639/706 13/640/707 8/638/708
f 140/641/709 62/8/710 12/7/711 16/642/712
f 131/639/713 146/643/714 15/644/715 13/640/716
f 162/645/717 140/641/718 16/642/719 18/646/720
f 146/643/721 164/647/722 20/648/723 15/644/724
f 200/649/725 162/645/726 18/646/727 25/650/728
f 164/647/729 199/651/730 23/652/731 20/648/732
f 118/653/733 80/654/734 3/655/735 9/656/736
f 130/657/737 118/653/738 9/656/739 14/658/740
f 145/659/741 130/657/742 14/658/743 22/660/744
f 215/661/745 200/649/746 25/650/747 32/662/748
f 199/663/749 211/664/750 30/665/751 23/666/752
f 163/667/753 145/659/754 22/660/755 21/668/756
f 204/669/757 163/667/758 21/668/759 24/670/760
f 198/671/761 204/669/762 24/670/763 28/672/764
f 210/673/765 198/674/766 28/675/767 31/676/768
f 233/677/769 215/661/770 32/662/771 37/678/772
f 58/17/773 201/679/774 26/680/775 19/18/776
f 211/664/777 218/681/778 35/682/779 30/665/780
f 223/683/781 210/673/782 31/676/783 36/684/784
f 227/685/785 223/683/786 36/684/787 40/686/788
f 201/679/789 216/687/790 33/688/791 26/680/792
f 241/689/793 227/685/794 40/686/795 41/690/796
f 248/691/797 233/677/798 37/678/799 42/692/800
f 218/681/801 240/693/802 39/694/803 35/682/804
f 256/695/805 241/689/806 41/690/807 45/696/808
f 268/697/809 256/695/810 45/696/811 49/698/812
f 216/687/813 234/699/814 38/700/815 33/688/816
f 265/701/817 248/691/818 42/692/819 46/702/820
f 272/703/821 268/697/822 49/698/823 52/704/824
f 240/693/825 257/705/826 44/706/827 39/694/828
f 234/699/829 249/707/830 43/708/831 38/700/832
f 277/709/833 265/701/834 46/702/835 54/710/836
f 293/711/837 272/703/838 52/704/839 64/712/840
f 249/707/841 266/713/842 47/714/843 43/708/844
f 289/715/845 277/709/846 54/710/847 61/716/848
f 257/705/849 269/717/850 48/718/851 44/706/852
f 266/713/853 280/719/854 56/720/855 47/714/856
f 280/719/857 283/721/858 57/722/859 56/720/860
f 297/723/861 289/715/862 61/716/863 65/724/864
f 283/721/865 221/22/866 59/21/867 57/722/868
f 315/725/869 293/711/870 64/712/871 68/726/872
f 152/25/873 297/723/874 65/724/875 66/26/876
f 337/727/877 338/728/878 72/729/879 71/730/880
f 339/731/881 337/727/882 71/730/883 74/732/884
f 338/733/885 340/734/886 76/735/887 72/736/888
f 341/737/889 339/731/890 74/732/891 78/738/892
f 340/734/893 345/739/894 83/740/895 76/735/896
f 343/741/897 341/737/898 78/738/899 81/742/900
f 269/717/901 294/743/902 63/744/903 48/718/904
f 345/739/905 350/745/906 88/746/907 83/740/908
f 351/747/909 343/741/910 81/742/911 91/748/912
f 348/749/913 315/725/914 68/726/915 87/750/916
f 350/745/917 356/751/918 95/752/919 88/746/920
f 321/753/921 260/28/922 67/27/923 69/754/924
f 353/755/925 348/749/926 87/750/927 94/756/928
f 357/757/929 351/747/930 91/748/931 97/758/932
f 356/751/933 362/759/934 102/760/935 95/752/936
f 336/761/937 321/762/938 69/763/939 70/764/940
f 360/765/941 353/755/942 94/756/943 101/766/944
f 362/759/945 368/767/946 114/768/947 102/760/948
f 365/769/949 357/757/950 97/758/951 109/770/952
f 294/743/953 290/34/954 86/33/955 63/744/956
f 346/771/957 336/761/958 70/764/959 85/772/960
f 368/767/961 373/773/962 123/774/963 114/768/964
f 363/775/965 360/765/966 101/766/967 106/776/968
f 375/777/969 374/778/970 125/779/971 127/780/972
f 369/781/973 365/769/974 109/770/975 120/782/976
f 373/773/977 388/783/978 137/784/979 123/774/980
f 208/785/981 346/771/982 85/772/983 90/786/984
f 366/787/985 363/775/986 106/776/987 113/788/988
f 386/789/989 375/777/990 127/780/991 136/790/992
f 378/791/993 369/781/994 120/782/995 129/792/996
f 389/793/997 386/789/998 136/790/999 139/794/1000
f 372/795/1001 366/787/1002 113/788/1003 122/796/1004
f 388/783/1005 395/797/1006 149/798/1007 137/784/1008
f 385/799/1009 378/791/1010 129/792/1011 134/800/1012
f 82/801/1013 79/46/1014 226/45/1015 344/802/1016
f 222/35/1017 364/803/1018 105/804/1019 100/36/1020
f 396/805/1021 389/793/1022 139/794/1023 148/806/1024
f 92/55/1025 82/801/1026 344/802/1027 306/56/1028
f 391/807/1029 385/799/1030 134/800/1031 142/808/1032
f 364/803/1033 370/809/1034 121/810/1035 105/804/1036
f 400/811/1037 396/805/1038 148/806/1039 155/812/1040
f 395/797/1041 403/813/1042 157/814/1043 149/798/1044
f 384/815/1045 372/795/1046 122/796/1047 133/816/1048
f 398/817/1049 391/807/1050 142/808/1051 151/818/1052
f 370/809/1053 394/819/1054 143/820/1055 121/810/1056
f 374/821/1057 376/822/1058 126/823/1059 125/824/1060
f 405/825/1061 400/811/1062 155/812/1063 159/826/1064
f 104/57/1065 96/62/1066 247/61/1067 311/58/1068
f 394/827/1069 414/828/1070 171/829/1071 143/830/1072
f 251/67/1073 398/817/1074 151/818/1075 153/68/1076
f 403/813/1077 410/831/1078 167/832/1079 157/814/1080
f 411/833/1081 405/825/1082 159/826/1083 170/834/1084
f 414/828/1085 419/835/1086 176/836/1087 171/829/1088
f 393/837/1089 384/815/1090 133/816/1091 144/838/1092
f 419/835/1093 421/839/1094 178/840/1095 176/836/1096
f 416/841/1097 411/833/1098 170/834/1099 175/842/1100
f 421/839/1101 427/843/1102 183/844/1103 178/840/1104
f 410/831/1105 425/845/1106 181/846/1107 167/832/1108
f 427/843/1109 429/847/1110 192/848/1111 183/844/1112
f 128/849/1113 110/66/1114 250/65/1115 379/850/1116
f 429/847/1117 430/851/1118 185/852/1119 192/848/1120
f 430/853/1121 432/854/1122 186/855/1123 185/856/1124
f 434/857/1125 416/841/1126 175/842/1127 190/858/1128
f 432/854/1129 433/859/1130 188/860/1131 186/855/1132
f 433/859/1133 436/861/1134 191/862/1135 188/860/1136
f 436/861/1137 323/74/1138 166/73/1139 191/862/1140
f 402/863/1141 393/837/1142 144/838/1143 156/864/1144
f 439/865/1145 434/857/1146 190/858/1147 197/866/1148
f 132/71/1149 115/867/1150 367/868/1151 324/72/1152
f 425/845/1153 443/869/1154 205/870/1155 181/846/1156
f 141/871/1157 128/849/1158 379/850/1159 392/872/1160
f 441/873/1161 439/865/1162 197/866/1163 203/874/1164
f 443/875/1165 441/873/1166 203/874/1167 205/876/1168
f 408/877/1169 402/863/1170 156/864/1171 165/878/1172
f 115/867/1173 124/76/1174 273/75/1175 367/868/1176
f 376/879/1177 387/880/1178 135/881/1179 126/882/1180
f 160/883/1181 141/871/1182 392/872/1183 407/884/1184
f 415/885/1185 408/886/1186 165/887/1187 173/888/1188
f 387/880/1189 397/889/1190 147/890/1191 135/881/1192
f 194/891/1193 160/883/1194 407/884/1195 437/892/1196
f 422/893/1197 415/885/1198 173/888/1199 180/894/1200
f 397/889/1201 401/895/1202 154/896/1203 147/890/1204
f 212/83/1205 194/891/1206 437/892/1207 359/84/1208
f 401/895/1209 406/897/1210 158/898/1211 154/896/1212
f 438/899/1213 422/893/1214 180/894/1215 195/900/1216
f 150/79/1217 168/901/1218 409/902/1219 354/80/1220
f 406/897/1221 412/903/1222 169/904/1223 158/898/1224
f 445/905/1225 438/899/1226 195/900/1227 207/906/1228
f 412/903/1229 417/907/1230 174/908/1231 169/904/1232
f 168/901/1233 182/909/1234 424/910/1235 409/902/1236
f 417/907/1237 435/911/1238 189/912/1239 174/908/1240
f 435/911/1241 440/913/1242 196/914/1243 189/912/1244
f 440/913/1245 442/915/1246 202/916/1247 196/914/1248
f 431/917/1249 428/918/1250 193/919/1251 187/920/1252
f 413/921/1253 445/905/1254 207/906/1255 172/922/1256
f 428/918/1257 426/923/1258 184/924/1259 193/919/1260
f 182/909/1261 206/92/1262 299/91/1263 424/910/1264
f 446/925/1265 413/921/1266 172/922/1267 209/926/1268
f 426/923/1269 420/927/1270 179/928/1271 184/924/1272
f 418/929/1273 446/925/1274 209/926/1275 177/930/1276
f 420/927/1277 418/929/1278 177/930/1279 179/928/1280
f 442/931/1281 450/932/1282 230/933/1283 202/934/1284
f 448/935/1285 431/917/1286 187/920/1287 219/936/1288
f 245/187/1289 235/88/1290 298/87/1291 381/188/1292
f 450/937/1293 454/938/1294 242/939/1295 230/940/1296
f 451/941/1297 448/935/1298 219/936/1299 236/942/1300
f 261/347/1301 253/186/1302 310/185/1303 399/348/1304
f 231/943/1305 243/350/1306 322/349/1307 390/944/1308
f 454/938/1309 457/945/1310 255/946/1311 242/939/1312
f 455/947/1313 451/941/1314 236/942/1315 246/948/1316
f 274/949/1317 267/346/1318 318/345/1319 462/950/1320
f 252/351/1321 264/951/1322 460/952/1323 404/352/1324
f 457/945/1325 459/953/1326 263/954/1327 255/946/1328
f 281/355/1329 274/949/1330 462/950/1331 423/356/1332
f 264/951/1333 271/358/1334 349/357/1335 460/952/1336
f 456/955/1337 455/947/1338 246/948/1339 254/956/1340
f 459/953/1341 461/957/1342 270/958/1343 263/954/1344
f 279/359/1345 285/366/1346 358/365/1347 444/360/1348
f 458/959/1349 456/955/1350 254/956/1351 262/960/1352
f 461/957/1353 464/961/1354 278/962/1355 270/958/1356
f 308/963/1357 303/370/1358 361/369/1359 473/964/1360
f 291/367/1361 300/965/1362 468/966/1363 447/368/1364
f 313/967/1365 308/963/1366 473/964/1367 474/968/1368
f 463/969/1369 458/959/1370 262/960/1371 275/970/1372
f 300/965/1373 302/971/1374 470/972/1375 468/966/1376
f 464/961/1377 466/973/1378 286/974/1379 278/962/1380
f 316/373/1381 313/967/1382 474/968/1383 449/374/1384
f 302/971/1385 307/975/1386 472/976/1387 470/972/1388
f 307/975/1389 309/376/1390 377/375/1391 472/976/1392
f 327/381/1393 319/372/1394 371/371/1395 452/382/1396
f 333/977/1397 329/380/1398 380/379/1399 453/978/1400
f 465/979/1401 463/969/1402 275/970/1403 282/980/1404
f 466/973/1405 469/981/1406 301/982/1407 286/974/1408
f 467/983/1409 465/979/1410 282/980/1411 296/984/1412
f 469/981/1413 476/985/1414 317/986/1415 301/982/1416
f 471/987/1417 467/983/1418 296/984/1419 304/988/1420
f 476/985/1421 481/989/1422 330/990/1423 317/986/1424
f 475/991/1425 471/987/1426 304/988/1427 314/992/1428
f 481/989/1429 477/993/1430 342/994/1431 330/990/1432
f 478/995/1433 475/991/1434 314/992/1435 320/996/1436
f 477/993/1437 479/997/1438 325/998/1439 342/994/1440
f 480/999/1441 478/995/1442 320/996/1443 328/1000/1444
f 479/997/1445 482/1001/1446 331/1002/1447 325/998/1448
f 483/1003/1449 480/999/1450 328/1000/1451 334/1004/1452
f 482/1001/1453 484/1005/1454 335/1006/1455 331/1002/1456
f 484/1005/1457 483/1007/1458 334/1008/1459 335/1006/1460
g default
v 48.140049 -5.231769 3.528074
v 48.662079 -5.555822 3.614904
v 48.140049 -4.965253 4.522719
v 49.257481 -5.724694 3.660153
v 48.662079 -5.289310 4.609552
v 49.878017 -5.724694 3.660153
v 49.257481 -5.458179 4.654800
v 49.878017 -5.458180 4.654801
v 50.473419 -5.555822 3.614904
v 50.995449 -5.231770 3.528074
v 50.473419 -5.289310 4.609552
v 47.733685 -4.512262 4.401343
v 51.747906 -3.373742 4.096275
v 47.475903 -3.967035 4.255250
v 47.387592 -3.373742 4.096277
v 47.475903 -2.780449 3.937305
v 50.995449 -4.965255 4.522722
v 47.733685 -2.235221 3.791210
v 48.140049 -1.782230 3.669832
v 48.662079 -1.458175 3.583003
v 51.401814 -4.512263 4.401343
v 49.257481 -1.289307 3.537755
v 51.659595 -3.967035 4.255250
v 49.878017 -1.289307 3.537755
v 50.473419 -1.458176 3.583003
v 50.995449 -1.782232 3.669833
v 51.659595 -2.780452 3.937306
v 51.401817 -2.235223 3.791211
v 47.733685 -4.778778 3.406695
v 47.475903 -4.233551 3.260602
v 47.387592 -3.640257 3.101629
v 47.475903 -3.046965 2.942657
v 47.733685 -2.501737 2.796564
v 48.140049 -2.048746 2.675185
v 48.662079 -1.724690 2.588355
v 51.401814 -4.778779 3.406695
v 49.257481 -1.555822 2.543107
v 51.659595 -4.233551 3.260602
v 49.878017 -1.555822 2.543107
v 51.747906 -3.640258 3.101629
v 50.473419 -1.724691 2.588355
v 51.659595 -3.046967 2.942658
v 50.995449 -2.048748 2.675185
v 51.401817 -2.501739 2.796564
vt 0.329319 0.540126
vt 0.181731 0.540126
vt 0.181731 0.501960
vt 0.329319 0.501960
vt 0.149543 0.918011
vt 0.001956 0.918011
vt 0.001956 0.850275
vt 0.149543 0.850275
vt 0.001956 0.779680
vt 0.149543 0.779680
vt 0.482930 0.953181
vt 0.335343 0.953181
vt 0.335343 0.915015
vt 0.482930 0.915015
vt 0.734454 0.501960
vt 0.804330 0.512006
vt 0.868546 0.541332
vt 0.921898 0.587562
vt 0.960065 0.646951
vt 0.979954 0.714686
vt 0.979954 0.785281
vt 0.960065 0.853017
vt 0.921898 0.912405
vt 0.868546 0.958635
vt 0.804331 0.987961
vt 0.734454 0.998008
vt 0.664577 0.987961
vt 0.600362 0.958635
vt 0.547010 0.912405
vt 0.508843 0.853017
vt 0.488954 0.785281
vt 0.488954 0.714686
vt 0.508843 0.646951
vt 0.547010 0.587563
vt 0.600362 0.541333
vt 0.664577 0.512006
vt 0.181731 0.593478
vt 0.329319 0.593478
vt 0.181731 0.657694
vt 0.329319 0.657694
vt 0.181731 0.727570
vt 0.329319 0.727570
vt 0.181731 0.797447
vt 0.329319 0.797447
vt 0.181731 0.861663
vt 0.329319 0.861663
vt 0.001956 0.711945
vt 0.149543 0.711945
vt 0.181731 0.915015
vt 0.329319 0.915015
vt 0.181731 0.953181
vt 0.329319 0.953181
vt 0.335343 0.861662
vt 0.482930 0.861662
vt 0.175707 0.640290
vt 0.175707 0.708025
vt 0.028120 0.708025
vt 0.028120 0.640290
vt 0.335343 0.797447
vt 0.482930 0.797447
vt 0.175707 0.569695
vt 0.028120 0.569695
vt 0.335343 0.727570
vt 0.482930 0.727570
vt 0.175707 0.501960
vt 0.028120 0.501960
vt 0.335343 0.657694
vt 0.482930 0.657694
vt 0.335343 0.540126
vt 0.335343 0.501960
vt 0.482930 0.501960
vt 0.482930 0.540126
vt 0.335343 0.593478
vt 0.482930 0.593478
vt 0.177579 0.012039
vt 0.247456 0.001992
vt 0.317332 0.012039
vt 0.381548 0.041365
vt 0.434900 0.087595
vt 0.473066 0.146983
vt 0.492955 0.214719
vt 0.492955 0.285314
vt 0.473066 0.353049
vt 0.434900 0.412438
vt 0.381548 0.458667
vt 0.317332 0.487994
vt 0.247456 0.498040
vt 0.177579 0.487994
vt 0.113364 0.458667
vt 0.060011 0.412437
vt 0.021845 0.353049
vt 0.001956 0.285314
vt 0.001956 0.214719
vt 0.021845 0.146983
vt 0.060012 0.087595
vt 0.113364 0.041365
vn -0.654861 -0.729998 0.195603
vn -0.654861 -0.729998 0.195603
vn -0.415414 -0.878638 0.235429
vn -0.415414 -0.878638 0.235429
vn -0.142317 -0.956094 0.256184
vn -0.142317 -0.956094 0.256183
vn 0.142317 -0.956094 0.256184
vn 0.142317 -0.956094 0.256184
vn 0.415414 -0.878638 0.235428
vn 0.415414 -0.878638 0.235428
vn 0.654862 -0.729997 0.195603
vn 0.654862 -0.729997 0.195603
vn -0.000000 0.258819 0.965926
vn -0.000000 0.258819 0.965926
vn -0.000000 0.258819 0.965926
vn -0.000000 0.258819 0.965926
vn -0.000000 0.258819 0.965926
vn -0.000000 0.258819 0.965926
vn -0.000000 0.258819 0.965926
vn -0.000000 0.258819 0.965926
vn -0.000000 0.258819 0.965926
vn -0.000000 0.258819 0.965926
vn -0.000000 0.258819 0.965926
vn -0.000000 0.258819 0.965926
vn -0.000000 0.258819 0.965926
vn -0.000000 0.258819 0.965926
vn -0.000000 0.258819 0.965926
vn -0.000000 0.258819 0.965926
vn -0.000000 0.258819 0.965926
vn -0.000000 0.258819 0.965926
vn -0.000000 0.258819 0.965926
vn -0.000000 0.258819 0.965926
vn -0.000000 0.258819 0.965926
vn -0.000000 0.258819 0.965926
vn -0.841254 -0.522219 0.139928
vn -0.841254 -0.522219 0.139928
vn -0.959493 -0.272134 0.072918
vn -0.959493 -0.272134 0.072918
vn -1.000000 -0.000000 -0.000000
vn -1.000000 -0.000000 -0.000000
vn -0.959493 0.272131 -0.072918
vn -0.959493 0.272131 -0.072918
vn -0.841255 0.522216 -0.139929
vn -0.841255 0.522216 -0.139929
vn -0.654861 0.729998 -0.195603
vn -0.654861 0.729998 -0.195603
vn -0.415412 0.878638 -0.235430
vn -0.415412 0.878638 -0.235430
vn 0.841255 -0.522216 0.139929
vn 0.841255 -0.522216 0.139929
vn -0.142314 0.956094 -0.256185
vn -0.142314 0.956094 -0.256185
vn 0.959493 -0.272134 0.072918
vn 0.959493 -0.272134 0.072918
vn 0.142315 0.956094 -0.256185
vn 0.142315 0.956094 -0.256185
vn 1.000000 -0.000000 0.000000
vn 1.000000 0.000000 -0.000000
vn 0.415415 0.878637 -0.235430
vn 0.415415 0.878637 -0.235430
vn 0.959494 0.272129 -0.072917
vn 0.959494 0.272129 -0.072917
vn 0.654860 0.729999 -0.195603
vn 0.654860 0.729999 -0.195603
vn 0.841254 0.522218 -0.139928
vn 0.841254 0.522218 -0.139928
vn -0.000000 -0.258819 -0.965926
vn -0.000000 -0.258819 -0.965926
vn -0.000000 -0.258819 -0.965926
vn -0.000000 -0.258819 -0.965926
vn -0.000000 -0.258819 -0.965926
vn -0.000000 -0.258819 -0.965926
vn -0.000000 -0.258819 -0.965926
vn -0.000000 -0.258819 -0.965926
vn -0.000000 -0.258819 -0.965926
vn -0.000000 -0.258819 -0.965926
vn -0.000000 -0.258819 -0.965926
vn -0.000000 -0.258819 -0.965926
vn -0.000000 -0.258819 -0.965926
vn -0.000000 -0.258819 -0.965926
vn -0.000000 -0.258819 -0.965926
vn -0.000000 -0.258819 -0.965926
vn -0.000000 -0.258819 -0.965926
vn -0.000000 -0.258819 -0.965926
vn -0.000000 -0.258819 -0.965926
vn -0.000000 -0.258819 -0.965926
vn -0.000000 -0.258819 -0.965926
vn -0.000000 -0.258819 -0.965926
s 1
g polySurface20 polySurface28
usemtl initialShadingGroup
f 487/1009/1461 485/1010/1462 486/1011/1463 489/1012/1464
f 489/1013/1464 486/1014/1463 488/1015/1465 491/1016/1466
f 491/1016/1466 488/1015/1465 490/1017/1467 492/1018/1468
f 495/1019/1469 493/1020/1470 494/1021/1471 501/1022/1472
s off
f 497/1023/1473 511/1024/1474 512/1025/1475 510/1026/1476 509/1027/1477 508/1028/1478 506/1029/1479 504/1030/1480 503/1031/1481 502/1032/1482 500/1033/1483 499/1034/1484 498/1035/1485 496/1036/1486 487/1037/1487 489/1038/1488 491/1039/1489 492/1040/1490 495/1041/1491 501/1042/1492 505/1043/1493 507/1044/1494
s 1
f 513/1045/1495 485/1010/1462 487/1009/1461 496/1046/1496
f 514/1047/1497 513/1045/1495 496/1046/1496 498/1048/1498
f 515/1049/1499 514/1047/1497 498/1048/1498 499/1050/1500
f 516/1051/1501 515/1049/1499 499/1050/1500 500/1052/1502
f 517/1053/1503 516/1051/1501 500/1052/1502 502/1054/1504
f 490/1017/1467 493/1055/1470 495/1056/1469 492/1018/1468
f 518/1057/1505 517/1053/1503 502/1054/1504 503/1058/1506
f 519/1059/1507 518/1057/1505 503/1058/1506 504/1060/1508
f 494/1021/1471 520/1061/1509 505/1062/1510 501/1022/1472
f 521/1063/1511 519/1064/1507 504/1065/1508 506/1066/1512
f 520/1061/1509 522/1067/1513 507/1068/1514 505/1062/1510
f 523/1069/1515 521/1063/1511 506/1066/1512 508/1070/1516
f 522/1067/1513 524/1071/1517 497/1072/1518 507/1068/1514
f 525/1073/1519 523/1069/1515 508/1070/1516 509/1074/1520
f 524/1071/1517 526/1075/1521 511/1076/1522 497/1072/1518
f 527/1077/1523 525/1078/1519 509/1079/1520 510/1080/1524
f 526/1075/1521 528/1081/1525 512/1082/1526 511/1076/1522
f 528/1081/1525 527/1077/1523 510/1080/1524 512/1082/1526
s off
f 526/1083/1527 524/1084/1528 522/1085/1529 520/1086/1530 494/1087/1531 493/1088/1532 490/1089/1533 488/1090/1534 486/1091/1535 485/1092/1536 513/1093/1537 514/1094/1538 515/1095/1539 516/1096/1540 517/1097/1541 518/1098/1542 519/1099/1543 521/1100/1544 523/1101/1545 525/1102/1546 527/1103/1547 528/1104/1548
g default
v 49.658607 -1.207336 -0.874970
v 49.643852 -1.188311 -0.880067
v 49.748833 -1.140736 -0.892814
v 49.675728 -1.224064 -0.870487
v 49.757462 -1.152118 -0.889765
v 49.632050 -1.166185 -0.885995
v 49.742813 -1.127602 -0.896333
v 49.695351 -1.238383 -0.866651
v 49.623764 -1.141755 -0.892541
v 49.717583 -1.250185 -0.863488
v 49.768562 -1.161312 -0.887301
v 49.618874 -1.114927 -0.899730
v 49.739281 -1.112715 -0.900323
v 49.741562 -1.260727 -0.860663
v 49.781937 -1.167879 -0.885542
v 49.617264 -1.085572 -0.907595
v 49.738129 -1.096083 -0.904780
v 49.768036 -1.267986 -0.858718
v 49.618187 -1.063466 -0.913519
v 49.739029 -1.080758 -0.908886
v 49.796776 -1.272183 -0.857593
v 49.797577 -1.171818 -0.884486
v 49.621040 -1.042673 -0.919090
v 49.625931 -1.023188 -0.924311
v 49.741745 -1.066314 -0.912755
v 49.827560 -1.273530 -0.857233
v 49.815475 -1.173130 -0.884135
v 49.632973 -1.005023 -0.929178
v 49.746277 -1.052742 -0.916393
v 49.641586 -0.988132 -0.933704
v 49.871719 -1.270031 -0.858170
v 49.838387 -1.171124 -0.884672
v 49.651108 -0.972335 -0.937937
v 49.752625 -1.040042 -0.919796
v 49.661530 -0.957412 -0.941936
v 49.761009 -1.027588 -0.923132
v 49.858231 -1.164960 -0.886324
v 49.911560 -1.259522 -0.860986
v 49.672859 -0.943149 -0.945758
v 49.685059 -0.929540 -0.949404
v 49.771660 -1.014796 -0.926560
v 49.875130 -1.154416 -0.889149
v 49.946877 -1.242007 -0.865679
v 49.697937 -0.916593 -0.952873
v 49.784576 -1.001795 -0.930043
v 49.889198 -1.139277 -0.893205
v 49.711273 -0.904076 -0.956227
v 49.799767 -0.988677 -0.933559
v 49.977432 -1.217494 -0.872247
v 49.724831 -0.891779 -0.959522
v 49.900284 -1.120270 -0.898299
v 50.002563 -1.187287 -0.880341
v 49.797577 -1.073587 -0.517882
v 49.909897 -1.096665 -0.904623
v 50.021698 -1.152701 -0.889609
v 49.930290 -0.882439 -0.962024
v 49.634178 -0.719000 -1.005818
v 49.640297 -0.681113 -1.015970
v 49.734955 -0.717980 -1.006091
v 49.917923 -1.068683 -0.912121
v 50.034706 -1.113740 -0.900048
v 49.728455 -0.752858 -0.996746
v 49.731422 -0.734925 -1.001551
v 49.651405 -0.646183 -1.025329
v 49.739159 -0.702127 -1.010339
v 49.924248 -1.036546 -0.920732
v 50.041489 -1.070401 -0.911661
v 49.744171 -0.687480 -1.014264
v 49.858986 -0.775040 -0.990803
v 49.667496 -0.614100 -1.033926
v 49.750061 -0.674330 -1.017788
v 49.781937 -1.069648 -0.518938
v 49.756859 -0.662815 -1.020873
v 49.688576 -0.584743 -1.041792
v 49.764565 -0.652841 -1.023546
v 49.715561 -0.560229 -1.048361
v 49.658607 -1.109105 -0.508366
v 49.748833 -1.042505 -0.526211
v 49.643852 -1.090080 -0.513463
v 49.675728 -1.125833 -0.503883
v 49.757462 -1.053887 -0.523161
v 49.742813 -1.029371 -0.529730
v 49.632050 -1.067954 -0.519392
v 49.695351 -1.140152 -0.500046
v 49.623764 -1.043524 -0.525938
v 49.949348 -0.866042 -0.966419
v 49.773170 -0.644289 -1.025837
v 49.717583 -1.151954 -0.496884
v 49.768562 -1.063081 -0.520698
v 49.739281 -1.014484 -0.533719
v 49.618874 -1.016695 -0.533127
v 49.741562 -1.162496 -0.494059
v 49.868271 -0.766282 -0.993150
v 49.966698 -0.848441 -0.971134
v 49.738129 -0.997852 -0.538176
v 49.617264 -0.987341 -0.540992
v 49.747643 -0.542719 -1.053053
v 49.783112 -0.637483 -1.027661
v 49.876205 -0.757527 -0.995495
v 49.768036 -1.169755 -0.492114
v 49.739029 -0.982527 -0.542282
v 49.618187 -0.965235 -0.546915
v 49.882774 -0.748768 -0.997842
v 49.982475 -0.829744 -0.976144
v 49.796776 -1.173952 -0.490990
v 49.621040 -0.944442 -0.552487
v 49.784935 -0.532211 -1.055868
v 49.794624 -0.632760 -1.028926
v 49.807503 -0.630003 -1.029665
v 49.887993 -0.740014 -1.000188
v 49.996765 -0.810060 -0.981419
v 49.741745 -0.968083 -0.546152
v 49.625931 -0.924957 -0.557708
v 49.827560 -1.175299 -0.490629
v 49.815475 -1.074899 -0.517531
v 49.746277 -0.954512 -0.549788
v 49.632973 -0.906791 -0.562575
v 49.827560 -0.528711 -1.056806
v 49.821518 -0.629107 -1.029905
v 49.891861 -0.730566 -1.002719
v 50.016861 -0.764241 -0.993696
v 49.837837 -0.630441 -1.029548
v 50.008575 -0.788571 -0.987177
v 49.641586 -0.889901 -0.567101
v 49.894493 -0.721336 -1.005192
v 50.021751 -0.736845 -1.001037
v 49.871719 -1.171800 -0.491566
v 49.838387 -1.072893 -0.518068
v 49.752625 -0.941811 -0.553192
v 49.651108 -0.874104 -0.571334
v 49.895981 -0.712106 -1.007665
v 50.023361 -0.706159 -1.009259
v 49.882553 -0.533964 -1.055398
v 49.852341 -0.634505 -1.028459
v 49.896454 -0.702654 -1.010199
v 49.855850 -0.530022 -1.056454
v 49.907440 -0.540531 -1.053639
v 49.865028 -0.641422 -1.026606
v 49.895111 -0.688229 -1.014063
v 50.021790 -0.678542 -1.016659
v 49.761009 -0.929357 -0.556529
v 49.661530 -0.859181 -0.575332
v 49.875908 -0.651290 -1.023961
v 49.930290 -0.549725 -1.051175
v 49.858231 -1.066729 -0.519720
v 49.891167 -0.674787 -1.017665
v 50.017159 -0.653335 -1.023414
v 49.911560 -1.161291 -0.494382
v 49.672859 -0.844918 -0.579154
v 49.884720 -0.662436 -1.020975
v 49.970177 -0.574677 -1.044489
v 49.999184 -0.609261 -1.035223
v 49.771660 -0.916566 -0.559956
v 49.685059 -0.831310 -0.582801
v 49.875130 -1.056185 -0.522546
v 49.946877 -1.143776 -0.499075
v 49.951599 -0.560829 -1.048200
v 49.784576 -0.903564 -0.563440
v 49.697937 -0.818362 -0.586270
v 50.009590 -0.630312 -1.029583
v 49.986038 -0.590931 -1.040134
v 49.889198 -1.041046 -0.526602
v 49.711273 -0.805845 -0.589624
v 49.799767 -0.890446 -0.566955
v 49.977432 -1.119263 -0.505644
v 49.724831 -0.793549 -0.592918
v 49.900284 -1.022038 -0.531695
v 50.002563 -1.089056 -0.513737
v 49.909897 -0.998434 -0.538020
v 50.021698 -1.054470 -0.523005
v 49.930290 -0.784208 -0.595421
v 49.634178 -0.620769 -0.639215
v 49.731422 -0.636694 -0.634948
v 49.640297 -0.582882 -0.649367
v 49.917923 -0.970452 -0.545517
v 50.034706 -1.015509 -0.533445
v 49.728455 -0.654628 -0.630142
v 49.734955 -0.619749 -0.639488
v 49.739159 -0.603896 -0.643736
v 49.651405 -0.547952 -0.658726
v 49.924248 -0.938314 -0.554129
v 50.041489 -0.972169 -0.545058
v 49.744171 -0.589249 -0.647660
v 49.667496 -0.515869 -0.667322
v 49.858986 -0.676809 -0.624199
v 49.750061 -0.576099 -0.651184
v 49.756859 -0.564585 -0.654269
v 49.688576 -0.486512 -0.675189
v 49.764565 -0.554610 -0.656942
v 49.715561 -0.461998 -0.681758
v 49.949348 -0.767811 -0.599815
v 49.773170 -0.546058 -0.659233
v 49.966698 -0.750210 -0.604531
v 49.868271 -0.668051 -0.626546
v 49.747643 -0.444489 -0.686449
v 49.783112 -0.539252 -0.661057
v 49.982475 -0.731513 -0.609541
v 49.876205 -0.659296 -0.628891
v 49.794624 -0.534528 -0.662323
v 49.784935 -0.433980 -0.689265
v 49.996765 -0.711829 -0.614815
v 49.882774 -0.650537 -0.631239
v 49.807503 -0.531772 -0.663061
v 50.008575 -0.690340 -0.620574
v 49.887993 -0.641783 -0.633584
v 49.821518 -0.530876 -0.663302
v 49.827560 -0.430480 -0.690202
v 50.016861 -0.666010 -0.627092
v 49.891861 -0.632335 -0.636116
v 49.837837 -0.532211 -0.662944
v 49.855850 -0.431791 -0.689851
v 50.021751 -0.638613 -0.634434
v 49.894493 -0.623105 -0.638589
v 50.023361 -0.607928 -0.642655
v 49.895981 -0.613875 -0.641062
v 49.852341 -0.536274 -0.661855
v 49.882553 -0.435733 -0.688795
v 49.896454 -0.604423 -0.643595
v 49.865028 -0.543191 -0.660002
v 49.907440 -0.442300 -0.687035
v 50.021790 -0.580311 -0.650055
v 49.895111 -0.589998 -0.647460
v 49.930290 -0.451494 -0.684572
v 49.875908 -0.553059 -0.657357
v 50.009590 -0.532082 -0.662978
v 49.891167 -0.576555 -0.651062
v 49.884720 -0.564205 -0.654371
v 49.970177 -0.476446 -0.677886
v 49.999184 -0.511030 -0.668619
v 50.017159 -0.555104 -0.656810
v 49.951599 -0.462598 -0.681597
v 49.986038 -0.492700 -0.673531
vt 0.736391 0.946960
vt 0.736391 0.931349
vt 0.737729 0.931349
vt 0.737729 0.946960
vt 0.135234 0.630202
vt 0.135989 0.631189
vt 0.136919 0.632063
vt 0.138006 0.632676
vt 0.139247 0.633036
vt 0.140643 0.633154
vt 0.141842 0.633075
vt 0.142944 0.632831
vt 0.143929 0.632413
vt 0.144780 0.631809
vt 0.145516 0.631052
vt 0.146176 0.630168
vt 0.146757 0.629148
vt 0.147261 0.627983
vt 0.147690 0.626686
vt 0.148050 0.625281
vt 0.148352 0.623780
vt 0.148606 0.622192
vt 0.156673 0.625191
vt 0.156149 0.628547
vt 0.155199 0.631641
vt 0.153822 0.634484
vt 0.152018 0.637084
vt 0.149710 0.639256
vt 0.146965 0.640807
vt 0.143773 0.641738
vt 0.140126 0.642048
vt 0.137705 0.641932
vt 0.135420 0.641582
vt 0.133290 0.641001
vt 0.131335 0.640186
vt 0.129512 0.639203
vt 0.127922 0.637976
vt 0.126565 0.636536
vt 0.125440 0.634912
vt 0.124549 0.633048
vt 0.123901 0.631008
vt 0.123506 0.628775
vt 0.123372 0.626329
vt 0.123509 0.623610
vt 0.123928 0.621183
vt 0.124637 0.619028
vt 0.125647 0.617124
vt 0.126870 0.615380
vt 0.128219 0.613724
vt 0.129704 0.612165
vt 0.131335 0.610712
vt 0.142504 0.601301
vt 0.143804 0.600139
vt 0.144909 0.598987
vt 0.145820 0.597854
vt 0.146538 0.596750
vt 0.147080 0.595626
vt 0.147469 0.594424
vt 0.147701 0.593143
vt 0.147778 0.591786
vt 0.147680 0.590312
vt 0.147378 0.588994
vt 0.146862 0.587830
vt 0.146124 0.586822
vt 0.145174 0.586007
vt 0.144030 0.585426
vt 0.142691 0.585077
vt 0.141160 0.584960
vt 0.139199 0.585138
vt 0.137501 0.585684
vt 0.136055 0.586619
vt 0.134851 0.587960
vt 0.133902 0.589643
vt 0.133080 0.591735
vt 0.132393 0.594214
vt 0.131852 0.597061
vt 0.121820 0.594061
vt 0.122401 0.590222
vt 0.123514 0.586770
vt 0.125151 0.583706
vt 0.127302 0.581030
vt 0.129916 0.578859
vt 0.132938 0.577307
vt 0.136347 0.576376
vt 0.140126 0.576067
vt 0.142760 0.576186
vt 0.145219 0.576557
vt 0.147485 0.577201
vt 0.149537 0.578135
vt 0.151439 0.579181
vt 0.153118 0.580449
vt 0.154583 0.581931
vt 0.155846 0.583616
vt 0.156856 0.585576
vt 0.157565 0.587740
vt 0.157983 0.590117
vt 0.158121 0.592717
vt 0.158041 0.594676
vt 0.157798 0.596518
vt 0.157379 0.598243
vt 0.156776 0.599853
vt 0.156039 0.601349
vt 0.155225 0.602749
vt 0.154333 0.604070
vt 0.153363 0.605335
vt 0.152319 0.606540
vt 0.151217 0.607686
vt 0.150076 0.608795
vt 0.148916 0.609885
vt 0.137436 0.620226
vt 0.136642 0.621002
vt 0.135963 0.621778
vt 0.135401 0.622554
vt 0.134954 0.623329
vt 0.134623 0.624166
vt 0.134398 0.624984
vt 0.134271 0.625802
vt 0.134231 0.626639
vt 0.134345 0.627917
vt 0.134683 0.629107
vt 0.195703 0.636536
vt 0.194346 0.637976
vt 0.192756 0.639203
vt 0.190933 0.640186
vt 0.188978 0.641001
vt 0.186849 0.641582
vt 0.184563 0.641932
vt 0.182142 0.642048
vt 0.178496 0.641738
vt 0.175304 0.640807
vt 0.172559 0.639256
vt 0.170250 0.637084
vt 0.168446 0.634484
vt 0.167070 0.631641
vt 0.166119 0.628547
vt 0.165595 0.625191
vt 0.173662 0.622192
vt 0.173916 0.623780
vt 0.174218 0.625281
vt 0.174578 0.626686
vt 0.175007 0.627983
vt 0.175511 0.629148
vt 0.176093 0.630168
vt 0.176752 0.631052
vt 0.177489 0.631809
vt 0.178339 0.632413
vt 0.179324 0.632831
vt 0.180426 0.633075
vt 0.181625 0.633154
vt 0.183021 0.633036
vt 0.184263 0.632676
vt 0.185349 0.632063
vt 0.186279 0.631189
vt 0.187034 0.630202
vt 0.187585 0.629107
vt 0.187923 0.627917
vt 0.188037 0.626639
vt 0.187997 0.625802
vt 0.187870 0.624984
vt 0.187645 0.624166
vt 0.187314 0.623329
vt 0.186868 0.622554
vt 0.186305 0.621778
vt 0.185626 0.621002
vt 0.184832 0.620226
vt 0.173352 0.609885
vt 0.172192 0.608795
vt 0.171051 0.607686
vt 0.169949 0.606540
vt 0.168905 0.605335
vt 0.167935 0.604070
vt 0.167043 0.602749
vt 0.166229 0.601349
vt 0.165492 0.599853
vt 0.164889 0.598243
vt 0.164471 0.596518
vt 0.164227 0.594676
vt 0.164148 0.592717
vt 0.164285 0.590117
vt 0.164704 0.587740
vt 0.165413 0.585576
vt 0.166423 0.583616
vt 0.167685 0.581931
vt 0.169150 0.580449
vt 0.170830 0.579181
vt 0.172732 0.578135
vt 0.174784 0.577201
vt 0.177049 0.576557
vt 0.179508 0.576186
vt 0.182142 0.576067
vt 0.185921 0.576376
vt 0.189330 0.577307
vt 0.192352 0.578859
vt 0.194966 0.581030
vt 0.197117 0.583706
vt 0.198755 0.586770
vt 0.199868 0.590222
vt 0.200448 0.594061
vt 0.190416 0.597061
vt 0.189875 0.594214
vt 0.189188 0.591735
vt 0.188366 0.589643
vt 0.187417 0.587960
vt 0.186213 0.586619
vt 0.184767 0.585684
vt 0.183069 0.585138
vt 0.181108 0.584960
vt 0.179577 0.585077
vt 0.178238 0.585426
vt 0.177095 0.586007
vt 0.176144 0.586822
vt 0.175406 0.587830
vt 0.174890 0.588994
vt 0.174589 0.590312
vt 0.174490 0.591786
vt 0.174567 0.593143
vt 0.174800 0.594424
vt 0.175188 0.595626
vt 0.175730 0.596750
vt 0.176448 0.597854
vt 0.177359 0.598987
vt 0.178465 0.600139
vt 0.179764 0.601301
vt 0.190933 0.610712
vt 0.192564 0.612165
vt 0.194049 0.613724
vt 0.195398 0.615380
vt 0.196621 0.617124
vt 0.197632 0.619028
vt 0.198341 0.621183
vt 0.198759 0.623610
vt 0.198897 0.626329
vt 0.198762 0.628775
vt 0.198367 0.631008
vt 0.197719 0.633048
vt 0.196828 0.634912
vt 0.626552 0.795613
vt 0.626552 0.796876
vt 0.610941 0.796876
vt 0.610941 0.795613
vt 0.465739 0.669651
vt 0.465739 0.671611
vt 0.450128 0.671611
vt 0.450128 0.669651
vt 0.626552 0.794148
vt 0.610941 0.794148
vt 0.465739 0.673775
vt 0.450128 0.673775
vt 0.626552 0.792469
vt 0.610941 0.792469
vt 0.465739 0.676152
vt 0.450128 0.676152
vt 0.626552 0.790567
vt 0.610941 0.790567
vt 0.626552 0.788515
vt 0.610941 0.788515
vt 0.465739 0.678753
vt 0.450128 0.678753
vt 0.626552 0.786250
vt 0.610941 0.786250
vt 0.465739 0.680711
vt 0.450128 0.680711
vt 0.465739 0.682553
vt 0.450128 0.682553
vt 0.626552 0.783790
vt 0.610941 0.783790
vt 0.465739 0.684279
vt 0.450128 0.684279
vt 0.626552 0.781156
vt 0.610941 0.781156
vt 0.465739 0.685888
vt 0.450128 0.685888
vt 0.465739 0.687384
vt 0.450128 0.687384
vt 0.740562 0.946960
vt 0.739823 0.946960
vt 0.739823 0.931349
vt 0.740562 0.931349
vt 0.427154 0.670815
vt 0.427154 0.669651
vt 0.442765 0.669651
vt 0.442765 0.670815
vt 0.738873 0.946960
vt 0.738873 0.931349
vt 0.626552 0.777378
vt 0.610941 0.777378
vt 0.427154 0.672133
vt 0.442765 0.672133
vt 0.465739 0.688784
vt 0.450128 0.688784
vt 0.427154 0.673607
vt 0.442765 0.673607
vt 0.427154 0.674964
vt 0.442765 0.674964
vt 0.734859 0.946960
vt 0.734859 0.931349
vt 0.465739 0.690106
vt 0.450128 0.690106
vt 0.427154 0.676244
vt 0.442765 0.676244
vt 0.626552 0.773968
vt 0.610941 0.773968
vt 0.427154 0.677446
vt 0.442765 0.677446
vt 0.732899 0.946960
vt 0.732899 0.931349
vt 0.465739 0.691370
vt 0.450128 0.691370
vt 0.427154 0.678571
vt 0.442765 0.678571
vt 0.731201 0.946960
vt 0.731201 0.931349
vt 0.465739 0.692575
vt 0.450128 0.692575
vt 0.427154 0.679675
vt 0.442765 0.679675
vt 0.626552 0.770946
vt 0.610941 0.770946
vt 0.465739 0.693722
vt 0.450128 0.693722
vt 0.729754 0.946960
vt 0.729754 0.931349
vt 0.427154 0.680808
vt 0.442765 0.680808
vt 0.465739 0.694831
vt 0.450128 0.694831
vt 0.427154 0.681960
vt 0.442765 0.681960
vt 0.728551 0.946960
vt 0.728551 0.931349
vt 0.465739 0.695920
vt 0.450128 0.695920
vt 0.626552 0.768332
vt 0.610941 0.768332
vt 0.427154 0.683122
vt 0.442765 0.683122
vt 0.722524 0.946960
vt 0.720841 0.946960
vt 0.720841 0.931349
vt 0.722524 0.931349
vt 0.718749 0.946960
vt 0.718749 0.931349
vt 0.626552 0.766181
vt 0.610941 0.766181
vt 0.716270 0.946960
vt 0.716270 0.931349
vt 0.644204 0.820786
vt 0.640848 0.820786
vt 0.640848 0.805175
vt 0.644204 0.805175
vt 0.658297 0.860492
vt 0.650231 0.860492
vt 0.650231 0.844881
vt 0.658297 0.844881
vt 0.713423 0.946960
vt 0.713423 0.931349
vt 0.769939 0.982397
vt 0.773002 0.982397
vt 0.773002 0.998008
vt 0.769939 0.998008
vt 0.637753 0.820786
vt 0.637753 0.805175
vt 0.427154 0.692533
vt 0.442765 0.692533
vt 0.465739 0.706262
vt 0.450128 0.706262
vt 0.670712 0.844881
vt 0.672301 0.844881
vt 0.672301 0.860492
vt 0.670712 0.860492
vt 0.634911 0.820786
vt 0.634911 0.805175
vt 0.766487 0.982397
vt 0.766487 0.998008
vt 0.669211 0.844881
vt 0.669211 0.860492
vt 0.756621 0.998008
vt 0.746589 0.998008
vt 0.746589 0.982397
vt 0.756621 0.982397
vt 0.667807 0.844881
vt 0.667807 0.860492
vt 0.666509 0.844881
vt 0.666509 0.860492
vt 0.762648 0.982397
vt 0.762648 0.998008
vt 0.695472 0.893077
vt 0.695472 0.894881
vt 0.679861 0.894881
vt 0.679861 0.893077
vt 0.665344 0.844881
vt 0.665344 0.860492
vt 0.664324 0.844881
vt 0.664324 0.860492
vt 0.678988 0.940992
vt 0.678328 0.940992
vt 0.678328 0.925381
vt 0.678988 0.925381
vt 0.695472 0.897190
vt 0.679861 0.897190
vt 0.679724 0.940992
vt 0.679724 0.925381
vt 0.465739 0.707038
vt 0.450128 0.707038
vt 0.427154 0.693986
vt 0.442765 0.693986
vt 0.680574 0.940992
vt 0.680574 0.925381
vt 0.465739 0.707813
vt 0.450128 0.707813
vt 0.681560 0.940992
vt 0.681560 0.925381
vt 0.695472 0.899935
vt 0.679861 0.899935
vt 0.465739 0.708589
vt 0.450128 0.708589
vt 0.427154 0.695545
vt 0.442765 0.695545
vt 0.682662 0.940992
vt 0.682662 0.925381
vt 0.465739 0.709365
vt 0.450128 0.709365
vt 0.465739 0.710202
vt 0.450128 0.710202
vt 0.683861 0.940992
vt 0.683861 0.925381
vt 0.427154 0.697201
vt 0.442765 0.697201
vt 0.465739 0.711019
vt 0.450128 0.711019
vt 0.685257 0.940992
vt 0.685257 0.925381
vt 0.465739 0.711837
vt 0.450128 0.711837
vt 0.695472 0.903127
vt 0.679861 0.903127
vt 0.465739 0.712674
vt 0.450128 0.712674
vt 0.686498 0.940992
vt 0.686498 0.925381
vt 0.465739 0.713952
vt 0.450128 0.713952
vt 0.427154 0.698945
vt 0.442765 0.698945
vt 0.687584 0.940992
vt 0.687584 0.925381
vt 0.465739 0.715143
vt 0.450128 0.715143
vt 0.688515 0.940992
vt 0.688515 0.925381
vt 0.465739 0.716237
vt 0.450128 0.716237
vt 0.689269 0.940992
vt 0.689269 0.925381
vt 0.427154 0.700849
vt 0.442765 0.700849
vt 0.695472 0.906774
vt 0.679861 0.906774
vt 0.427154 0.703004
vt 0.442765 0.703004
vt 0.695472 0.909195
vt 0.679861 0.909195
vt 0.427154 0.705431
vt 0.442765 0.705431
vt 0.695472 0.911480
vt 0.679861 0.911480
vt 0.427154 0.708149
vt 0.442765 0.708149
vt 0.695472 0.913609
vt 0.679861 0.913609
vt 0.427154 0.710596
vt 0.442765 0.710596
vt 0.695472 0.915564
vt 0.679861 0.915564
vt 0.427154 0.712829
vt 0.442765 0.712829
vt 0.695472 0.917388
vt 0.679861 0.917388
vt 0.427154 0.714868
vt 0.442765 0.714868
vt 0.695472 0.918978
vt 0.679861 0.918978
vt 0.427154 0.716733
vt 0.442765 0.716733
vt 0.695472 0.920335
vt 0.679861 0.920335
vt 0.695472 0.921460
vt 0.679861 0.921460
vn 0.160071 0.953471 -0.255482
vn 0.160071 0.953471 -0.255482
vn 0.351123 0.904425 -0.242340
vn 0.351123 0.904425 -0.242340
vn 0.000000 -0.258819 -0.965926
vn 0.000000 -0.258819 -0.965926
vn 0.000000 -0.258819 -0.965926
vn 0.000000 -0.258819 -0.965926
vn 0.000000 -0.258819 -0.965926
vn 0.000000 -0.258819 -0.965926
vn 0.000000 -0.258819 -0.965926
vn 0.000000 -0.258819 -0.965926
vn 0.000000 -0.258819 -0.965926
vn 0.000000 -0.258819 -0.965926
vn 0.000000 -0.258819 -0.965926
vn 0.000000 -0.258819 -0.965926
vn 0.000000 -0.258819 -0.965926
vn 0.000000 -0.258819 -0.965926
vn 0.000000 -0.258819 -0.965926
vn 0.000000 -0.258819 -0.965926
vn 0.000000 -0.258819 -0.965926
vn 0.000000 -0.258819 -0.965926
vn 0.000000 -0.258819 -0.965926
vn 0.000000 -0.258819 -0.965926
vn 0.000000 -0.258819 -0.965926
vn 0.000000 -0.258819 -0.965926
vn 0.000000 -0.258819 -0.965926
vn 0.000000 -0.258819 -0.965926
vn 0.000000 -0.258819 -0.965926
vn 0.000000 -0.258819 -0.965926
vn 0.000000 -0.258819 -0.965926
vn 0.000000 -0.258819 -0.965926
vn 0.000000 -0.258819 -0.965926
vn 0.000000 -0.258819 -0.965926
vn 0.000000 -0.258819 -0.965926
vn 0.000000 -0.258819 -0.965926
vn 0.000000 -0.258819 -0.965926
vn 0.000000 -0.258819 -0.965926
vn 0.000000 -0.258819 -0.965926
vn 0.000000 -0.258819 -0.965926
vn 0.000000 -0.258819 -0.965926
vn 0.000000 -0.258819 -0.965926
vn 0.000000 -0.258819 -0.965926
vn 0.000000 -0.258819 -0.965926
vn 0.000000 -0.258819 -0.965926
vn 0.000000 -0.258819 -0.965926
vn 0.000000 -0.258819 -0.965926
vn 0.000000 -0.258819 -0.965926
vn 0.000000 -0.258819 -0.965926
vn 0.000000 -0.258819 -0.965926
vn 0.000000 -0.258819 -0.965926
vn 0.000000 -0.258819 -0.965926
vn 0.000000 -0.258819 -0.965926
vn 0.000000 -0.258819 -0.965926
vn 0.000000 -0.258819 -0.965926
vn 0.000000 -0.258819 -0.965926
vn 0.000000 -0.258819 -0.965926
vn 0.000000 -0.258819 -0.965926
vn 0.000000 -0.258819 -0.965926
vn 0.000000 -0.258819 -0.965926
vn 0.000000 -0.258819 -0.965926
vn 0.000000 -0.258819 -0.965926
vn 0.000000 -0.258819 -0.965926
vn 0.000000 -0.258819 -0.965926
vn 0.000000 -0.258819 -0.965926
vn 0.000000 -0.258819 -0.965926
vn 0.000000 -0.258819 -0.965926
vn 0.000000 -0.258819 -0.965926
vn 0.000000 -0.258819 -0.965926
vn 0.000000 -0.258819 -0.965926
vn 0.000000 -0.258819 -0.965926
vn 0.000000 -0.258819 -0.965926
vn 0.000000 -0.258819 -0.965926
vn 0.000000 -0.258819 -0.965926
vn 0.000000 -0.258819 -0.965926
vn 0.000000 -0.258819 -0.965926
vn 0.000000 -0.258819 -0.965926
vn 0.000000 -0.258819 -0.965926
vn 0.000000 -0.258819 -0.965926
vn 0.000000 -0.258819 -0.965926
vn 0.000000 -0.258819 -0.965926
vn 0.000000 -0.258819 -0.965926
vn 0.000000 -0.258819 -0.965926
vn 0.000000 -0.258819 -0.965926
vn 0.000000 -0.258819 -0.965926
vn 0.000000 -0.258819 -0.965926
vn 0.000000 -0.258819 -0.965926
vn 0.000000 -0.258819 -0.965926
vn 0.000000 -0.258819 -0.965926
vn 0.000000 -0.258819 -0.965926
vn 0.000000 -0.258819 -0.965926
vn 0.000000 -0.258819 -0.965926
vn 0.000000 -0.258819 -0.965926
vn 0.000000 -0.258819 -0.965926
vn 0.000000 -0.258819 -0.965926
vn 0.000000 -0.258819 -0.965926
vn 0.000000 -0.258819 -0.965926
vn 0.000000 -0.258819 -0.965926
vn 0.000000 -0.258819 -0.965926
vn 0.000000 -0.258819 -0.965926
vn 0.000000 -0.258819 -0.965926
vn 0.000000 -0.258819 -0.965926
vn 0.000000 -0.258819 -0.965926
vn 0.000000 -0.258819 -0.965926
vn 0.000000 -0.258819 -0.965926
vn 0.000000 -0.258819 -0.965926
vn 0.000000 -0.258819 -0.965926
vn 0.000000 -0.258819 -0.965926
vn 0.000000 -0.258819 -0.965926
vn 0.000000 -0.258819 -0.965926
vn 0.000000 -0.258819 -0.965926
vn 0.000000 -0.258819 -0.965926
vn 0.000000 -0.258819 -0.965926
vn 0.000000 -0.258819 -0.965926
vn 0.000000 -0.258819 -0.965926
vn 0.000000 -0.258819 -0.965926
vn 0.000000 -0.258819 -0.965926
vn 0.000000 -0.258819 -0.965926
vn 0.000000 -0.258819 -0.965926
vn 0.000000 -0.258819 -0.965926
vn 0.000000 0.258819 0.965926
vn 0.000000 0.258819 0.965926
vn 0.000000 0.258819 0.965926
vn 0.000000 0.258819 0.965926
vn 0.000000 0.258819 0.965926
vn 0.000000 0.258819 0.965926
vn 0.000000 0.258819 0.965926
vn 0.000000 0.258819 0.965926
vn 0.000000 0.258819 0.965926
vn 0.000000 0.258819 0.965926
vn 0.000000 0.258819 0.965926
vn 0.000000 0.258819 0.965926
vn 0.000000 0.258819 0.965926
vn 0.000000 0.258819 0.965926
vn 0.000000 0.258819 0.965926
vn 0.000000 0.258819 0.965926
vn 0.000000 0.258819 0.965926
vn 0.000000 0.258819 0.965926
vn 0.000000 0.258819 0.965926
vn 0.000000 0.258819 0.965926
vn 0.000000 0.258819 0.965926
vn 0.000000 0.258819 0.965926
vn 0.000000 0.258819 0.965926
vn 0.000000 0.258819 0.965926
vn 0.000000 0.258819 0.965926
vn 0.000000 0.258819 0.965926
vn 0.000000 0.258819 0.965926
vn 0.000000 0.258819 0.965926
vn 0.000000 0.258819 0.965926
vn 0.000000 0.258819 0.965926
vn 0.000000 0.258819 0.965926
vn 0.000000 0.258819 0.965926
vn 0.000000 0.258819 0.965926
vn 0.000000 0.258819 0.965926
vn 0.000000 0.258819 0.965926
vn 0.000000 0.258819 0.965926
vn 0.000000 0.258819 0.965926
vn 0.000000 0.258819 0.965926
vn 0.000000 0.258819 0.965926
vn 0.000000 0.258819 0.965926
vn 0.000000 0.258819 0.965926
vn 0.000000 0.258819 0.965926
vn 0.000000 0.258819 0.965926
vn 0.000000 0.258819 0.965926
vn 0.000000 0.258819 0.965926
vn 0.000000 0.258819 0.965926
vn 0.000000 0.258819 0.965926
vn 0.000000 0.258819 0.965926
vn 0.000000 0.258819 0.965926
vn 0.000000 0.258819 0.965926
vn 0.000000 0.258819 0.965926
vn 0.000000 0.258819 0.965926
vn 0.000000 0.258819 0.965926
vn 0.000000 0.258819 0.965926
vn 0.000000 0.258819 0.965926
vn 0.000000 0.258819 0.965926
vn 0.000000 0.258819 0.965926
vn 0.000000 0.258819 0.965926
vn 0.000000 0.258819 0.965926
vn 0.000000 0.258819 0.965926
vn 0.000000 0.258819 0.965926
vn 0.000000 0.258819 0.965926
vn 0.000000 0.258819 0.965926
vn 0.000000 0.258819 0.965926
vn 0.000000 0.258819 0.965926
vn 0.000000 0.258819 0.965926
vn 0.000000 0.258819 0.965926
vn 0.000000 0.258819 0.965926
vn 0.000000 0.258819 0.965926
vn 0.000000 0.258819 0.965926
vn 0.000000 0.258819 0.965926
vn 0.000000 0.258819 0.965926
vn 0.000000 0.258819 0.965926
vn 0.000000 0.258819 0.965926
vn 0.000000 0.258819 0.965926
vn 0.000000 0.258819 0.965926
vn 0.000000 0.258819 0.965926
vn 0.000000 0.258819 0.965926
vn 0.000000 0.258819 0.965926
vn 0.000000 0.258819 0.965926
vn 0.000000 0.258819 0.965926
vn 0.000000 0.258819 0.965926
vn 0.000000 0.258819 0.965926
vn 0.000000 0.258819 0.965926
vn 0.000000 0.258819 0.965926
vn 0.000000 0.258819 0.965926
vn 0.000000 0.258819 0.965926
vn 0.000000 0.258819 0.965926
vn 0.000000 0.258819 0.965926
vn 0.000000 0.258819 0.965926
vn 0.000000 0.258819 0.965926
vn 0.000000 0.258819 0.965926
vn 0.000000 0.258819 0.965926
vn 0.000000 0.258819 0.965926
vn 0.000000 0.258819 0.965926
vn 0.000000 0.258819 0.965926
vn 0.000000 0.258819 0.965926
vn 0.000000 0.258819 0.965926
vn 0.000000 0.258819 0.965926
vn 0.000000 0.258819 0.965926
vn 0.000000 0.258819 0.965926
vn 0.000000 0.258819 0.965926
vn 0.000000 0.258819 0.965926
vn 0.000000 0.258819 0.965926
vn 0.000000 0.258819 0.965926
vn 0.000000 0.258819 0.965926
vn 0.000000 0.258819 0.965926
vn 0.000000 0.258819 0.965926
vn 0.000000 0.258819 0.965926
vn 0.000000 0.258819 0.965926
vn 0.000000 0.258819 0.965926
vn 0.000000 0.258819 0.965926
vn 0.000000 0.258819 0.965926
vn 0.000000 0.258819 0.965926
vn 0.000000 0.258819 0.965926
vn 0.000000 0.258819 0.965926
vn -0.757727 -0.630336 0.168898
vn -0.848674 -0.510894 0.136894
vn -0.848674 -0.510894 0.136894
vn -0.757727 -0.630336 0.168898
vn -0.848674 -0.510894 0.136894
vn -0.922992 -0.371707 0.099599
vn -0.922992 -0.371707 0.099599
vn -0.848674 -0.510894 0.136894
vn -0.658341 -0.727072 0.194818
vn -0.757727 -0.630336 0.168898
vn -0.757727 -0.630336 0.168898
vn -0.658341 -0.727072 0.194818
vn -0.922992 -0.371707 0.099599
vn -0.970507 -0.232858 0.062394
vn -0.970507 -0.232858 0.062394
vn -0.922992 -0.371707 0.099599
vn -0.542748 -0.811277 0.217381
vn -0.658341 -0.727072 0.194818
vn -0.658341 -0.727072 0.194818
vn -0.542748 -0.811277 0.217381
vn -0.970507 -0.232858 0.062394
vn -0.993820 -0.107218 0.028729
vn -0.993820 -0.107218 0.028729
vn -0.970507 -0.232858 0.062394
vn -0.447652 -0.863739 0.231438
vn -0.542748 -0.811277 0.217381
vn -0.542748 -0.811277 0.217381
vn -0.447652 -0.863739 0.231438
vn -0.343097 -0.907294 0.243109
vn -0.447652 -0.863739 0.231438
vn -0.447652 -0.863739 0.231438
vn -0.343097 -0.907294 0.243109
vn -0.993820 -0.107218 0.028729
vn -0.999919 -0.012328 0.003303
vn -0.999919 -0.012328 0.003303
vn -0.993820 -0.107218 0.028729
vn -0.209985 -0.944390 0.253049
vn -0.343097 -0.907294 0.243109
vn -0.343097 -0.907294 0.243109
vn -0.209985 -0.944390 0.253049
vn -0.999919 -0.012328 0.003303
vn -0.996404 0.081844 -0.021930
vn -0.996404 0.081844 -0.021930
vn -0.999919 -0.012328 0.003303
vn -0.996404 0.081844 -0.021930
vn -0.983193 0.176348 -0.047252
vn -0.983193 0.176348 -0.047252
vn -0.996404 0.081844 -0.021930
vn -0.096001 -0.961464 0.257624
vn -0.209985 -0.944390 0.253049
vn -0.209985 -0.944390 0.253049
vn -0.096001 -0.961464 0.257624
vn -0.983193 0.176348 -0.047252
vn -0.956179 0.282807 -0.075778
vn -0.956179 0.282807 -0.075778
vn -0.983193 0.176348 -0.047252
vn 0.029725 -0.965499 0.258705
vn -0.096001 -0.961464 0.257624
vn -0.096001 -0.961464 0.257624
vn 0.029725 -0.965499 0.258705
vn -0.956179 0.282807 -0.075778
vn -0.918228 0.382558 -0.102506
vn -0.918228 0.382558 -0.102506
vn -0.956179 0.282807 -0.075778
vn -0.918228 0.382558 -0.102506
vn -0.881480 0.456131 -0.122220
vn -0.881480 0.456131 -0.122220
vn -0.918228 0.382558 -0.102506
vn 0.866011 0.482987 -0.129416
vn 0.733582 0.656444 -0.175894
vn 0.733582 0.656444 -0.175894
vn 0.866011 0.482987 -0.129416
vn 0.949790 0.302226 -0.080981
vn 0.866011 0.482987 -0.129416
vn 0.866011 0.482987 -0.129416
vn 0.949790 0.302226 -0.080981
vn 0.733582 0.656444 -0.175894
vn 0.554702 0.803698 -0.215350
vn 0.554702 0.803698 -0.215350
vn 0.733582 0.656444 -0.175894
vn 0.170144 -0.951842 0.255045
vn 0.029725 -0.965499 0.258705
vn 0.029725 -0.965499 0.258705
vn 0.170144 -0.951842 0.255045
vn 0.989858 0.137219 -0.036768
vn 0.949790 0.302226 -0.080981
vn 0.949790 0.302226 -0.080981
vn 0.989858 0.137219 -0.036768
vn 0.554702 0.803698 -0.215350
vn 0.351123 0.904425 -0.242340
vn 0.351123 0.904425 -0.242340
vn 0.554702 0.803698 -0.215350
vn -0.881480 0.456131 -0.122220
vn -0.847206 0.513162 -0.137501
vn -0.847206 0.513162 -0.137501
vn -0.881480 0.456131 -0.122220
vn 0.999973 0.007169 -0.001921
vn 0.989858 0.137219 -0.036768
vn 0.989858 0.137219 -0.036768
vn 0.999973 0.007169 -0.001921
vn 0.993151 -0.112859 0.030240
vn 0.999973 0.007169 -0.001921
vn 0.999973 0.007169 -0.001921
vn 0.993151 -0.112859 0.030240
vn 0.160071 0.953471 -0.255482
vn -0.017581 0.965777 -0.258779
vn -0.017581 0.965777 -0.258779
vn 0.160071 0.953471 -0.255482
vn -0.847206 0.513162 -0.137501
vn -0.811535 0.564394 -0.151229
vn -0.811535 0.564394 -0.151229
vn -0.847206 0.513162 -0.137501
vn 0.970143 -0.234269 0.062772
vn 0.993151 -0.112859 0.030240
vn 0.993151 -0.112859 0.030240
vn 0.970143 -0.234269 0.062772
vn 0.360047 -0.901145 0.241461
vn 0.170144 -0.951842 0.255045
vn 0.170144 -0.951842 0.255045
vn 0.360047 -0.901145 0.241461
vn 0.928476 -0.358737 0.096123
vn 0.970143 -0.234269 0.062772
vn 0.970143 -0.234269 0.062772
vn 0.928476 -0.358737 0.096123
vn -0.017581 0.965777 -0.258779
vn -0.194116 0.947553 -0.253896
vn -0.194116 0.947553 -0.253896
vn -0.017581 0.965777 -0.258779
vn -0.811535 0.564394 -0.151229
vn -0.774997 0.610431 -0.163565
vn -0.774997 0.610431 -0.163565
vn -0.811535 0.564394 -0.151229
vn 0.870409 -0.475553 0.127424
vn 0.928476 -0.358737 0.096123
vn 0.928476 -0.358737 0.096123
vn 0.870409 -0.475553 0.127424
vn -0.194116 0.947553 -0.253896
vn -0.425886 0.873947 -0.234174
vn -0.425886 0.873947 -0.234174
vn -0.194116 0.947553 -0.253896
vn -0.774997 0.610431 -0.163565
vn -0.738837 0.650922 -0.174414
vn -0.738837 0.650922 -0.174414
vn -0.774997 0.610431 -0.163565
vn 0.808332 -0.568667 0.152374
vn 0.870409 -0.475553 0.127424
vn 0.870409 -0.475553 0.127424
vn 0.808332 -0.568667 0.152374
vn 0.551163 -0.805966 0.215958
vn 0.360047 -0.901145 0.241461
vn 0.360047 -0.901145 0.241461
vn 0.551163 -0.805966 0.215958
vn -0.738837 0.650922 -0.174414
vn -0.709136 0.681047 -0.182486
vn -0.709136 0.681047 -0.182486
vn -0.738837 0.650922 -0.174414
vn -0.425886 0.873947 -0.234174
vn -0.651401 0.732881 -0.196375
vn -0.651401 0.732881 -0.196375
vn -0.425886 0.873947 -0.234174
vn 0.749744 -0.639180 0.171268
vn 0.808332 -0.568667 0.152374
vn 0.808332 -0.568667 0.152374
vn 0.749744 -0.639180 0.171268
vn -0.709136 0.681047 -0.182486
vn -0.690667 0.698531 -0.187171
vn -0.690667 0.698531 -0.187171
vn -0.709136 0.681047 -0.182486
vn 0.693418 -0.695984 0.186488
vn 0.749744 -0.639180 0.171268
vn 0.749744 -0.639180 0.171268
vn 0.693418 -0.695984 0.186488
vn -0.651401 0.732881 -0.196375
vn -0.814793 0.559998 -0.150051
vn -0.814793 0.559998 -0.150051
vn -0.651401 0.732881 -0.196375
vn -0.690667 0.698531 -0.187171
vn -0.670754 0.716408 -0.191961
vn -0.670754 0.716408 -0.191961
vn -0.690667 0.698531 -0.187171
vn 0.713143 -0.677132 0.181437
vn 0.551163 -0.805966 0.215958
vn 0.551163 -0.805966 0.215958
vn 0.713143 -0.677132 0.181437
vn 0.646753 -0.736711 0.197401
vn 0.693418 -0.695984 0.186488
vn 0.693418 -0.695984 0.186488
vn 0.646753 -0.736711 0.197401
vn -0.814793 0.559998 -0.150051
vn -0.905310 0.410278 -0.109934
vn -0.905310 0.410278 -0.109934
vn -0.814793 0.559998 -0.150051
vn -0.905310 0.410278 -0.109934
vn -0.949553 0.302922 -0.081168
vn -0.949553 0.302922 -0.081168
vn -0.905310 0.410278 -0.109934
vn 0.834644 -0.532022 0.142555
vn 0.713143 -0.677132 0.181437
vn 0.713143 -0.677132 0.181437
vn 0.834644 -0.532022 0.142555
vn -0.949553 0.302922 -0.081168
vn -0.974431 0.217032 -0.058154
vn -0.974431 0.217032 -0.058154
vn -0.949553 0.302922 -0.081168
vn -0.988050 0.148880 -0.039892
vn -0.974883 0.215130 -0.057644
vn -0.974883 0.215130 -0.057644
vn -0.988050 0.148880 -0.039892
vn -0.348488 -0.905375 0.242595
vn -0.348488 -0.905375 0.242595
vn -0.348488 -0.905375 0.242595
vn -0.348488 -0.905375 0.242595
vn -0.974431 0.217032 -0.058154
vn -0.982401 0.180418 -0.048343
vn -0.982401 0.180418 -0.048343
vn -0.974431 0.217032 -0.058154
vn 0.921283 -0.375643 0.100653
vn 0.834644 -0.532022 0.142555
vn 0.834644 -0.532022 0.142555
vn 0.921283 -0.375643 0.100653
vn -0.974883 0.215130 -0.057644
vn -0.931041 0.352480 -0.094447
vn -0.931041 0.352480 -0.094447
vn -0.974883 0.215130 -0.057644
vn 0.647098 -0.736429 0.197325
vn 0.646753 -0.736711 0.197401
vn 0.646753 -0.736711 0.197401
vn 0.647098 -0.736429 0.197325
vn -0.670754 0.716408 -0.191961
vn -0.671312 0.715920 -0.191830
vn -0.671312 0.715920 -0.191830
vn -0.670754 0.716408 -0.191961
vn 0.984198 -0.171037 0.045829
vn 0.987484 -0.152344 0.040820
vn 0.987484 -0.152344 0.040820
vn 0.984198 -0.171037 0.045829
vn -0.931041 0.352480 -0.094447
vn -0.863407 0.487317 -0.130576
vn -0.863407 0.487317 -0.130576
vn -0.931041 0.352480 -0.094447
vn 0.974070 -0.218538 0.058557
vn 0.921283 -0.375643 0.100653
vn 0.921283 -0.375643 0.100653
vn 0.974070 -0.218538 0.058557
vn 0.974974 -0.214745 0.057541
vn 0.984198 -0.171037 0.045829
vn 0.984198 -0.171037 0.045829
vn 0.974974 -0.214745 0.057541
vn 0.286442 0.925451 -0.247974
vn 0.286442 0.925451 -0.247974
vn 0.286442 0.925451 -0.247974
vn 0.286442 0.925451 -0.247974
vn 0.959948 -0.270630 0.072515
vn 0.974974 -0.214745 0.057541
vn 0.974974 -0.214745 0.057541
vn 0.959948 -0.270630 0.072515
vn 0.935214 -0.342018 0.091643
vn 0.959948 -0.270630 0.072515
vn 0.959948 -0.270630 0.072515
vn 0.935214 -0.342018 0.091643
vn 0.988777 -0.144308 0.038667
vn 0.974070 -0.218538 0.058557
vn 0.974070 -0.218538 0.058557
vn 0.988777 -0.144308 0.038667
vn -0.863407 0.487317 -0.130576
vn -0.757497 0.630594 -0.168967
vn -0.757497 0.630594 -0.168967
vn -0.863407 0.487317 -0.130576
vn 0.895483 -0.429929 0.115199
vn 0.935214 -0.342018 0.091643
vn 0.935214 -0.342018 0.091643
vn 0.895483 -0.429929 0.115199
vn 0.837695 -0.527530 0.141351
vn 0.895483 -0.429929 0.115199
vn 0.895483 -0.429929 0.115199
vn 0.837695 -0.527530 0.141351
vn 0.761792 -0.625748 0.167669
vn 0.837695 -0.527530 0.141351
vn 0.837695 -0.527530 0.141351
vn 0.761792 -0.625748 0.167669
vn -0.757497 0.630594 -0.168967
vn -0.593059 0.777724 -0.208390
vn -0.593059 0.777724 -0.208390
vn -0.757497 0.630594 -0.168967
vn 0.650919 -0.733280 0.196482
vn 0.761792 -0.625748 0.167669
vn 0.761792 -0.625748 0.167669
vn 0.650919 -0.733280 0.196482
vn -0.671312 0.715920 -0.191830
vn -0.725000 0.665280 -0.178261
vn -0.725000 0.665280 -0.178261
vn -0.671312 0.715920 -0.191830
vn 0.695075 -0.694440 0.186075
vn 0.647098 -0.736429 0.197325
vn 0.647098 -0.736429 0.197325
vn 0.695075 -0.694440 0.186075
vn 0.486166 -0.844090 0.226173
vn 0.650919 -0.733280 0.196482
vn 0.650919 -0.733280 0.196482
vn 0.486166 -0.844090 0.226173
vn -0.725000 0.665280 -0.178261
vn -0.780869 0.603409 -0.161683
vn -0.780869 0.603409 -0.161683
vn -0.725000 0.665280 -0.178261
vn 0.302474 -0.920680 0.246695
vn 0.486166 -0.844090 0.226173
vn 0.486166 -0.844090 0.226173
vn 0.302474 -0.920680 0.246695
vn -0.593059 0.777724 -0.208390
vn -0.385721 0.891178 -0.238790
vn -0.385721 0.891178 -0.238790
vn -0.593059 0.777724 -0.208390
vn -0.780869 0.603409 -0.161683
vn -0.838446 0.526414 -0.141052
vn -0.838446 0.526414 -0.141052
vn -0.780869 0.603409 -0.161683
vn 0.750191 -0.638691 0.171137
vn 0.695075 -0.694440 0.186075
vn 0.695075 -0.694440 0.186075
vn 0.750191 -0.638691 0.171137
vn 0.139082 -0.956538 0.256304
vn 0.302474 -0.920680 0.246695
vn 0.302474 -0.920680 0.246695
vn 0.139082 -0.956538 0.256304
vn -0.838446 0.526414 -0.141052
vn -0.900833 0.419371 -0.112370
vn -0.900833 0.419371 -0.112370
vn -0.838446 0.526414 -0.141052
vn -0.900833 0.419371 -0.112370
vn -0.947939 0.307602 -0.082422
vn -0.947939 0.307602 -0.082422
vn -0.900833 0.419371 -0.112370
vn -0.014945 -0.965818 0.258790
vn 0.139082 -0.956538 0.256304
vn 0.139082 -0.956538 0.256304
vn -0.014945 -0.965818 0.258790
vn 0.797446 -0.582831 0.156169
vn 0.750191 -0.638691 0.171137
vn 0.750191 -0.638691 0.171137
vn 0.797446 -0.582831 0.156169
vn -0.947939 0.307602 -0.082422
vn -0.977575 0.203413 -0.054504
vn -0.977575 0.203413 -0.054504
vn -0.947939 0.307602 -0.082422
vn -0.178461 -0.950420 0.254664
vn -0.014945 -0.965818 0.258790
vn -0.014945 -0.965818 0.258790
vn -0.178461 -0.950420 0.254664
vn -0.977575 0.203413 -0.054504
vn -0.994882 0.097597 -0.026151
vn -0.994882 0.097597 -0.026151
vn -0.977575 0.203413 -0.054504
vn -0.385721 0.891178 -0.238790
vn -0.178557 0.950403 -0.254660
vn -0.178557 0.950403 -0.254660
vn -0.385721 0.891178 -0.238790
vn -0.994882 0.097597 -0.026151
vn -0.999383 -0.033921 0.009089
vn -0.999383 -0.033921 0.009089
vn -0.994882 0.097597 -0.026151
vn -0.385706 -0.891184 0.238792
vn -0.178461 -0.950420 0.254664
vn -0.178461 -0.950420 0.254664
vn -0.385706 -0.891184 0.238792
vn -0.999383 -0.033921 0.009089
vn -0.983622 -0.174102 0.046651
vn -0.983622 -0.174102 0.046651
vn -0.999383 -0.033921 0.009089
vn 0.852824 -0.504405 0.135155
vn 0.797446 -0.582831 0.156169
vn 0.797446 -0.582831 0.156169
vn 0.852824 -0.504405 0.135155
vn -0.593375 -0.777499 0.208330
vn -0.385706 -0.891184 0.238792
vn -0.385706 -0.891184 0.238792
vn -0.593375 -0.777499 0.208330
vn -0.983622 -0.174102 0.046651
vn -0.931979 -0.350161 0.093825
vn -0.931979 -0.350161 0.093825
vn -0.983622 -0.174102 0.046651
vn -0.741308 -0.648296 0.173710
vn -0.593375 -0.777499 0.208330
vn -0.593375 -0.777499 0.208330
vn -0.741308 -0.648296 0.173710
vn -0.931979 -0.350161 0.093825
vn -0.847110 -0.513310 0.137541
vn -0.847110 -0.513310 0.137541
vn -0.931979 -0.350161 0.093825
vn -0.847110 -0.513310 0.137541
vn -0.741308 -0.648296 0.173710
vn -0.741308 -0.648296 0.173710
vn -0.847110 -0.513310 0.137541
vn 0.920805 -0.376733 0.100945
vn 0.852824 -0.504405 0.135155
vn 0.852824 -0.504405 0.135155
vn 0.920805 -0.376733 0.100945
vn -0.178557 0.950403 -0.254660
vn -0.031941 0.965433 -0.258687
vn -0.031941 0.965433 -0.258687
vn -0.178557 0.950403 -0.254660
vn 0.971022 -0.230848 0.061855
vn 0.920805 -0.376733 0.100945
vn 0.920805 -0.376733 0.100945
vn 0.971022 -0.230848 0.061855
vn -0.031941 0.965433 -0.258687
vn 0.098420 0.961236 -0.257562
vn 0.098420 0.961236 -0.257562
vn -0.031941 0.965433 -0.258687
vn 0.994214 -0.103755 0.027801
vn 0.971022 -0.230848 0.061855
vn 0.971022 -0.230848 0.061855
vn 0.994214 -0.103755 0.027801
vn 0.098420 0.961236 -0.257562
vn 0.206299 0.945148 -0.253252
vn 0.206299 0.945148 -0.253252
vn 0.098420 0.961236 -0.257562
vn 1.000000 -0.000604 0.000162
vn 0.994214 -0.103755 0.027801
vn 0.994214 -0.103755 0.027801
vn 1.000000 -0.000604 0.000162
vn 0.206299 0.945148 -0.253252
vn 0.323405 0.914018 -0.244910
vn 0.323405 0.914018 -0.244910
vn 0.206299 0.945148 -0.253252
vn 0.993647 0.108704 -0.029127
vn 1.000000 -0.000604 0.000162
vn 1.000000 -0.000604 0.000162
vn 0.993647 0.108704 -0.029127
vn 0.323405 0.914018 -0.244910
vn 0.429828 0.872145 -0.233691
vn 0.429828 0.872145 -0.233691
vn 0.323405 0.914018 -0.244910
vn 0.971425 0.229259 -0.061430
vn 0.993647 0.108704 -0.029127
vn 0.993647 0.108704 -0.029127
vn 0.971425 0.229259 -0.061430
vn 0.429828 0.872145 -0.233691
vn 0.543648 0.810714 -0.217230
vn 0.543648 0.810714 -0.217230
vn 0.429828 0.872145 -0.233691
vn 0.930376 0.354114 -0.094885
vn 0.971425 0.229259 -0.061430
vn 0.971425 0.229259 -0.061430
vn 0.930376 0.354114 -0.094885
vn 0.543648 0.810714 -0.217230
vn 0.670852 0.716322 -0.191938
vn 0.670852 0.716322 -0.191938
vn 0.543648 0.810714 -0.217230
vn 0.865938 0.483109 -0.129449
vn 0.930376 0.354114 -0.094885
vn 0.930376 0.354114 -0.094885
vn 0.865938 0.483109 -0.129449
vn 0.670852 0.716322 -0.191938
vn 0.777016 0.608032 -0.162922
vn 0.777016 0.608032 -0.162922
vn 0.670852 0.716322 -0.191938
vn 0.777016 0.608032 -0.162922
vn 0.865938 0.483109 -0.129449
vn 0.865938 0.483109 -0.129449
vn 0.777016 0.608032 -0.162922
s off
g polySurface20 polySurface29
usemtl blinn3SG
f 581/1105/1549 550/1106/1550 543/1107/1551 600/1108/1552
f 678/1109/1553 671/1110/1554 666/1111/1555 662/1112/1556 650/1113/1557 647/1114/1558 637/1115/1559 636/1116/1560 626/1117/1561 615/1118/1562 603/1119/1563 601/1120/1564 599/1121/1565 596/1122/1566 593/1123/1567 587/1124/1568 591/1125/1569 590/1126/1570 585/1127/1571 586/1128/1572 592/1129/1573 598/1130/1574 602/1131/1575 604/1132/1576 625/1133/1577 635/1134/1578 646/1135/1579 664/1136/1580 661/1137/1581 665/1138/1582 672/1139/1583 685/1140/1584 679/1141/1585 689/1142/1586 680/1143/1587 688/1144/1588 675/1145/1589 668/1146/1590 660/1147/1591 654/1148/1592 649/1149/1593 651/1150/1594 639/1151/1595 632/1152/1596 622/1153/1597 614/1154/1598 584/1155/1599 576/1156/1600 573/1157/1601 569/1158/1602 564/1159/1603 562/1160/1604 557/1161/1605 553/1162/1606 548/1163/1607 545/1164/1608 541/1165/1609 535/1166/1610 531/1167/1611 533/1168/1612 539/1169/1613 543/1170/1614 550/1171/1615 555/1172/1616 560/1173/1617 565/1174/1618 570/1175/1619 574/1176/1620 579/1177/1621 582/1178/1622 588/1179/1623 594/1180/1624 595/1181/1625 589/1182/1626 583/1183/1627 580/1184/1628 577/1185/1629 571/1186/1630 566/1187/1631 559/1188/1632 554/1189/1633 549/1190/1634 546/1191/1635 542/1192/1636 538/1193/1637 536/1194/1638 532/1195/1639 529/1196/1640 530/1197/1641 534/1198/1642 537/1199/1643 540/1200/1644 544/1201/1645 547/1202/1646 551/1203/1647 552/1204/1648 556/1205/1649 558/1206/1650 561/1207/1651 563/1208/1652 567/1209/1653 568/1210/1654 572/1211/1655 575/1212/1656 578/1213/1657 597/1214/1658 621/1215/1659 627/1216/1660 631/1217/1661 638/1218/1662 648/1219/1663 653/1220/1664 659/1221/1665 663/1222/1666 667/1223/1667 674/1224/1668
f 760/1225/1669 756/1226/1670 759/1227/1671 751/1228/1672 748/1229/1673 745/1230/1674 739/1231/1675 735/1232/1676 728/1233/1677 723/1234/1678 718/1235/1679 716/1236/1680 712/1237/1681 708/1238/1682 702/1239/1683 700/1240/1684 705/1241/1685 701/1242/1686 706/1243/1687 707/1244/1688 711/1245/1689 714/1246/1690 715/1247/1691 717/1248/1692 720/1249/1693 724/1250/1694 727/1251/1695 731/1252/1696 734/1253/1697 738/1254/1698 744/1255/1699 747/1256/1700 752/1257/1701 755/1258/1702 754/1259/1703 750/1260/1704 746/1261/1705 743/1262/1706 741/1263/1707 737/1264/1708 733/1265/1709 730/1266/1710 726/1267/1711 722/1268/1712 713/1269/1713 694/1270/1714 691/1271/1715 687/1272/1716 682/1273/1717 677/1274/1718 670/1275/1719 658/1276/1720 652/1277/1721 645/1278/1722 641/1279/1723 634/1280/1724 630/1281/1725 624/1282/1726 619/1283/1727 613/1284/1728 611/1285/1729 607/1286/1730 605/1287/1731 608/1288/1732 612/1289/1733 616/1290/1734 620/1291/1735 628/1292/1736 633/1293/1737 642/1294/1738 655/1295/1739 676/1296/1740 684/1297/1741 693/1298/1742 696/1299/1743 698/1300/1744 704/1301/1745 710/1302/1746 709/1303/1747 703/1304/1748 697/1305/1749 695/1306/1750 690/1307/1751 683/1308/1752 673/1309/1753 656/1310/1754 643/1311/1755 581/1312/1756 600/1313/1757 617/1314/1758 609/1315/1759 606/1316/1760 610/1317/1761 618/1318/1762 623/1319/1763 629/1320/1764 640/1321/1765 644/1322/1766 657/1323/1767 669/1324/1768 681/1325/1769 686/1326/1770 692/1327/1771 699/1328/1772 719/1329/1773 721/1330/1774 725/1331/1775 729/1332/1776 732/1333/1777 736/1334/1778 740/1335/1779 742/1336/1780 749/1337/1781 758/1338/1782 753/1339/1783 757/1340/1784
f 605/1341/1785 607/1342/1786 530/1343/1787 529/1344/1788
f 607/1345/1789 611/1346/1790 534/1347/1791 530/1348/1792
f 608/1349/1793 605/1341/1794 529/1344/1795 532/1350/1796
f 611/1346/1797 613/1351/1798 537/1352/1799 534/1347/1800
f 612/1353/1801 608/1349/1802 532/1350/1803 536/1354/1804
f 613/1351/1805 619/1355/1806 540/1356/1807 537/1352/1808
f 616/1357/1809 612/1353/1810 536/1354/1811 538/1358/1812
f 620/1359/1813 616/1357/1814 538/1358/1815 542/1360/1816
f 619/1355/1817 624/1361/1818 544/1362/1819 540/1356/1820
f 628/1363/1821 620/1359/1822 542/1360/1823 546/1364/1824
f 624/1361/1825 630/1365/1826 547/1366/1827 544/1362/1828
f 630/1365/1829 634/1367/1830 551/1368/1831 547/1366/1832
f 633/1369/1833 628/1363/1834 546/1364/1835 549/1370/1836
f 634/1367/1837 641/1371/1838 552/1372/1839 551/1368/1840
f 642/1373/1841 633/1369/1842 549/1370/1843 554/1374/1844
f 641/1371/1845 645/1375/1846 556/1376/1847 552/1372/1848
f 645/1375/1849 652/1377/1850 558/1378/1851 556/1376/1852
f 606/1379/1853 609/1380/1854 533/1381/1855 531/1382/1856
f 610/1383/1857 606/1384/1858 531/1385/1859 535/1386/1860
f 609/1380/1861 617/1387/1862 539/1388/1863 533/1381/1864
f 655/1389/1865 642/1373/1866 554/1374/1867 559/1390/1868
f 618/1391/1869 610/1383/1870 535/1386/1871 541/1392/1872
f 617/1387/1873 600/1108/1874 543/1107/1875 539/1388/1876
f 652/1377/1877 658/1393/1878 561/1394/1879 558/1378/1880
f 623/1395/1881 618/1391/1882 541/1392/1883 545/1396/1884
f 629/1397/1885 623/1395/1886 545/1396/1887 548/1398/1888
f 581/1105/1889 643/1399/1890 555/1400/1891 550/1106/1892
f 658/1393/1893 670/1401/1894 563/1402/1895 561/1394/1896
f 640/1403/1897 629/1397/1898 548/1398/1899 553/1404/1900
f 676/1405/1901 655/1389/1902 559/1390/1903 566/1406/1904
f 644/1407/1905 640/1403/1906 553/1404/1907 557/1408/1908
f 643/1399/1909 656/1409/1910 560/1410/1911 555/1400/1912
f 670/1401/1913 677/1411/1914 567/1412/1915 563/1402/1916
f 657/1413/1917 644/1407/1918 557/1408/1919 562/1414/1920
f 656/1409/1921 673/1415/1922 565/1416/1923 560/1410/1924
f 677/1411/1925 682/1417/1926 568/1418/1927 567/1412/1928
f 669/1419/1929 657/1413/1930 562/1414/1931 564/1420/1932
f 684/1421/1933 676/1405/1934 566/1406/1935 571/1422/1936
f 682/1417/1937 687/1423/1938 572/1424/1939 568/1418/1940
f 673/1415/1941 683/1425/1942 570/1426/1943 565/1416/1944
f 681/1427/1945 669/1419/1946 564/1420/1947 569/1428/1948
f 687/1423/1949 691/1429/1950 575/1430/1951 572/1424/1952
f 686/1431/1953 681/1427/1954 569/1428/1955 573/1432/1956
f 683/1425/1957 690/1433/1958 574/1434/1959 570/1426/1960
f 691/1429/1961 694/1435/1962 578/1436/1963 575/1430/1964
f 693/1437/1965 684/1421/1966 571/1422/1967 577/1438/1968
f 692/1439/1969 686/1431/1970 573/1432/1971 576/1440/1972
f 690/1441/1973 695/1442/1974 579/1443/1975 574/1444/1976
f 695/1442/1977 697/1445/1978 582/1446/1979 579/1443/1980
f 696/1447/1981 693/1437/1982 577/1438/1983 580/1448/1984
f 697/1445/1985 703/1449/1986 588/1450/1987 582/1446/1988
f 700/1451/1989 702/1452/1990 586/1453/1991 585/1454/1992
f 705/1455/1993 700/1456/1994 585/1457/1995 590/1458/1996
f 703/1449/1997 709/1459/1998 594/1460/1999 588/1450/2000
f 698/1461/2001 696/1462/2002 580/1463/2003 583/1464/2004
f 702/1452/2005 708/1465/2006 592/1466/2007 586/1453/2008
f 699/1467/2009 692/1439/2010 576/1440/2011 584/1468/2012
f 694/1435/2013 713/1469/2014 597/1470/2015 578/1436/2016
f 701/1471/2017 705/1472/2018 590/1473/2019 591/1474/2020
f 708/1465/2021 712/1475/2022 598/1476/2023 592/1466/2024
f 704/1477/2025 698/1461/2026 583/1464/2027 589/1478/2028
f 706/1479/2029 701/1471/2030 591/1474/2031 587/1480/2032
f 709/1481/2033 710/1482/2034 595/1483/2035 594/1484/2036
f 707/1485/2037 706/1479/2038 587/1480/2039 593/1486/2040
f 711/1487/2041 707/1485/2042 593/1486/2043 596/1488/2044
f 710/1489/2045 704/1477/2046 589/1478/2047 595/1490/2048
f 712/1491/2049 716/1492/2050 602/1493/2051 598/1494/2052
f 714/1495/2053 711/1487/2054 596/1488/2055 599/1496/2056
f 715/1497/2057 714/1495/2058 599/1496/2059 601/1498/2060
f 717/1499/2061 715/1500/2062 601/1501/2063 603/1502/2064
f 716/1492/2065 718/1503/2066 604/1504/2067 602/1493/2068
f 720/1505/2069 717/1499/2070 603/1502/2071 615/1506/2072
f 713/1469/2073 722/1507/2074 621/1508/2075 597/1470/2076
f 719/1509/2077 699/1467/2078 584/1468/2079 614/1510/2080
f 724/1511/2081 720/1505/2082 615/1506/2083 626/1512/2084
f 722/1507/2085 726/1513/2086 627/1514/2087 621/1508/2088
f 727/1515/2089 724/1511/2090 626/1512/2091 636/1516/2092
f 718/1503/2093 723/1517/2094 625/1518/2095 604/1504/2096
f 726/1513/2097 730/1519/2098 631/1520/2099 627/1514/2100
f 721/1521/2101 719/1509/2102 614/1510/2103 622/1522/2104
f 731/1523/2105 727/1515/2106 636/1516/2107 637/1524/2108
f 730/1519/2109 733/1525/2110 638/1526/2111 631/1520/2112
f 733/1525/2113 737/1527/2114 648/1528/2115 638/1526/2116
f 734/1529/2117 731/1523/2118 637/1524/2119 647/1530/2120
f 725/1531/2121 721/1521/2122 622/1522/2123 632/1532/2124
f 737/1527/2125 741/1533/2126 653/1534/2127 648/1528/2128
f 738/1535/2129 734/1529/2130 647/1530/2131 650/1536/2132
f 741/1533/2133 743/1537/2134 659/1538/2135 653/1534/2136
f 723/1517/2137 728/1539/2138 635/1540/2139 625/1518/2140
f 743/1537/2141 746/1541/2142 663/1542/2143 659/1538/2144
f 744/1543/2145 738/1535/2146 650/1536/2147 662/1544/2148
f 746/1541/2149 750/1545/2150 667/1546/2151 663/1542/2152
f 729/1547/2153 725/1531/2154 632/1532/2155 639/1548/2156
f 747/1549/2157 744/1543/2158 662/1544/2159 666/1550/2160
f 750/1545/2161 754/1551/2162 674/1552/2163 667/1546/2164
f 752/1553/2165 747/1549/2166 666/1550/2167 671/1554/2168
f 754/1551/2169 755/1555/2170 678/1556/2171 674/1552/2172
f 755/1557/2173 752/1553/2174 671/1554/2175 678/1558/2176
f 732/1559/2177 729/1547/2178 639/1548/2179 651/1560/2180
f 728/1539/2181 735/1561/2182 646/1562/2183 635/1540/2184
f 736/1563/2185 732/1559/2186 651/1560/2187 649/1564/2188
f 735/1561/2189 739/1565/2190 664/1566/2191 646/1562/2192
f 740/1567/2193 736/1563/2194 649/1564/2195 654/1568/2196
f 739/1565/2197 745/1569/2198 661/1570/2199 664/1566/2200
f 742/1571/2201 740/1567/2202 654/1568/2203 660/1572/2204
f 745/1569/2205 748/1573/2206 665/1574/2207 661/1570/2208
f 749/1575/2209 742/1571/2210 660/1572/2211 668/1576/2212
f 748/1573/2213 751/1577/2214 672/1578/2215 665/1574/2216
f 758/1579/2217 749/1575/2218 668/1576/2219 675/1580/2220
f 751/1577/2221 759/1581/2222 685/1582/2223 672/1578/2224
f 753/1583/2225 758/1579/2226 675/1580/2227 688/1584/2228
f 759/1581/2229 756/1585/2230 679/1586/2231 685/1582/2232
f 757/1587/2233 753/1583/2234 688/1584/2235 680/1588/2236
f 756/1585/2237 760/1589/2238 689/1590/2239 679/1586/2240
f 760/1589/2241 757/1591/2242 680/1592/2243 689/1590/2244
g default
v 50.348907 -1.172029 -0.884034
v 50.468597 -1.125952 -0.896381
v 50.370232 -1.205723 -0.875007
v 50.473717 -1.136988 -0.893424
v 50.399689 -1.231950 -0.867979
v 50.333824 -1.132323 -0.894674
v 50.462029 -1.099706 -0.903414
v 50.479973 -1.146494 -0.890877
v 50.437309 -1.250960 -0.862885
v 50.324852 -1.086699 -0.906899
v 50.460121 -1.084602 -0.907460
v 50.487465 -1.154354 -0.888770
v 50.483078 -1.262522 -0.859787
v 50.321884 -1.035275 -0.920677
v 50.458458 -1.050456 -0.916610
v 50.464500 -1.113494 -0.899719
v 50.508018 -1.164862 -0.885955
v 50.537018 -1.266428 -0.858740
v 50.496719 -1.160485 -0.887128
v 50.321884 -1.007256 -0.928185
v 50.458458 -1.007256 -0.928185
v 50.458893 -1.068183 -0.911860
v 50.521118 -1.167490 -0.885251
v 50.535812 -1.168361 -0.885017
v 50.578941 -1.264439 -0.859274
v 50.550522 -1.167505 -0.885247
v 50.563759 -1.165009 -0.885916
v 50.615883 -1.258401 -0.860891
v 50.575417 -1.160979 -0.886996
v 50.647835 -1.248207 -0.863623
v 50.585365 -1.155520 -0.888458
v 50.321884 -0.898686 -0.957277
v 50.321884 -0.840313 -0.972917
v 50.459663 -0.826307 -0.976671
v 50.594467 -1.147825 -0.890520
v 50.674797 -1.233741 -0.867499
v 50.601982 -1.138594 -0.892994
v 50.322792 -0.792849 -0.985636
v 50.697441 -1.215155 -0.872479
v 50.608139 -1.127614 -0.895935
v 50.325516 -0.748670 -0.997473
v 50.459663 -0.760929 -0.994188
v 50.508018 -1.066630 -0.519352
v 50.716347 -1.192737 -0.878485
v 50.521118 -1.069259 -0.518647
v 50.613159 -1.114666 -0.899405
v 50.731392 -1.166594 -0.885491
v 50.578941 -1.166207 -0.492670
v 50.330048 -0.707994 -1.008373
v 50.459915 -0.739223 -1.000005
v 50.617035 -1.099761 -0.903399
v 50.742485 -1.136843 -0.893463
v 50.620415 -0.826307 -0.976671
v 50.619659 -1.082996 -0.907891
v 50.336388 -0.671040 -1.018275
v 50.460724 -0.719487 -1.005293
v 50.621147 -1.064263 -0.912910
v 50.751114 -1.102695 -0.902613
v 50.621620 -0.898686 -0.957277
v 50.621620 -1.043450 -0.918488
v 50.757133 -1.065048 -0.912701
v 50.345474 -0.638003 -1.027127
v 50.464500 -0.685046 -1.014521
v 50.462219 -0.701502 -1.010112
v 50.358292 -0.609020 -1.034893
v 50.467903 -0.670856 -1.018324
v 50.760666 -1.023893 -0.923727
v 50.374969 -0.584196 -1.041544
v 50.472664 -0.658196 -1.021716
v 50.761818 -0.979241 -0.935692
v 50.496719 -1.062254 -0.520524
v 50.395615 -0.563635 -1.047054
v 50.478775 -0.647288 -1.024638
v 50.615883 -1.160171 -0.494287
v 50.421440 -0.547456 -1.051389
v 50.348907 -1.073798 -0.517431
v 50.370232 -1.107491 -0.508403
v 50.468597 -1.027721 -0.529777
v 50.399689 -1.133718 -0.501375
v 50.473717 -1.038757 -0.526820
v 50.486252 -0.638349 -1.027034
v 50.333824 -1.034092 -0.528070
v 50.462029 -1.001475 -0.536810
v 50.437309 -1.152729 -0.496282
v 50.479973 -1.048263 -0.524273
v 50.495567 -0.631547 -1.028857
v 50.324852 -0.988468 -0.540295
v 50.460121 -0.986371 -0.540857
v 50.453629 -0.535760 -1.054523
v 50.483078 -1.164291 -0.493183
v 50.487465 -1.056123 -0.522167
v 50.507256 -0.626820 -1.030123
v 50.321884 -0.937044 -0.554074
v 50.458458 -0.952225 -0.550006
v 50.464500 -1.015263 -0.533116
v 50.492149 -0.528667 -1.056423
v 50.521439 -0.624067 -1.030861
v 50.537018 -1.168197 -0.492137
v 50.620415 -0.786611 -0.987307
v 50.761818 -0.814633 -0.979799
v 50.321884 -0.909025 -0.561582
v 50.459923 -0.640991 -0.633402
v 50.538231 -0.623173 -1.031101
v 50.458893 -0.969952 -0.545256
v 50.620148 -0.756843 -0.995283
v 50.760666 -0.768626 -0.992126
v 50.462219 -0.603271 -0.643508
v 50.535812 -1.070130 -0.518414
v 50.537018 -0.526275 -1.057064
v 50.464508 -0.586815 -0.647918
v 50.578239 -0.528428 -1.056487
v 50.554337 -0.624067 -1.030861
v 50.619202 -0.730578 -1.002321
v 50.757133 -0.726783 -1.003338
v 50.458458 -0.909025 -0.561582
v 50.568291 -0.626820 -1.030123
v 50.617355 -0.707810 -1.008422
v 50.550522 -1.069273 -0.518644
v 50.614822 -0.534743 -1.054795
v 50.580208 -0.631547 -1.028857
v 50.472664 -0.559965 -0.655113
v 50.563759 -1.066778 -0.519312
v 50.614365 -0.688550 -1.013582
v 50.751114 -0.688878 -1.013495
v 50.646645 -0.544990 -1.052049
v 50.590202 -0.638349 -1.027034
v 50.610764 -0.672334 -1.017927
v 50.742485 -0.654696 -1.022654
v 50.673592 -0.558962 -1.048306
v 50.598564 -0.647344 -1.024624
v 50.605453 -0.658634 -1.021599
v 50.730698 -0.624959 -1.030622
v 50.715294 -0.598949 -1.037591
v 50.575417 -1.062748 -0.520392
v 50.486259 -0.540118 -0.660431
v 50.647835 -1.149976 -0.497019
v 50.585365 -1.057289 -0.521855
v 50.594467 -1.049593 -0.523916
v 50.620148 -0.658612 -0.628680
v 50.674797 -1.135510 -0.500895
v 50.696251 -0.576877 -1.043505
v 50.601982 -1.040363 -0.526390
v 50.321884 -0.742082 -0.606314
v 50.459671 -0.728076 -0.610067
v 50.322792 -0.694618 -0.619032
v 50.460724 -0.621256 -0.638689
v 50.321884 -0.800455 -0.590673
v 50.621620 -0.800455 -0.590673
v 50.697441 -1.116924 -0.505875
v 50.608139 -1.029383 -0.529332
v 50.614372 -0.590319 -0.646979
v 50.610764 -0.574103 -0.651324
v 50.459671 -0.662698 -0.627585
v 50.325516 -0.650439 -0.630870
v 50.613159 -1.016435 -0.532801
v 50.716347 -1.094506 -0.511882
v 50.605461 -0.560403 -0.654995
v 50.590202 -0.540118 -0.660431
v 50.467903 -0.572625 -0.651720
v 50.617035 -1.001530 -0.536795
v 50.731392 -1.068362 -0.518888
v 50.330048 -0.609763 -0.641769
v 50.478783 -0.549057 -0.658035
v 50.619659 -0.984765 -0.541287
v 50.742485 -1.038613 -0.526859
v 50.620422 -0.728076 -0.610067
v 50.336388 -0.572809 -0.651671
v 50.621147 -0.966032 -0.546307
v 50.751114 -1.004463 -0.536010
v 50.495567 -0.533316 -0.662253
v 50.621620 -0.945219 -0.551884
v 50.757133 -0.966816 -0.546097
v 50.345474 -0.539772 -0.660523
v 50.620422 -0.688380 -0.620703
v 50.358292 -0.510789 -0.668289
v 50.617355 -0.609580 -0.641819
v 50.760666 -0.925662 -0.557124
v 50.374969 -0.485965 -0.674940
v 50.761818 -0.881010 -0.569088
v 50.598572 -0.549113 -0.658020
v 50.395615 -0.465404 -0.680450
v 50.421440 -0.449224 -0.684785
v 50.453629 -0.437528 -0.687919
v 50.507256 -0.528589 -0.663519
v 50.492149 -0.430436 -0.689820
v 50.521439 -0.525836 -0.664257
v 50.761818 -0.716402 -0.613195
v 50.538231 -0.524942 -0.664497
v 50.537018 -0.428044 -0.690460
v 50.760666 -0.670395 -0.625522
v 50.554337 -0.525836 -0.664257
v 50.578239 -0.430197 -0.689883
v 50.619202 -0.632347 -0.635717
v 50.757133 -0.628552 -0.636734
v 50.568291 -0.528589 -0.663519
v 50.580208 -0.533316 -0.662253
v 50.614822 -0.436512 -0.688191
v 50.751114 -0.590647 -0.646891
v 50.646645 -0.446759 -0.685446
v 50.742485 -0.556464 -0.656051
v 50.673592 -0.460731 -0.681702
v 50.730698 -0.526728 -0.664018
v 50.715294 -0.500718 -0.670987
v 50.696251 -0.478646 -0.676902
vt 0.900457 0.995206
vt 0.900457 0.979595
vt 0.901423 0.979595
vt 0.901423 0.995206
vt 0.899336 0.995206
vt 0.899336 0.979595
vt 0.580605 0.750262
vt 0.564994 0.750262
vt 0.564994 0.747101
vt 0.580605 0.747101
vt 0.053609 0.633051
vt 0.055046 0.632972
vt 0.056260 0.632728
vt 0.057260 0.632309
vt 0.058057 0.631707
vt 0.058697 0.630915
vt 0.059220 0.629949
vt 0.059627 0.628827
vt 0.059918 0.627570
vt 0.060114 0.626112
vt 0.060241 0.624519
vt 0.060311 0.622770
vt 0.060332 0.620848
vt 0.060332 0.615056
vt 0.046577 0.615056
vt 0.046474 0.608644
vt 0.072122 0.608644
vt 0.072122 0.613815
vt 0.072044 0.618020
vt 0.071811 0.621933
vt 0.071424 0.625537
vt 0.070881 0.628811
vt 0.070103 0.631737
vt 0.069006 0.634305
vt 0.067579 0.636504
vt 0.065813 0.638325
vt 0.063603 0.639759
vt 0.060848 0.640795
vt 0.057553 0.641423
vt 0.053713 0.641635
vt 0.943087 0.985703
vt 0.958698 0.985703
vt 0.958698 0.987451
vt 0.943087 0.987451
vt 0.943087 0.989045
vt 0.958698 0.989045
vt 0.958698 0.990503
vt 0.943087 0.990503
vt 0.958698 0.991759
vt 0.943087 0.991759
vt 0.943087 0.992881
vt 0.958698 0.992881
vt 0.958698 0.993847
vt 0.943087 0.993847
vt 0.048447 0.630909
vt 0.049162 0.631707
vt 0.050017 0.632309
vt 0.051037 0.632728
vt 0.052231 0.632972
vt 0.050186 0.641444
vt 0.047055 0.640885
vt 0.044333 0.639977
vt 0.042026 0.638739
vt 0.040088 0.637152
vt 0.038458 0.635197
vt 0.037140 0.632893
vt 0.036131 0.630258
vt 0.035393 0.627230
vt 0.034877 0.623872
vt 0.034576 0.620165
vt 0.034477 0.616090
vt 0.034477 0.601508
vt 0.034576 0.597552
vt 0.034877 0.593907
vt 0.035393 0.590571
vt 0.036131 0.587546
vt 0.037081 0.584910
vt 0.038368 0.582595
vt 0.039985 0.580609
vt 0.041923 0.578962
vt 0.044230 0.577681
vt 0.046965 0.576778
vt 0.050126 0.576243
vt 0.053713 0.576067
vt 0.058328 0.576413
vt 0.062245 0.577437
vt 0.065464 0.579121
vt 0.067985 0.581445
vt 0.069809 0.584429
vt 0.071100 0.587947
vt 0.071868 0.591989
vt 0.072122 0.596544
vt 0.072122 0.599026
vt 0.060435 0.599026
vt 0.060435 0.595199
vt 0.060398 0.593629
vt 0.060293 0.592174
vt 0.060130 0.590837
vt 0.059918 0.589615
vt 0.059568 0.588511
vt 0.059129 0.587534
vt 0.058595 0.586691
vt 0.057953 0.585995
vt 0.057161 0.585452
vt 0.056195 0.585064
vt 0.055074 0.584832
vt 0.053816 0.584754
vt 0.052558 0.584830
vt 0.051424 0.585051
vt 0.050428 0.585409
vt 0.049576 0.585891
vt 0.048798 0.586573
vt 0.048154 0.587391
vt 0.047627 0.588364
vt 0.047197 0.589511
vt 0.046866 0.590832
vt 0.046641 0.592317
vt 0.046514 0.593976
vt 0.046474 0.595820
vt 0.046577 0.618572
vt 0.046599 0.621209
vt 0.046680 0.623537
vt 0.046839 0.625553
vt 0.047094 0.627259
vt 0.047403 0.628696
vt 0.047857 0.629910
vt 0.779669 0.997995
vt 0.779669 0.982384
vt 0.780466 0.982384
vt 0.780466 0.997995
vt 0.842092 0.996030
vt 0.842092 0.980419
vt 0.844729 0.980419
vt 0.844729 0.996030
vt 0.836042 0.996030
vt 0.836042 0.980419
vt 0.837749 0.980419
vt 0.837749 0.996030
vt 0.834606 0.996030
vt 0.834606 0.980419
vt 0.833392 0.996030
vt 0.833392 0.980419
vt 0.788564 0.997995
vt 0.788564 0.982384
vt 0.789279 0.982384
vt 0.789279 0.997995
vt 0.092717 0.641423
vt 0.089422 0.640794
vt 0.086667 0.639759
vt 0.084457 0.638325
vt 0.082691 0.636504
vt 0.081264 0.634305
vt 0.080167 0.631737
vt 0.079389 0.628810
vt 0.078847 0.625536
vt 0.078459 0.621933
vt 0.078226 0.618020
vt 0.078149 0.613814
vt 0.078149 0.608644
vt 0.103796 0.608644
vt 0.103693 0.615056
vt 0.089939 0.615056
vt 0.089939 0.620847
vt 0.089960 0.622770
vt 0.090029 0.624518
vt 0.090156 0.626112
vt 0.090353 0.627570
vt 0.090643 0.628827
vt 0.091051 0.629948
vt 0.091574 0.630914
vt 0.092214 0.631706
vt 0.093010 0.632309
vt 0.094010 0.632727
vt 0.095224 0.632971
vt 0.096557 0.641635
vt 0.110182 0.637152
vt 0.108244 0.638739
vt 0.105937 0.639977
vt 0.103215 0.640884
vt 0.100085 0.641443
vt 0.096661 0.633050
vt 0.098039 0.632971
vt 0.099233 0.632727
vt 0.100253 0.632309
vt 0.101108 0.631706
vt 0.101824 0.630909
vt 0.102414 0.629910
vt 0.102868 0.628695
vt 0.103176 0.627259
vt 0.103431 0.625553
vt 0.103590 0.623536
vt 0.103671 0.621209
vt 0.103693 0.618572
vt 0.103796 0.595820
vt 0.103756 0.593976
vt 0.103629 0.592316
vt 0.103404 0.590831
vt 0.103073 0.589511
vt 0.102643 0.588364
vt 0.102116 0.587391
vt 0.101473 0.586573
vt 0.100694 0.585891
vt 0.099842 0.585408
vt 0.098846 0.585051
vt 0.097712 0.584829
vt 0.096454 0.584754
vt 0.095197 0.584831
vt 0.094075 0.585063
vt 0.093109 0.585452
vt 0.092317 0.585995
vt 0.091675 0.586691
vt 0.091141 0.587533
vt 0.090702 0.588510
vt 0.090352 0.589614
vt 0.090140 0.590836
vt 0.089977 0.592174
vt 0.089872 0.593629
vt 0.089835 0.595199
vt 0.089835 0.599026
vt 0.078149 0.599026
vt 0.078149 0.596544
vt 0.078402 0.591988
vt 0.079170 0.587947
vt 0.080461 0.584429
vt 0.082285 0.581444
vt 0.084806 0.579121
vt 0.088025 0.577437
vt 0.091942 0.576412
vt 0.096557 0.576067
vt 0.100144 0.576242
vt 0.103305 0.576778
vt 0.106040 0.577681
vt 0.108347 0.578962
vt 0.110285 0.580608
vt 0.111902 0.582595
vt 0.113189 0.584910
vt 0.114139 0.587546
vt 0.114877 0.590571
vt 0.115393 0.593907
vt 0.115694 0.597552
vt 0.115793 0.601507
vt 0.115793 0.616089
vt 0.115694 0.620165
vt 0.115393 0.623872
vt 0.114877 0.627230
vt 0.114139 0.630258
vt 0.113130 0.632892
vt 0.111812 0.635197
vt 0.580605 0.768121
vt 0.580605 0.769945
vt 0.564994 0.769945
vt 0.564994 0.768121
vt 0.580605 0.765600
vt 0.564994 0.765600
vt 0.868870 0.995991
vt 0.865352 0.995991
vt 0.865352 0.980380
vt 0.868870 0.980380
vt 0.580605 0.762381
vt 0.564994 0.762381
vt 0.861310 0.995991
vt 0.861310 0.980380
vt 0.580605 0.758464
vt 0.564994 0.758464
vt 0.856755 0.995991
vt 0.856755 0.980380
vt 0.854273 0.995991
vt 0.854273 0.980380
vt 0.580605 0.753849
vt 0.564994 0.753849
vt 0.903392 0.995206
vt 0.902857 0.995206
vt 0.902857 0.979595
vt 0.903392 0.979595
vt 0.902215 0.995206
vt 0.902215 0.979595
vt 0.885412 0.979637
vt 0.886389 0.979637
vt 0.886389 0.995248
vt 0.885412 0.995248
vt 0.884308 0.979637
vt 0.884308 0.995248
vt 0.827365 0.996030
vt 0.815679 0.996030
vt 0.815679 0.980419
vt 0.827365 0.980419
vt 0.883086 0.979637
vt 0.883086 0.995248
vt 0.881748 0.979637
vt 0.881748 0.995248
vt 0.880294 0.979637
vt 0.880294 0.995248
vt 0.898078 0.995206
vt 0.898078 0.979595
vt 0.878723 0.979637
vt 0.878723 0.995248
vt 0.764392 0.952815
vt 0.764392 0.957986
vt 0.748781 0.957986
vt 0.748781 0.952815
vt 0.896820 0.995206
vt 0.896820 0.979595
vt 0.895687 0.995206
vt 0.895687 0.979595
vt 0.874897 0.979637
vt 0.874897 0.995248
vt 0.580605 0.744366
vt 0.564994 0.744366
vt 0.894690 0.995206
vt 0.894690 0.979595
vt 0.764392 0.962190
vt 0.748781 0.962190
vt 0.893838 0.995206
vt 0.893838 0.979595
vt 0.893060 0.995206
vt 0.893060 0.979595
vt 0.580605 0.742059
vt 0.564994 0.742059
vt 0.764392 0.966104
vt 0.748781 0.966104
vt 0.892416 0.995206
vt 0.892416 0.979595
vt 0.948178 0.952815
vt 0.948178 0.953788
vt 0.932567 0.953788
vt 0.932567 0.952815
vt 0.580605 0.740121
vt 0.564994 0.740121
vt 0.948178 0.954935
vt 0.932567 0.954935
vt 0.764392 0.969708
vt 0.748781 0.969708
vt 0.948178 0.956255
vt 0.932567 0.956255
vt 0.787365 0.952815
vt 0.787365 0.978463
vt 0.771754 0.978463
vt 0.771754 0.952815
vt 0.948178 0.957740
vt 0.932567 0.957740
vt 0.580605 0.738504
vt 0.564994 0.738504
vt 0.764392 0.972982
vt 0.748781 0.972982
vt 0.948178 0.959400
vt 0.932567 0.959400
vt 0.948178 0.961243
vt 0.932567 0.961243
vt 0.358234 0.667211
vt 0.358234 0.664895
vt 0.373846 0.664895
vt 0.373846 0.667211
vt 0.764392 0.975908
vt 0.748781 0.975908
vt 0.958698 0.977988
vt 0.958698 0.983780
vt 0.943087 0.983780
vt 0.943087 0.977988
vt 0.358234 0.669847
vt 0.373846 0.669847
vt 0.764392 0.978476
vt 0.748781 0.978476
vt 0.948178 0.974068
vt 0.932567 0.974068
vt 0.358234 0.672872
vt 0.373846 0.672872
vt 0.649525 0.770706
vt 0.649525 0.772133
vt 0.633914 0.772133
vt 0.633914 0.770706
vt 0.795897 0.982248
vt 0.809652 0.982248
vt 0.809651 0.997859
vt 0.795896 0.997859
vt 0.358234 0.676207
vt 0.373846 0.676207
vt 0.649525 0.773899
vt 0.633914 0.773899
vt 0.358234 0.679853
vt 0.373846 0.679853
vt 0.649525 0.776110
vt 0.633914 0.776110
vt 0.779029 0.982384
vt 0.779030 0.997995
vt 0.358234 0.683809
vt 0.373846 0.683809
vt 0.848246 0.980419
vt 0.848246 0.996030
vt 0.781466 0.982384
vt 0.781466 0.997995
vt 0.649525 0.778864
vt 0.633914 0.778864
vt 0.782680 0.982384
vt 0.782680 0.997995
vt 0.784117 0.982384
vt 0.784117 0.997995
vt 0.839765 0.980419
vt 0.839765 0.996030
vt 0.649525 0.782160
vt 0.633914 0.782160
vt 0.785495 0.982384
vt 0.785495 0.997995
vt 0.786689 0.982384
vt 0.786689 0.997995
vt 0.358234 0.698391
vt 0.373846 0.698391
vt 0.787708 0.982384
vt 0.787708 0.997995
vt 0.789869 0.982384
vt 0.789870 0.997995
vt 0.649525 0.786000
vt 0.633914 0.786000
vt 0.649525 0.789527
vt 0.633914 0.789527
vt 0.358234 0.702466
vt 0.373846 0.702466
vt 0.649525 0.792657
vt 0.633914 0.792657
vt 0.358234 0.706173
vt 0.373846 0.706173
vt 0.649525 0.795380
vt 0.633914 0.795380
vt 0.358234 0.709531
vt 0.373846 0.709531
vt 0.358234 0.712559
vt 0.373846 0.712559
vt 0.649525 0.797686
vt 0.633914 0.797686
vt 0.358234 0.715193
vt 0.373846 0.715193
vt 0.649525 0.799625
vt 0.633914 0.799625
vt 0.358234 0.717498
vt 0.373846 0.717498
vt 0.649525 0.801254
vt 0.633914 0.801254
vn 0.284896 0.925896 -0.248093
vn 0.284896 0.925896 -0.248093
vn 0.467887 0.853674 -0.228741
vn 0.467887 0.853674 -0.228741
vn 0.129340 0.957812 -0.256645
vn 0.129340 0.957812 -0.256645
vn 0.284896 0.925896 -0.248093
vn 0.284896 0.925896 -0.248093
vn 0.104784 -0.960608 0.257394
vn 0.104784 -0.960608 0.257394
vn 0.237017 -0.938402 0.251444
vn 0.237017 -0.938402 0.251444
vn 0.000002 -0.258819 -0.965926
vn 0.000000 -0.258819 -0.965926
vn 0.000000 -0.258819 -0.965926
vn 0.000000 -0.258819 -0.965926
vn 0.000000 -0.258819 -0.965926
vn 0.000000 -0.258819 -0.965926
vn 0.000000 -0.258819 -0.965926
vn 0.000000 -0.258819 -0.965926
vn 0.000000 -0.258819 -0.965926
vn 0.000000 -0.258819 -0.965926
vn 0.000000 -0.258819 -0.965926
vn 0.000000 -0.258819 -0.965926
vn 0.000000 -0.258819 -0.965926
vn 0.000000 -0.258819 -0.965926
vn 0.000002 -0.258819 -0.965926
vn 0.000002 -0.258819 -0.965926
vn 0.000000 -0.258819 -0.965926
vn 0.000000 -0.258819 -0.965926
vn 0.000000 -0.258819 -0.965926
vn 0.000000 -0.258819 -0.965926
vn 0.000000 -0.258819 -0.965926
vn 0.000000 -0.258819 -0.965926
vn 0.000000 -0.258819 -0.965926
vn 0.000000 -0.258819 -0.965926
vn 0.000000 -0.258819 -0.965926
vn 0.000000 -0.258819 -0.965926
vn 0.000000 -0.258819 -0.965926
vn 0.000000 -0.258819 -0.965926
vn 0.000000 -0.258819 -0.965926
vn 0.000002 -0.258819 -0.965926
vn 0.999696 -0.023804 0.006370
vn 0.999696 -0.023804 0.006370
vn 0.998264 -0.056885 0.015234
vn 0.998264 -0.056886 0.015234
vn 0.994436 -0.101755 0.027257
vn 0.994436 -0.101755 0.027257
vn 0.984326 -0.170351 0.045637
vn 0.984326 -0.170351 0.045637
vn 0.984326 -0.170351 0.045637
vn 0.984326 -0.170351 0.045637
vn 0.959533 -0.272004 0.072875
vn 0.959533 -0.272004 0.072875
vn 0.913343 -0.393319 0.105382
vn 0.913343 -0.393319 0.105382
vn 0.833929 -0.533068 0.142828
vn 0.833929 -0.533069 0.142828
vn 0.000002 -0.258819 -0.965926
vn 0.000002 -0.258819 -0.965926
vn 0.000002 -0.258819 -0.965926
vn 0.000002 -0.258819 -0.965926
vn 0.000002 -0.258819 -0.965926
vn 0.000002 -0.258819 -0.965926
vn 0.000002 -0.258819 -0.965926
vn 0.000002 -0.258819 -0.965926
vn 0.000002 -0.258819 -0.965926
vn 0.000002 -0.258819 -0.965926
vn 0.000002 -0.258819 -0.965926
vn 0.000002 -0.258819 -0.965926
vn 0.000002 -0.258819 -0.965926
vn 0.000002 -0.258819 -0.965926
vn 0.000002 -0.258819 -0.965926
vn 0.000002 -0.258819 -0.965926
vn 0.000002 -0.258819 -0.965926
vn 0.000002 -0.258819 -0.965926
vn 0.000002 -0.258819 -0.965926
vn 0.000002 -0.258819 -0.965926
vn 0.000002 -0.258819 -0.965926
vn 0.000002 -0.258819 -0.965926
vn 0.000002 -0.258819 -0.965926
vn 0.000002 -0.258819 -0.965926
vn 0.000002 -0.258819 -0.965926
vn 0.000002 -0.258819 -0.965926
vn 0.000002 -0.258819 -0.965926
vn 0.000002 -0.258819 -0.965926
vn 0.000002 -0.258819 -0.965926
vn 0.000002 -0.258819 -0.965926
vn 0.000002 -0.258819 -0.965926
vn 0.000002 -0.258819 -0.965926
vn 0.000002 -0.258819 -0.965926
vn 0.000002 -0.258819 -0.965926
vn 0.000002 -0.258819 -0.965926
vn 0.000002 -0.258819 -0.965926
vn 0.000002 -0.258819 -0.965926
vn 0.000002 -0.258819 -0.965926
vn 0.000002 -0.258819 -0.965926
vn 0.000002 -0.258819 -0.965926
vn 0.000002 -0.258819 -0.965926
vn 0.000002 -0.258819 -0.965926
vn 0.000002 -0.258819 -0.965926
vn 0.000002 -0.258819 -0.965926
vn 0.000002 -0.258819 -0.965926
vn 0.000002 -0.258819 -0.965926
vn 0.000002 -0.258819 -0.965926
vn 0.000002 -0.258819 -0.965926
vn 0.000002 -0.258819 -0.965926
vn 0.000002 -0.258819 -0.965926
vn 0.000002 -0.258819 -0.965926
vn 0.000002 -0.258819 -0.965926
vn 0.000002 -0.258819 -0.965926
vn 0.000002 -0.258819 -0.965926
vn 0.000002 -0.258819 -0.965926
vn 0.000002 -0.258819 -0.965926
vn 0.000002 -0.258819 -0.965926
vn 0.000002 -0.258819 -0.965926
vn 0.000002 -0.258819 -0.965926
vn 0.000002 -0.258819 -0.965926
vn 0.000002 -0.258819 -0.965926
vn 0.000002 -0.258819 -0.965926
vn 0.000002 -0.258819 -0.965926
vn 0.000002 -0.258819 -0.965926
vn 0.000002 -0.258819 -0.965926
vn 0.000002 -0.258819 -0.965926
vn 0.000002 -0.258819 -0.965926
vn 0.000002 -0.258819 -0.965926
vn 0.000002 -0.258819 -0.965926
vn 0.000002 -0.258819 -0.965926
vn 0.000002 -0.258819 -0.965926
vn 0.000002 -0.258819 -0.965926
vn 0.000002 -0.258819 -0.965926
vn 0.000002 -0.258819 -0.965926
vn 0.000002 -0.258819 -0.965926
vn 0.000002 -0.258819 -0.965926
vn 0.696538 -0.693072 0.185702
vn 0.696539 -0.693072 0.185702
vn 0.494121 -0.839770 0.225012
vn 0.494120 -0.839771 0.225012
vn -0.999783 -0.020118 0.005400
vn -0.999783 -0.020118 0.005400
vn -0.999993 -0.003550 0.000960
vn -0.999993 -0.003550 0.000960
vn -0.984281 -0.170589 0.045718
vn -0.984281 -0.170589 0.045718
vn -0.993884 -0.106666 0.028590
vn -0.993884 -0.106666 0.028590
vn -0.960991 -0.267154 0.071592
vn -0.960991 -0.267154 0.071592
vn -0.984281 -0.170589 0.045718
vn -0.984281 -0.170589 0.045718
vn -0.904488 -0.411964 0.110393
vn -0.904488 -0.411964 0.110393
vn -0.960991 -0.267154 0.071592
vn -0.960991 -0.267154 0.071592
vn -0.665224 -0.721201 0.193251
vn -0.665223 -0.721202 0.193251
vn -0.808987 -0.567795 0.152147
vn -0.808987 -0.567795 0.152147
vn 0.000000 0.258819 0.965926
vn 0.000000 0.258819 0.965926
vn 0.000000 0.258819 0.965926
vn 0.000000 0.258819 0.965926
vn 0.000000 0.258819 0.965926
vn 0.000000 0.258819 0.965926
vn 0.000000 0.258819 0.965926
vn 0.000000 0.258819 0.965926
vn 0.000000 0.258819 0.965926
vn 0.000000 0.258819 0.965926
vn 0.000000 0.258819 0.965926
vn 0.000000 0.258819 0.965926
vn 0.000000 0.258819 0.965926
vn 0.000002 0.258819 0.965926
vn 0.000002 0.258819 0.965926
vn 0.000000 0.258819 0.965926
vn 0.000000 0.258819 0.965926
vn 0.000000 0.258819 0.965926
vn 0.000000 0.258819 0.965926
vn 0.000000 0.258819 0.965926
vn 0.000000 0.258819 0.965926
vn 0.000000 0.258819 0.965926
vn 0.000000 0.258819 0.965926
vn 0.000000 0.258819 0.965926
vn 0.000000 0.258819 0.965926
vn 0.000000 0.258819 0.965926
vn 0.000000 0.258819 0.965926
vn 0.000002 0.258819 0.965926
vn 0.000002 0.258819 0.965926
vn 0.000002 0.258819 0.965926
vn 0.000002 0.258819 0.965926
vn 0.000002 0.258819 0.965926
vn 0.000002 0.258819 0.965926
vn 0.000002 0.258819 0.965926
vn 0.000002 0.258819 0.965926
vn 0.000002 0.258819 0.965926
vn 0.000002 0.258819 0.965926
vn 0.000002 0.258819 0.965926
vn 0.000002 0.258819 0.965926
vn 0.000002 0.258819 0.965926
vn 0.000002 0.258819 0.965926
vn 0.000002 0.258819 0.965926
vn 0.000002 0.258819 0.965926
vn 0.000002 0.258819 0.965926
vn 0.000002 0.258819 0.965926
vn 0.000002 0.258819 0.965926
vn 0.000002 0.258819 0.965926
vn 0.000002 0.258819 0.965926
vn 0.000002 0.258819 0.965926
vn 0.000002 0.258819 0.965926
vn 0.000002 0.258819 0.965926
vn 0.000002 0.258819 0.965926
vn 0.000002 0.258819 0.965926
vn 0.000002 0.258819 0.965926
vn 0.000002 0.258819 0.965926
vn 0.000002 0.258819 0.965926
vn 0.000002 0.258819 0.965926
vn 0.000002 0.258819 0.965926
vn 0.000002 0.258819 0.965926
vn 0.000002 0.258819 0.965926
vn 0.000002 0.258819 0.965926
vn 0.000002 0.258819 0.965926
vn 0.000002 0.258819 0.965926
vn 0.000002 0.258819 0.965926
vn 0.000002 0.258819 0.965926
vn 0.000002 0.258819 0.965926
vn 0.000002 0.258819 0.965926
vn 0.000002 0.258819 0.965926
vn 0.000002 0.258819 0.965926
vn 0.000002 0.258819 0.965926
vn 0.000002 0.258819 0.965926
vn 0.000002 0.258819 0.965926
vn 0.000002 0.258819 0.965926
vn 0.000002 0.258819 0.965926
vn 0.000002 0.258819 0.965926
vn 0.000002 0.258819 0.965926
vn 0.000002 0.258819 0.965926
vn 0.000002 0.258819 0.965926
vn 0.000002 0.258819 0.965926
vn 0.000002 0.258819 0.965926
vn 0.000002 0.258819 0.965926
vn 0.000002 0.258819 0.965926
vn 0.000002 0.258819 0.965926
vn 0.000002 0.258819 0.965926
vn 0.000002 0.258819 0.965926
vn 0.000002 0.258819 0.965926
vn 0.000002 0.258819 0.965926
vn 0.000002 0.258819 0.965926
vn 0.000002 0.258819 0.965926
vn 0.000002 0.258819 0.965926
vn 0.000002 0.258819 0.965926
vn 0.000002 0.258819 0.965926
vn 0.000002 0.258819 0.965926
vn 0.000002 0.258819 0.965926
vn 0.000002 0.258819 0.965926
vn 0.000002 0.258819 0.965926
vn 0.000002 0.258819 0.965926
vn 0.000002 0.258819 0.965926
vn 0.000002 0.258819 0.965926
vn 0.000002 0.258819 0.965926
vn 0.000002 0.258819 0.965926
vn 0.000002 0.258819 0.965926
vn 0.000002 0.258819 0.965926
vn 0.000002 0.258819 0.965926
vn 0.000002 0.258819 0.965926
vn 0.000002 0.258819 0.965926
vn -0.773810 -0.611834 0.163940
vn -0.901830 -0.417367 0.111833
vn -0.901830 -0.417367 0.111833
vn -0.773810 -0.611834 0.163940
vn -0.572470 -0.791987 0.212212
vn -0.773810 -0.611834 0.163940
vn -0.773810 -0.611834 0.163940
vn -0.572470 -0.791987 0.212212
vn -0.901830 -0.417367 0.111833
vn -0.964859 -0.253814 0.068009
vn -0.964859 -0.253814 0.068009
vn -0.901830 -0.417367 0.111833
vn -0.354833 -0.903073 0.241978
vn -0.572470 -0.791987 0.212212
vn -0.572470 -0.791987 0.212212
vn -0.354833 -0.903073 0.241978
vn -0.964859 -0.253814 0.068009
vn -0.993017 -0.113948 0.030532
vn -0.993017 -0.113948 0.030532
vn -0.964859 -0.253814 0.068009
vn -0.158574 -0.953704 0.255544
vn -0.354833 -0.903073 0.241978
vn -0.354833 -0.903073 0.241978
vn -0.158574 -0.953704 0.255544
vn -0.993017 -0.113948 0.030532
vn -0.999351 -0.034800 0.009325
vn -0.999351 -0.034800 0.009325
vn -0.993017 -0.113948 0.030532
vn -0.999351 -0.034800 0.009325
vn -1.000000 0.000000 0.000000
vn -1.000000 0.000000 0.000000
vn -0.999351 -0.034800 0.009325
vn -0.020681 -0.965719 0.258764
vn -0.158574 -0.953704 0.255544
vn -0.158574 -0.953704 0.255544
vn -0.020681 -0.965719 0.258764
vn 0.104784 -0.960608 0.257394
vn -0.020681 -0.965719 0.258764
vn -0.020681 -0.965719 0.258764
vn 0.104784 -0.960608 0.257394
vn 0.881876 0.455417 -0.122028
vn 0.794358 0.586752 -0.157220
vn 0.794358 0.586752 -0.157220
vn 0.881876 0.455417 -0.122028
vn 0.794358 0.586752 -0.157220
vn 0.654087 0.730645 -0.195776
vn 0.654087 0.730645 -0.195776
vn 0.794358 0.586752 -0.157220
vn 0.935130 0.342233 -0.091701
vn 0.881876 0.455417 -0.122028
vn 0.881876 0.455417 -0.122028
vn 0.935130 0.342233 -0.091701
vn 0.654087 0.730645 -0.195776
vn 0.467887 0.853674 -0.228741
vn 0.467887 0.853674 -0.228741
vn 0.654087 0.730645 -0.195776
vn 0.971981 0.227051 -0.060838
vn 0.935130 0.342233 -0.091701
vn 0.935130 0.342233 -0.091701
vn 0.971981 0.227051 -0.060838
vn 0.000000 0.965926 -0.258819
vn 0.000000 0.965926 -0.258819
vn 0.000000 0.965926 -0.258819
vn 0.000000 0.965926 -0.258819
vn 0.989444 0.139980 -0.037508
vn 0.971981 0.227051 -0.060838
vn 0.971981 0.227051 -0.060838
vn 0.989444 0.139980 -0.037508
vn 0.995417 0.092367 -0.024750
vn 0.989444 0.139980 -0.037508
vn 0.989444 0.139980 -0.037508
vn 0.995417 0.092367 -0.024750
vn 0.998897 0.045357 -0.012153
vn 0.995417 0.092367 -0.024750
vn 0.995417 0.092367 -0.024750
vn 0.998897 0.045357 -0.012153
vn 0.129340 0.957812 -0.256645
vn 0.000643 0.965926 -0.258819
vn 0.000643 0.965926 -0.258819
vn 0.129340 0.957812 -0.256645
vn 0.999976 0.006651 -0.001782
vn 0.998897 0.045357 -0.012153
vn 0.998897 0.045357 -0.012153
vn 0.999976 0.006651 -0.001782
vn -1.000000 0.000000 0.000000
vn -0.999966 0.007991 -0.002141
vn -0.999966 0.007991 -0.002141
vn -1.000000 0.000000 0.000000
vn 0.000643 0.965926 -0.258819
vn -0.123374 0.958546 -0.256842
vn -0.123374 0.958546 -0.256842
vn 0.000643 0.965926 -0.258819
vn -0.123374 0.958546 -0.256842
vn -0.262126 0.932151 -0.249769
vn -0.262126 0.932151 -0.249769
vn -0.123374 0.958546 -0.256842
vn 1.000000 0.000000 0.000000
vn 0.999976 0.006651 -0.001782
vn 0.999976 0.006651 -0.001782
vn 1.000000 0.000000 0.000000
vn 0.397608 -0.886290 0.237481
vn 0.237017 -0.938402 0.251444
vn 0.237017 -0.938402 0.251444
vn 0.397608 -0.886290 0.237481
vn -0.262126 0.932151 -0.249769
vn -0.413802 0.879347 -0.235620
vn -0.413802 0.879347 -0.235620
vn -0.262126 0.932151 -0.249769
vn -0.999966 0.007991 -0.002141
vn -0.999270 0.036888 -0.009884
vn -0.999270 0.036888 -0.009884
vn -0.999966 0.007991 -0.002141
vn -0.413802 0.879347 -0.235620
vn -0.581391 0.785901 -0.210581
vn -0.581391 0.785901 -0.210581
vn -0.413802 0.879347 -0.235620
vn -0.581391 0.785901 -0.210581
vn -0.725625 0.664644 -0.178091
vn -0.725625 0.664644 -0.178091
vn -0.581391 0.785901 -0.210581
vn 0.567791 -0.795124 0.213053
vn 0.397608 -0.886290 0.237481
vn 0.397608 -0.886290 0.237481
vn 0.567791 -0.795124 0.213053
vn -0.999270 0.036888 -0.009884
vn -0.996611 0.079462 -0.021292
vn -0.996611 0.079462 -0.021292
vn -0.999270 0.036888 -0.009884
vn -0.725625 0.664644 -0.178091
vn -0.837129 0.528366 -0.141575
vn -0.837129 0.528366 -0.141575
vn -0.725625 0.664644 -0.178091
vn -0.837129 0.528366 -0.141575
vn -0.911505 0.397275 -0.106449
vn -0.911505 0.397275 -0.106449
vn -0.837129 0.528366 -0.141575
vn 0.714696 -0.675603 0.181027
vn 0.567791 -0.795124 0.213053
vn 0.567791 -0.795124 0.213053
vn 0.714696 -0.675603 0.181027
vn -0.911505 0.397275 -0.106449
vn -0.955576 0.284702 -0.076286
vn -0.955576 0.284702 -0.076286
vn -0.911505 0.397275 -0.106449
vn -0.996611 0.079462 -0.021292
vn -0.990966 0.129545 -0.034712
vn -0.990966 0.129545 -0.034712
vn -0.996611 0.079462 -0.021292
vn -0.955576 0.284702 -0.076286
vn -0.980926 0.187757 -0.050309
vn -0.980926 0.187757 -0.050309
vn -0.955576 0.284702 -0.076286
vn 0.000000 -0.965926 0.258819
vn 0.000000 -0.965926 0.258819
vn 0.000000 -0.965926 0.258819
vn 0.000000 -0.965926 0.258819
vn -0.980926 0.187757 -0.050309
vn -0.993784 0.107535 -0.028814
vn -0.993784 0.107535 -0.028814
vn -0.980926 0.187757 -0.050309
vn 0.828683 -0.540646 0.144866
vn 0.714696 -0.675603 0.181027
vn 0.714696 -0.675603 0.181027
vn 0.828683 -0.540646 0.144866
vn -0.990966 0.129545 -0.034712
vn -0.978074 0.201163 -0.053901
vn -0.978074 0.201163 -0.053901
vn -0.990966 0.129545 -0.034712
vn -0.993784 0.107535 -0.028814
vn -0.998851 0.046281 -0.012401
vn -0.998851 0.046281 -0.012401
vn -0.993784 0.107535 -0.028814
vn -0.998851 0.046281 -0.012401
vn -0.999996 0.002660 -0.000713
vn -0.999996 0.002660 -0.000713
vn -0.998851 0.046281 -0.012401
vn 0.911342 -0.397624 0.106543
vn 0.828683 -0.540646 0.144866
vn 0.828683 -0.540646 0.144866
vn 0.911342 -0.397624 0.106543
vn -0.978074 0.201163 -0.053901
vn -0.946433 0.311897 -0.083573
vn -0.946433 0.311897 -0.083573
vn -0.978074 0.201163 -0.053901
vn 1.000000 -0.000002 -0.000008
vn 0.999996 -0.002632 0.000697
vn 0.999996 -0.002632 0.000697
vn 1.000000 -0.000002 -0.000008
vn 0.958344 -0.275884 0.073923
vn 0.911342 -0.397624 0.106543
vn 0.911342 -0.397624 0.106543
vn 0.958344 -0.275884 0.073923
vn -0.946433 0.311897 -0.083573
vn -0.883759 0.451998 -0.121113
vn -0.883759 0.451998 -0.121113
vn -0.946433 0.311897 -0.083573
vn 0.999996 -0.002632 0.000697
vn 0.999696 -0.023804 0.006370
vn 0.999696 -0.023804 0.006370
vn 0.999996 -0.002632 0.000697
vn -0.999996 0.002660 -0.000713
vn -1.000000 0.000000 0.000000
vn -1.000000 0.000000 0.000000
vn -0.999996 0.002660 -0.000713
vn 0.981114 -0.186840 0.050064
vn 0.958344 -0.275884 0.073923
vn 0.958344 -0.275884 0.073923
vn 0.981114 -0.186840 0.050064
vn -0.883759 0.451998 -0.121113
vn -0.783074 0.600736 -0.160967
vn -0.783074 0.600736 -0.160967
vn -0.883759 0.451998 -0.121113
vn 0.000000 0.965926 -0.258819
vn 0.000000 0.965926 -0.258819
vn 0.000000 0.965926 -0.258819
vn 0.000000 0.965926 -0.258819
vn 0.998264 -0.056885 0.015234
vn 0.994436 -0.101755 0.027257
vn 0.994436 -0.101755 0.027257
vn 0.998264 -0.056886 0.015234
vn 0.993210 -0.112371 0.030110
vn 0.981114 -0.186840 0.050064
vn 0.981114 -0.186840 0.050064
vn 0.993210 -0.112371 0.030110
vn -0.783074 0.600736 -0.160967
vn -0.633323 0.747518 -0.200297
vn -0.633323 0.747518 -0.200297
vn -0.783074 0.600736 -0.160967
vn 0.959533 -0.272004 0.072875
vn 0.913343 -0.393319 0.105382
vn 0.913343 -0.393319 0.105382
vn 0.959533 -0.272004 0.072875
vn 0.998613 -0.050854 0.013626
vn 0.993210 -0.112371 0.030110
vn 0.993210 -0.112371 0.030110
vn 0.998613 -0.050854 0.013626
vn -0.633323 0.747518 -0.200297
vn -0.445347 0.864850 -0.231736
vn -0.445347 0.864850 -0.231736
vn -0.633323 0.747518 -0.200297
vn 0.833929 -0.533068 0.142828
vn 0.696539 -0.693072 0.185702
vn 0.696538 -0.693072 0.185702
vn 0.833929 -0.533069 0.142828
vn 0.999986 -0.005136 0.001376
vn 0.998613 -0.050854 0.013626
vn 0.998613 -0.050854 0.013626
vn 0.999986 -0.005136 0.001376
vn -0.999993 -0.003550 0.000960
vn -1.000000 0.000002 0.000008
vn -1.000000 0.000002 0.000008
vn -0.999993 -0.003550 0.000960
vn 0.494121 -0.839770 0.225012
vn 0.286704 -0.925376 0.247951
vn 0.286703 -0.925376 0.247951
vn 0.494120 -0.839771 0.225012
vn -0.445347 0.864850 -0.231736
vn -0.265252 0.931326 -0.249548
vn -0.265252 0.931326 -0.249548
vn -0.445347 0.864850 -0.231736
vn 0.286704 -0.925376 0.247951
vn 0.121053 -0.958823 0.256915
vn 0.121053 -0.958823 0.256915
vn 0.286703 -0.925376 0.247951
vn 0.121053 -0.958823 0.256915
vn 0.000000 -0.965926 0.258819
vn 0.000000 -0.965926 0.258819
vn 0.121053 -0.958823 0.256915
vn -0.998488 -0.053101 0.014237
vn -0.999783 -0.020118 0.005400
vn -0.999783 -0.020118 0.005400
vn -0.998488 -0.053101 0.014237
vn -0.265252 0.931326 -0.249548
vn -0.116946 0.959298 -0.257043
vn -0.116946 0.959298 -0.257043
vn -0.265252 0.931326 -0.249548
vn 0.000000 -0.965926 0.258819
vn -0.124646 -0.958393 0.256802
vn -0.124647 -0.958393 0.256801
vn 0.000000 -0.965926 0.258819
vn -0.993884 -0.106666 0.028590
vn -0.998488 -0.053101 0.014237
vn -0.998488 -0.053101 0.014237
vn -0.993884 -0.106666 0.028590
vn -0.124646 -0.958393 0.256802
vn -0.286704 -0.925375 0.247956
vn -0.286705 -0.925375 0.247956
vn -0.124647 -0.958393 0.256801
vn 0.999986 0.005103 -0.001367
vn 0.999986 -0.005136 0.001376
vn 0.999986 -0.005136 0.001376
vn 0.999986 0.005103 -0.001367
vn -0.286704 -0.925375 0.247956
vn -0.478432 -0.848202 0.227280
vn -0.478432 -0.848202 0.227280
vn -0.286705 -0.925375 0.247956
vn -0.478432 -0.848202 0.227280
vn -0.665223 -0.721202 0.193251
vn -0.665224 -0.721201 0.193251
vn -0.478432 -0.848202 0.227280
vn -0.808987 -0.567795 0.152147
vn -0.904488 -0.411964 0.110393
vn -0.904488 -0.411964 0.110393
vn -0.808987 -0.567795 0.152147
vn -0.116946 0.959298 -0.257043
vn -0.002851 0.965922 -0.258818
vn -0.002851 0.965922 -0.258818
vn -0.116946 0.959298 -0.257043
vn -0.002851 0.965922 -0.258818
vn 0.111913 0.959858 -0.257193
vn 0.111913 0.959858 -0.257193
vn -0.002851 0.965922 -0.258818
vn 0.998677 0.049675 -0.013310
vn 0.999986 0.005103 -0.001367
vn 0.999986 0.005103 -0.001367
vn 0.998677 0.049675 -0.013310
vn 0.111913 0.959858 -0.257193
vn 0.243166 0.936933 -0.251051
vn 0.243166 0.936933 -0.251051
vn 0.111913 0.959858 -0.257193
vn 0.993369 0.111052 -0.029756
vn 0.998677 0.049675 -0.013310
vn 0.998677 0.049675 -0.013310
vn 0.993369 0.111052 -0.029756
vn 0.243166 0.936933 -0.251051
vn 0.392493 0.888415 -0.238050
vn 0.392493 0.888415 -0.238050
vn 0.243166 0.936933 -0.251051
vn 0.981262 0.186112 -0.049868
vn 0.993369 0.111052 -0.029756
vn 0.993369 0.111052 -0.029756
vn 0.981262 0.186112 -0.049868
vn 0.955561 0.284749 -0.076298
vn 0.981262 0.186112 -0.049868
vn 0.981262 0.186112 -0.049868
vn 0.955561 0.284749 -0.076298
vn 0.392493 0.888415 -0.238050
vn 0.553967 0.804170 -0.215477
vn 0.553967 0.804170 -0.215477
vn 0.392493 0.888415 -0.238050
vn 0.904604 0.411730 -0.110323
vn 0.955561 0.284749 -0.076298
vn 0.955561 0.284749 -0.076298
vn 0.904604 0.411730 -0.110323
vn 0.553967 0.804170 -0.215477
vn 0.704531 0.685492 -0.183677
vn 0.704531 0.685492 -0.183677
vn 0.553967 0.804170 -0.215477
vn 0.822327 0.549626 -0.147272
vn 0.904604 0.411730 -0.110323
vn 0.904604 0.411730 -0.110323
vn 0.822327 0.549626 -0.147272
vn 0.704531 0.685492 -0.183677
vn 0.822327 0.549626 -0.147272
vn 0.822327 0.549626 -0.147272
vn 0.704531 0.685492 -0.183677
s off
g polySurface20 polySurface30
usemtl blinn3SG
f 803/1593/2245 777/1594/2246 779/1595/2247 831/1596/2248
f 805/1597/2249 783/1598/2250 777/1594/2251 803/1593/2252
f 808/1599/2253 785/1600/2254 788/1601/2255 834/1602/2256
f 863/1603/2257 857/1604/2258 852/1605/2259 846/1606/2260 841/1607/2261 833/1608/2262 829/1609/2263 826/1610/2264 823/1611/2265 824/1612/2266 816/1613/2267 810/1614/2268 802/1615/2269 794/1616/2270 813/1617/2271 819/1618/2272 792/1619/2273 793/1620/2274 798/1621/2275 801/1622/2276 809/1623/2277 815/1624/2278 822/1625/2279 825/1626/2280 828/1627/2281 832/1628/2282 835/1629/2283 849/1630/2284 856/1631/2285 869/1632/2286
f 862/1633/2287 810/1634/2288 816/1635/2289 906/1636/2290
f 867/1637/2291 824/1638/2292 823/1639/2293 870/1640/2294
f 870/1640/2295 823/1639/2296 826/1641/2297 919/1642/2298
f 881/1643/2299 829/1644/2300 833/1645/2301 923/1646/2302
f 890/1647/2303 886/1648/2304 880/1649/2305 876/1650/2306 872/1651/2307 863/1603/2308 869/1632/2309 871/1652/2310 879/1653/2311 885/1654/2312 889/1655/2313 901/1656/2314 893/1657/2315 892/1658/2316 888/1659/2317 884/1660/2318 874/1661/2319 866/1662/2320 860/1663/2321 830/1664/2322 827/1665/2323 821/1666/2324 818/1667/2325 812/1668/2326 807/1669/2327 804/1670/2328 799/1671/2329 796/1672/2330 790/1673/2331 788/1674/2332 785/1675/2333 778/1676/2334 773/1677/2335 769/1678/2336 765/1679/2337 763/1680/2338 761/1681/2339 766/1682/2340 770/1683/2341 774/1684/2342 780/1685/2343 781/1686/2344 775/1687/2345 782/1688/2346 771/1689/2347 767/1690/2348 776/1691/2349 762/1692/2350 764/1693/2351 768/1694/2352 772/1695/2353 779/1696/2354 777/1697/2355 783/1698/2356 784/1699/2357 786/1700/2358 787/1701/2359 789/1702/2360 791/1703/2361 795/1704/2362 797/1705/2363 800/1706/2364 806/1707/2365 811/1708/2366 814/1709/2367 817/1710/2368 820/1711/2369 819/1618/2370 813/1617/2371 859/1712/2372 865/1713/2373 873/1714/2374 877/1715/2375 883/1716/2376 887/1717/2377 891/1718/2378
f 895/1719/2379 841/1720/2380 846/1721/2381 930/1722/2382
f 899/1723/2383 865/1724/2384 859/1725/2385 934/1726/2386
f 911/1727/2387 883/1728/2388 877/1729/2389 936/1730/2390
f 912/1731/2391 887/1732/2392 883/1728/2393 911/1727/2394
f 917/1733/2395 891/1734/2396 887/1732/2397 912/1731/2398
f 918/1735/2399 886/1736/2400 890/1737/2401 940/1738/2402
f 945/1739/2403 943/1740/2404 942/1741/2405 941/1742/2406 938/1743/2407 935/1744/2408 933/1745/2409 927/1746/2410 922/1747/2411 914/1748/2412 905/1749/2413 903/1750/2414 907/1751/2415 908/1752/2416 926/1753/2417 904/1754/2418 913/1755/2419 862/1756/2420 906/1757/2421 867/1758/2422 870/1759/2423 919/1760/2424 881/1761/2425 923/1762/2426 895/1763/2427 930/1764/2428 944/1765/2429 946/1766/2430 949/1767/2431
f 964/1768/2432 961/1769/2433 959/1770/2434 957/1771/2435 952/1772/2436 949/1767/2437 946/1766/2438 948/1773/2439 951/1774/2440 955/1775/2441 956/1776/2442 918/1777/2443 940/1778/2444 917/1779/2445 912/1780/2446 911/1781/2447 936/1782/2448 953/1783/2449 899/1784/2450 934/1785/2451 926/1753/2452 908/1752/2453 931/1786/2454 928/1787/2455 924/1788/2456 920/1789/2457 915/1790/2458 910/1791/2459 902/1792/2460 898/1793/2461 897/1794/2462 894/1795/2463 882/1796/2464 878/1797/2465 868/1798/2466 805/1799/2467 803/1800/2468 831/1801/2469 851/1802/2470 845/1803/2471 840/1804/2472 838/1805/2473 855/1806/2474 843/1807/2475 848/1808/2476 864/1809/2477 854/1810/2478 875/1811/2479 861/1812/2480 853/1813/2481 847/1814/2482 842/1815/2483 836/1816/2484 837/1817/2485 839/1818/2486 844/1819/2487 850/1820/2488 858/1821/2489 808/1822/2490 834/1823/2491 896/1824/2492 900/1825/2493 909/1826/2494 916/1827/2495 921/1828/2496 925/1829/2497 929/1830/2498 932/1831/2499 937/1832/2500 939/1833/2501 947/1834/2502 950/1835/2503 954/1836/2504 958/1837/2505 960/1838/2506 962/1839/2507 963/1840/2508
f 837/1841/2509 836/1842/2510 761/1843/2511 763/1844/2512
f 839/1845/2513 837/1841/2514 763/1844/2515 765/1846/2516
f 836/1847/2517 842/1848/2518 766/1849/2519 761/1850/2520
f 844/1851/2521 839/1845/2522 765/1846/2523 769/1852/2524
f 842/1848/2525 847/1853/2526 770/1854/2527 766/1849/2528
f 850/1855/2529 844/1851/2530 769/1852/2531 773/1856/2532
f 847/1853/2533 853/1857/2534 774/1858/2535 770/1854/2536
f 853/1857/2537 861/1859/2538 780/1860/2539 774/1858/2540
f 858/1861/2541 850/1855/2542 773/1856/2543 778/1862/2544
f 808/1599/2545 858/1861/2546 778/1862/2547 785/1600/2548
f 840/1863/2549 845/1864/2550 768/1865/2551 764/1866/2552
f 845/1864/2553 851/1867/2554 772/1868/2555 768/1865/2556
f 838/1869/2557 840/1870/2558 764/1871/2559 762/1872/2560
f 851/1867/2561 831/1596/2562 779/1595/2563 772/1868/2564
f 855/1873/2565 838/1869/2566 762/1872/2567 776/1874/2568
f 861/1875/2569 875/1876/2570 781/1877/2571 780/1878/2572
f 843/1879/2573 855/1873/2574 776/1874/2575 767/1880/2576
f 848/1881/2577 843/1879/2578 767/1880/2579 771/1882/2580
f 864/1883/2581 848/1881/2582 771/1882/2583 782/1884/2584
f 805/1597/2585 868/1885/2586 784/1886/2587 783/1598/2588
f 854/1887/2589 864/1883/2590 782/1884/2591 775/1888/2592
f 907/1889/2593 903/1890/2594 793/1891/2595 792/1892/2596
f 868/1885/2597 878/1893/2598 786/1894/2599 784/1886/2600
f 878/1893/2601 882/1895/2602 787/1896/2603 786/1894/2604
f 875/1897/2605 854/1887/2606 775/1888/2607 781/1898/2608
f 896/1899/2609 834/1602/2610 788/1601/2611 790/1900/2612
f 882/1895/2613 894/1901/2614 789/1902/2615 787/1896/2616
f 903/1890/2617 905/1903/2618 798/1904/2619 793/1891/2620
f 894/1901/2621 897/1905/2622 791/1906/2623 789/1902/2624
f 897/1905/2625 898/1907/2626 795/1908/2627 791/1906/2628
f 900/1909/2629 896/1899/2630 790/1900/2631 796/1910/2632
f 905/1903/2633 914/1911/2634 801/1912/2635 798/1904/2636
f 898/1907/2637 902/1913/2638 797/1914/2639 795/1908/2640
f 902/1915/2641 910/1916/2642 800/1917/2643 797/1918/2644
f 909/1919/2645 900/1909/2646 796/1910/2647 799/1920/2648
f 910/1916/2649 915/1921/2650 806/1922/2651 800/1917/2652
f 914/1911/2653 922/1923/2654 809/1924/2655 801/1912/2656
f 915/1921/2657 920/1925/2658 811/1926/2659 806/1922/2660
f 908/1927/2661 907/1928/2662 792/1929/2663 819/1930/2664
f 920/1925/2665 924/1931/2666 814/1932/2667 811/1926/2668
f 916/1933/2669 909/1919/2670 799/1920/2671 804/1934/2672
f 922/1923/2673 927/1935/2674 815/1936/2675 809/1924/2676
f 924/1931/2677 928/1937/2678 817/1938/2679 814/1932/2680
f 928/1937/2681 931/1939/2682 820/1940/2683 817/1938/2684
f 921/1941/2685 916/1942/2686 804/1943/2687 807/1944/2688
f 927/1935/2689 933/1945/2690 822/1946/2691 815/1936/2692
f 794/1947/2693 802/1948/2694 913/1949/2695 904/1950/2696
f 925/1951/2697 921/1941/2698 807/1944/2699 812/1952/2700
f 933/1945/2701 935/1953/2702 825/1954/2703 822/1946/2704
f 802/1948/2705 810/1634/2706 862/1633/2707 913/1949/2708
f 931/1939/2709 908/1955/2710 819/1956/2711 820/1940/2712
f 929/1957/2713 925/1951/2714 812/1952/2715 818/1958/2716
f 935/1959/2717 938/1960/2718 828/1961/2719 825/1962/2720
f 813/1963/2721 794/1964/2722 904/1965/2723 926/1966/2724
f 816/1635/2725 824/1638/2726 867/1637/2727 906/1636/2728
f 932/1967/2729 929/1957/2730 818/1958/2731 821/1968/2732
f 938/1960/2733 941/1969/2734 832/1970/2735 828/1961/2736
f 826/1641/2737 829/1644/2738 881/1643/2739 919/1642/2740
f 937/1971/2741 932/1967/2742 821/1968/2743 827/1972/2744
f 941/1969/2745 942/1973/2746 835/1974/2747 832/1970/2748
f 833/1975/2749 841/1720/2750 895/1719/2751 923/1976/2752
f 939/1977/2753 937/1971/2754 827/1972/2755 830/1978/2756
f 859/1725/2757 813/1979/2758 926/1980/2759 934/1726/2760
f 846/1721/2761 852/1981/2762 944/1982/2763 930/1722/2764
f 942/1973/2765 943/1983/2766 849/1984/2767 835/1974/2768
f 852/1981/2769 857/1985/2770 946/1986/2771 944/1982/2772
f 857/1985/2773 863/1987/2774 948/1988/2775 946/1986/2776
f 873/1989/2777 865/1724/2778 899/1723/2779 953/1990/2780
f 943/1983/2781 945/1991/2782 856/1992/2783 849/1984/2784
f 863/1987/2785 872/1993/2786 951/1994/2787 948/1988/2788
f 877/1729/2789 873/1989/2790 953/1990/2791 936/1730/2792
f 872/1993/2793 876/1995/2794 955/1996/2795 951/1994/2796
f 947/1997/2797 939/1977/2798 830/1978/2799 860/1998/2800
f 876/1995/2801 880/1999/2802 956/2000/2803 955/1996/2804
f 880/1999/2805 886/1736/2806 918/1735/2807 956/2000/2808
f 890/1737/2809 891/2001/2810 917/2002/2811 940/1738/2812
f 945/1991/2813 949/2003/2814 869/2004/2815 856/1992/2816
f 949/2003/2817 952/2005/2818 871/2006/2819 869/2004/2820
f 950/2007/2821 947/1997/2822 860/1998/2823 866/2008/2824
f 952/2005/2825 957/2009/2826 879/2010/2827 871/2006/2828
f 954/2011/2829 950/2007/2830 866/2008/2831 874/2012/2832
f 957/2009/2833 959/2013/2834 885/2014/2835 879/2010/2836
f 958/2015/2837 954/2011/2838 874/2012/2839 884/2016/2840
f 960/2017/2841 958/2015/2842 884/2016/2843 888/2018/2844
f 959/2013/2845 961/2019/2846 889/2020/2847 885/2014/2848
f 962/2021/2849 960/2017/2850 888/2018/2851 892/2022/2852
f 961/2019/2853 964/2023/2854 901/2024/2855 889/2020/2856
f 963/2025/2857 962/2021/2858 892/2022/2859 893/2026/2860
f 964/2023/2861 963/2027/2862 893/2028/2863 901/2024/2864
g default
v 49.434608 0.397166 -1.303318
v 49.191849 0.809924 -1.413917
v 50.069435 0.908940 -1.440448
v 49.832146 0.142449 -1.235068
v 50.206482 0.821181 -1.416933
v 49.109642 1.371099 -1.564283
v 49.982475 1.068713 -1.483259
v 50.378685 0.055398 -1.211742
v 50.387154 0.794382 -1.409752
v 49.117462 1.569484 -1.617440
v 49.965347 1.503583 -1.599782
v 49.434608 0.495397 -0.936715
v 50.069435 1.007171 -1.073844
v 49.191849 0.908155 -1.047313
v 49.142281 1.755182 -1.667198
v 49.952049 1.311553 -1.548328
v 49.832146 0.240680 -0.868464
v 50.206482 0.919412 -1.050329
v 49.982475 1.166944 -1.116656
v 49.109642 1.469330 -1.197679
v 49.186127 1.931242 -1.714373
v 50.008553 1.680611 -1.647217
v 50.567818 0.820960 -1.416874
v 50.920319 0.142210 -1.235003
v 49.251053 2.100742 -1.759790
v 50.378685 0.153628 -0.845138
v 50.387154 0.892613 -1.043149
v 49.965347 1.601814 -1.233178
v 49.117462 1.667715 -1.250836
v 49.142281 1.853414 -1.300594
v 49.952049 1.409785 -1.181724
v 49.373940 2.323704 -1.819533
v 50.086662 1.850856 -1.692833
v 50.704865 0.907190 -1.439979
v 50.008553 1.778843 -1.280613
v 49.186127 2.029473 -1.347769
v 50.567818 0.919191 -1.050270
v 51.307053 0.395268 -1.302809
v 50.920319 0.240440 -0.868399
v 49.251053 2.198973 -1.393187
v 49.542480 2.547429 -1.879480
v 50.204651 2.022523 -1.738832
v 50.791824 1.062802 -1.481675
v 50.086662 1.949087 -1.326230
v 49.373940 2.421935 -1.452929
v 50.294525 2.127847 -1.767053
v 50.704865 1.005420 -1.073375
v 49.761108 2.779257 -1.941598
v 51.307053 0.493500 -0.936207
v 51.539017 0.803523 -1.412201
v 50.822250 1.297548 -1.544575
v 50.204651 2.120755 -1.372228
v 49.542480 2.645660 -1.512876
v 50.401505 2.238204 -1.796623
v 50.791824 1.161034 -1.115072
v 50.526390 2.355131 -1.827954
v 49.761108 2.877488 -1.574995
v 50.034241 3.026516 -2.007850
v 51.616310 1.355917 -1.560215
v 51.539017 0.901754 -1.045598
v 50.294525 2.226078 -1.400450
v 50.822250 2.206976 -1.788255
v 50.822250 1.395779 -1.177972
v 50.669960 2.480158 -1.861454
v 49.124146 3.861229 -2.231511
v 49.124146 4.076036 -2.289069
v 49.919418 4.127401 -2.302832
v 50.401505 2.336436 -1.430020
v 50.034241 3.124747 -1.641247
v 50.379730 3.344385 -2.093023
v 49.200180 4.628614 -2.437131
v 49.919418 3.861229 -2.231511
v 51.616310 1.454149 -1.193612
v 50.526390 2.453363 -1.461351
v 51.182396 2.469214 -1.858522
v 49.124146 4.174268 -1.922465
v 49.124146 3.959460 -1.864908
v 49.919418 3.959460 -1.864908
v 50.822250 2.305208 -1.421652
v 50.669960 2.578389 -1.494851
v 51.111809 2.900815 -1.974169
v 49.947578 4.363241 -2.366026
v 49.428719 5.037270 -2.546630
v 50.379730 3.442616 -1.726420
v 51.429123 2.729693 -1.928317
v 49.919418 4.225634 -1.936229
v 49.200180 4.726846 -2.070528
v 49.947578 4.461473 -1.999422
v 50.603645 3.617820 -2.166290
v 51.182396 2.567445 -1.491919
v 50.029556 4.521264 -2.408367
v 51.570930 2.929328 -1.981809
v 51.111809 2.999046 -1.607566
v 49.810448 5.290731 -2.614546
v 51.616310 3.009006 -2.003159
v 51.399216 3.287872 -2.077881
v 51.429123 2.827924 -1.561714
v 49.428719 5.135501 -2.180027
v 50.029556 4.619495 -2.041764
v 50.161613 4.609898 -2.432116
v 50.724449 3.874619 -2.235099
v 50.603645 3.716051 -1.799687
v 51.570930 3.027559 -1.615206
v 50.340019 4.637572 -2.439532
v 50.161613 4.708129 -2.065513
v 50.346062 5.377723 -2.637854
v 51.616310 3.107237 -1.636555
v 50.760612 4.142579 -2.306899
v 51.554955 3.673839 -2.181300
v 51.399216 3.386104 -1.711277
v 49.810448 5.388962 -2.247942
v 50.518417 4.610136 -2.432180
v 50.340019 4.735803 -2.072928
v 50.732460 4.369646 -2.367741
v 51.601807 4.091214 -2.293135
v 50.887970 5.291134 -2.614653
v 50.518417 4.708367 -2.065577
v 51.554955 3.772070 -1.814697
v 50.724449 3.972850 -1.868496
v 50.650482 4.523164 -2.408876
v 51.520828 4.635509 -2.438979
v 51.281219 5.039606 -2.547256
v 50.346062 5.475953 -2.271251
v 51.601807 4.189445 -1.926532
v 50.760612 4.240810 -1.940295
v 50.650482 4.621395 -2.042273
v 50.887970 5.389365 -2.248050
v 51.520828 4.733740 -2.072375
v 50.732460 4.467876 -2.001138
v 51.281219 5.137837 -2.180653
vt 0.608350 0.609158
vt 0.592739 0.609158
vt 0.592739 0.576066
vt 0.608350 0.576066
vt 0.350872 0.706728
vt 0.335261 0.706728
vt 0.335261 0.691462
vt 0.350872 0.691462
vt 0.335261 0.676196
vt 0.350872 0.676196
vt 0.848489 0.873191
vt 0.859789 0.880895
vt 0.875055 0.883326
vt 0.890321 0.880875
vt 0.901621 0.873023
vt 0.908636 0.859024
vt 0.911045 0.838131
vt 0.911045 0.814552
vt 0.979096 0.814552
vt 0.979096 0.833581
vt 0.972590 0.882533
vt 0.953034 0.918735
vt 0.920369 0.941188
vt 0.874538 0.948894
vt 0.828167 0.941223
vt 0.794517 0.918941
vt 0.774014 0.883144
vt 0.767085 0.834925
vt 0.771094 0.797952
vt 0.784420 0.763759
vt 0.809013 0.729471
vt 0.846821 0.692206
vt 0.859107 0.681130
vt 0.869794 0.670772
vt 0.878948 0.660996
vt 0.886638 0.651666
vt 0.896734 0.636458
vt 0.903418 0.621377
vt 0.907115 0.605694
vt 0.908252 0.588683
vt 0.905650 0.567171
vt 0.898208 0.553016
vt 0.886481 0.545242
vt 0.871022 0.542868
vt 0.855562 0.545222
vt 0.843835 0.552862
vt 0.836394 0.566646
vt 0.833791 0.587442
vt 0.833791 0.668006
vt 0.802973 0.691237
vt 0.781861 0.714312
vt 0.769726 0.731997
vt 0.765844 0.739055
vt 0.765844 0.592613
vt 0.772458 0.543678
vt 0.792307 0.507512
vt 0.825399 0.485094
vt 0.871746 0.477403
vt 0.918513 0.485114
vt 0.952529 0.507680
vt 0.973302 0.544245
vt 0.980336 0.593957
vt 0.979667 0.611533
vt 0.977544 0.627982
vt 0.973792 0.643579
vt 0.968236 0.658595
vt 0.957721 0.678347
vt 0.943299 0.698166
vt 0.924591 0.718702
vt 0.901220 0.740607
vt 0.871657 0.768766
vt 0.852496 0.792989
vt 0.842160 0.815738
vt 0.839065 0.839475
vt 0.841474 0.859591
vt 0.849997 0.397780
vt 0.857012 0.384180
vt 0.859421 0.364064
vt 0.856326 0.340327
vt 0.845989 0.317578
vt 0.826829 0.293354
vt 0.797265 0.265195
vt 0.773894 0.243291
vt 0.755186 0.222754
vt 0.740765 0.202936
vt 0.730249 0.183184
vt 0.724694 0.168168
vt 0.720942 0.152571
vt 0.718818 0.136121
vt 0.718150 0.118546
vt 0.725183 0.068834
vt 0.745956 0.032268
vt 0.779973 0.009703
vt 0.826740 0.001992
vt 0.873087 0.009682
vt 0.906179 0.032101
vt 0.926028 0.068266
vt 0.932642 0.117202
vt 0.932642 0.263644
vt 0.928759 0.256586
vt 0.916625 0.238901
vt 0.895512 0.215825
vt 0.864695 0.192595
vt 0.864695 0.112030
vt 0.862092 0.091235
vt 0.854651 0.077450
vt 0.842923 0.069811
vt 0.827464 0.067457
vt 0.812004 0.069831
vt 0.800278 0.077605
vt 0.792836 0.091759
vt 0.790233 0.113271
vt 0.791371 0.130283
vt 0.795068 0.145965
vt 0.801752 0.161047
vt 0.811848 0.176254
vt 0.819538 0.185585
vt 0.828692 0.195361
vt 0.839379 0.205719
vt 0.851664 0.216795
vt 0.889472 0.254059
vt 0.914066 0.288348
vt 0.927392 0.322540
vt 0.931401 0.359514
vt 0.924472 0.407732
vt 0.903969 0.443530
vt 0.870319 0.465812
vt 0.823948 0.473482
vt 0.778117 0.465777
vt 0.745452 0.443323
vt 0.725896 0.407122
vt 0.719390 0.358170
vt 0.719390 0.339140
vt 0.787441 0.339140
vt 0.787441 0.362720
vt 0.789850 0.383612
vt 0.796865 0.397611
vt 0.808165 0.405463
vt 0.823431 0.407915
vt 0.838696 0.405484
vt 0.716541 0.517996
vt 0.716541 0.554561
vt 0.700929 0.554561
vt 0.700929 0.517996
vt 0.608350 0.702272
vt 0.608350 0.736289
vt 0.592739 0.736289
vt 0.592739 0.702272
vt 0.716541 0.604274
vt 0.700929 0.604274
vt 0.608350 0.655505
vt 0.592739 0.655505
vt 0.716541 0.621849
vt 0.700929 0.621849
vt 0.716541 0.638299
vt 0.700929 0.638299
vt 0.716541 0.653896
vt 0.700929 0.653896
vt 0.716541 0.668911
vt 0.700929 0.668911
vt 0.722567 0.491557
vt 0.722567 0.477403
vt 0.738179 0.477403
vt 0.738179 0.491557
vt 0.304926 0.655277
vt 0.304926 0.667004
vt 0.289314 0.667004
vt 0.289314 0.655277
vt 0.722567 0.513070
vt 0.738179 0.513070
vt 0.304926 0.682464
vt 0.289314 0.682464
vt 0.716541 0.688663
vt 0.700929 0.688663
vt 0.722567 0.530081
vt 0.738179 0.530081
vt 0.304926 0.697923
vt 0.289314 0.697923
vt 0.722567 0.545764
vt 0.738179 0.545764
vt 0.716541 0.708482
vt 0.700929 0.708482
vt 0.304926 0.709650
vt 0.289314 0.709650
vt 0.722567 0.560845
vt 0.738179 0.560845
vt 0.629988 0.576066
vt 0.629988 0.589851
vt 0.614377 0.589851
vt 0.614377 0.576066
vt 0.722567 0.576053
vt 0.738179 0.576053
vt 0.716541 0.729019
vt 0.700929 0.729019
vt 0.629988 0.610647
vt 0.614377 0.610647
vt 0.722567 0.585383
vt 0.738179 0.585383
vt 0.657653 0.612232
vt 0.657653 0.576066
vt 0.673265 0.576066
vt 0.673265 0.612232
vt 0.722567 0.595160
vt 0.738179 0.595160
vt 0.716541 0.750923
vt 0.700929 0.750923
vt 0.543436 0.576066
vt 0.543436 0.595095
vt 0.527825 0.595095
vt 0.527825 0.576066
vt 0.629988 0.691211
vt 0.614377 0.691211
vt 0.722567 0.605518
vt 0.738179 0.605518
vt 0.543436 0.644047
vt 0.527825 0.644047
vt 0.265362 0.576067
vt 0.265362 0.644117
vt 0.249751 0.644117
vt 0.249751 0.576067
vt 0.722567 0.616593
vt 0.738179 0.616593
vt 0.657653 0.661167
vt 0.673265 0.661167
vt 0.716541 0.779083
vt 0.700929 0.779083
vt 0.629988 0.714442
vt 0.614377 0.714442
vt 0.243368 0.671618
vt 0.243368 0.648038
vt 0.258979 0.648038
vt 0.258979 0.671618
vt 0.543436 0.680249
vt 0.527825 0.680249
vt 0.722567 0.653858
vt 0.738179 0.653858
vt 0.716541 0.803305
vt 0.700929 0.803305
vt 0.243368 0.692510
vt 0.258979 0.692510
vt 0.629988 0.737517
vt 0.614377 0.737517
vt 0.657653 0.807610
vt 0.673265 0.807610
vt 0.243368 0.706509
vt 0.258979 0.706509
vt 0.586712 0.576066
vt 0.586712 0.608731
vt 0.571101 0.608731
vt 0.571101 0.576066
vt 0.716541 0.826055
vt 0.700929 0.826055
vt 0.350872 0.718028
vt 0.335261 0.718028
vt 0.722567 0.688147
vt 0.738179 0.688147
vt 0.629988 0.755202
vt 0.614377 0.755202
vt 0.716541 0.849792
vt 0.700929 0.849792
vt 0.629988 0.762260
vt 0.614377 0.762260
vt 0.716541 0.869908
vt 0.700929 0.869908
vt 0.350872 0.664896
vt 0.335261 0.664896
vt 0.716541 0.883507
vt 0.700929 0.883507
vt 0.586712 0.654562
vt 0.571101 0.654562
vt 0.722567 0.722339
vt 0.738179 0.722339
vt 0.722567 0.759313
vt 0.738179 0.759313
vt 0.586712 0.700933
vt 0.571101 0.700933
vt 0.722567 0.807531
vt 0.738179 0.807531
vt 0.586712 0.734583
vt 0.571101 0.734583
vt 0.722567 0.843328
vt 0.738179 0.843328
vn 0.354406 -0.903229 0.242020
vn 0.354406 -0.903229 0.242020
vn 0.741935 -0.647626 0.173531
vn 0.741935 -0.647626 0.173531
vn 0.361593 -0.900568 0.241306
vn 0.361593 -0.900568 0.241306
vn 0.000688 -0.965926 0.258819
vn 0.000688 -0.965926 0.258819
vn 0.000688 -0.965926 0.258819
vn 0.000688 -0.965926 0.258819
vn -0.356449 -0.902479 0.241819
vn -0.356449 -0.902479 0.241819
vn 0.000000 -0.258819 -0.965926
vn 0.000000 -0.258819 -0.965926
vn 0.000000 -0.258819 -0.965926
vn 0.000000 -0.258819 -0.965926
vn 0.000000 -0.258819 -0.965926
vn 0.000000 -0.258819 -0.965926
vn 0.000000 -0.258819 -0.965926
vn 0.000000 -0.258819 -0.965926
vn 0.000000 -0.258819 -0.965926
vn 0.000000 -0.258819 -0.965926
vn 0.000000 -0.258819 -0.965926
vn 0.000000 -0.258819 -0.965926
vn 0.000000 -0.258819 -0.965926
vn 0.000000 -0.258819 -0.965926
vn 0.000000 -0.258819 -0.965926
vn 0.000000 -0.258819 -0.965926
vn 0.000000 -0.258819 -0.965926
vn 0.000000 -0.258819 -0.965926
vn 0.000000 -0.258819 -0.965926
vn 0.000000 -0.258819 -0.965926
vn 0.000000 -0.258819 -0.965926
vn 0.000000 -0.258819 -0.965926
vn 0.000000 -0.258819 -0.965926
vn 0.000000 -0.258819 -0.965926
vn 0.000000 -0.258819 -0.965926
vn 0.000000 -0.258819 -0.965926
vn 0.000000 -0.258819 -0.965926
vn 0.000000 -0.258819 -0.965926
vn 0.000000 -0.258819 -0.965926
vn 0.000000 -0.258819 -0.965926
vn 0.000000 -0.258819 -0.965926
vn 0.000000 -0.258819 -0.965926
vn 0.000000 -0.258819 -0.965926
vn 0.000000 -0.258819 -0.965926
vn 0.000000 -0.258819 -0.965926
vn 0.000000 -0.258819 -0.965926
vn 0.000000 -0.258819 -0.965926
vn 0.000000 -0.258819 -0.965926
vn 0.000000 -0.258819 -0.965926
vn 0.000000 -0.258819 -0.965926
vn 0.000000 -0.258819 -0.965926
vn 0.000000 -0.258819 -0.965926
vn 0.000000 -0.258819 -0.965926
vn 0.000000 -0.258819 -0.965926
vn 0.000000 -0.258819 -0.965926
vn 0.000000 -0.258819 -0.965926
vn 0.000000 -0.258819 -0.965926
vn 0.000000 -0.258819 -0.965926
vn 0.000000 -0.258819 -0.965926
vn 0.000000 -0.258819 -0.965926
vn 0.000000 -0.258819 -0.965926
vn 0.000000 -0.258819 -0.965926
vn 0.000000 -0.258819 -0.965926
vn 0.000000 -0.258819 -0.965926
vn 0.000000 -0.258819 -0.965926
vn 0.000000 -0.258819 -0.965926
vn 0.000000 -0.258819 -0.965926
vn 0.000000 -0.258819 -0.965926
vn 0.000000 -0.258819 -0.965926
vn 0.000000 -0.258819 -0.965926
vn 0.000000 -0.258819 -0.965926
vn 0.000000 -0.258819 -0.965926
vn 0.000000 -0.258819 -0.965926
vn 0.000000 -0.258819 -0.965926
vn 0.000000 -0.258819 -0.965926
vn 0.000000 0.258819 0.965926
vn 0.000000 0.258819 0.965926
vn 0.000000 0.258819 0.965926
vn 0.000000 0.258819 0.965926
vn 0.000000 0.258819 0.965926
vn 0.000000 0.258819 0.965926
vn 0.000000 0.258819 0.965926
vn 0.000000 0.258819 0.965926
vn 0.000000 0.258819 0.965926
vn 0.000000 0.258819 0.965926
vn 0.000000 0.258819 0.965926
vn 0.000000 0.258819 0.965926
vn 0.000000 0.258819 0.965926
vn 0.000000 0.258819 0.965926
vn 0.000000 0.258819 0.965926
vn 0.000000 0.258819 0.965926
vn 0.000000 0.258819 0.965926
vn 0.000000 0.258819 0.965926
vn 0.000000 0.258819 0.965926
vn 0.000000 0.258819 0.965926
vn 0.000000 0.258819 0.965926
vn 0.000000 0.258819 0.965926
vn 0.000000 0.258819 0.965926
vn 0.000000 0.258819 0.965926
vn 0.000000 0.258819 0.965926
vn 0.000000 0.258819 0.965926
vn 0.000000 0.258819 0.965926
vn 0.000000 0.258819 0.965926
vn 0.000000 0.258819 0.965926
vn 0.000000 0.258819 0.965926
vn 0.000000 0.258819 0.965926
vn 0.000000 0.258819 0.965926
vn 0.000000 0.258819 0.965926
vn 0.000000 0.258819 0.965926
vn 0.000000 0.258819 0.965926
vn 0.000000 0.258819 0.965926
vn 0.000000 0.258819 0.965926
vn 0.000000 0.258819 0.965926
vn 0.000000 0.258819 0.965926
vn 0.000000 0.258819 0.965926
vn 0.000000 0.258819 0.965926
vn 0.000000 0.258819 0.965926
vn 0.000000 0.258819 0.965926
vn 0.000000 0.258819 0.965926
vn 0.000000 0.258819 0.965926
vn 0.000000 0.258819 0.965926
vn 0.000000 0.258819 0.965926
vn 0.000000 0.258819 0.965926
vn 0.000000 0.258819 0.965926
vn 0.000000 0.258819 0.965926
vn 0.000000 0.258819 0.965926
vn 0.000000 0.258819 0.965926
vn 0.000000 0.258819 0.965926
vn 0.000000 0.258819 0.965926
vn 0.000000 0.258819 0.965926
vn 0.000000 0.258819 0.965926
vn 0.000000 0.258819 0.965926
vn 0.000000 0.258819 0.965926
vn 0.000000 0.258819 0.965926
vn 0.000000 0.258819 0.965926
vn 0.000000 0.258819 0.965926
vn 0.000000 0.258819 0.965926
vn 0.000000 0.258819 0.965926
vn 0.000000 0.258819 0.965926
vn 0.000000 0.258819 0.965926
vn -0.733516 -0.656513 0.175912
vn -0.951788 -0.296304 0.079395
vn -0.951788 -0.296304 0.079395
vn -0.733516 -0.656513 0.175912
vn -0.350943 -0.904490 0.242357
vn -0.733516 -0.656513 0.175912
vn -0.733516 -0.656513 0.175912
vn -0.350943 -0.904490 0.242357
vn -0.951788 -0.296304 0.079395
vn -0.995556 -0.090967 0.024375
vn -0.995556 -0.090967 0.024375
vn -0.951788 -0.296304 0.079395
vn -0.000225 -0.965926 0.258819
vn -0.350943 -0.904490 0.242357
vn -0.350943 -0.904490 0.242357
vn -0.000225 -0.965926 0.258819
vn -0.995556 -0.090967 0.024375
vn -0.996650 0.079005 -0.021169
vn -0.996650 0.079005 -0.021169
vn -0.995556 -0.090967 0.024375
vn -0.996650 0.079005 -0.021169
vn -0.983605 0.174189 -0.046674
vn -0.983605 0.174189 -0.046674
vn -0.996650 0.079005 -0.021169
vn -0.983605 0.174189 -0.046674
vn -0.956752 0.280993 -0.075292
vn -0.956752 0.280993 -0.075292
vn -0.983605 0.174189 -0.046674
vn -0.956752 0.280993 -0.075292
vn -0.907718 0.405283 -0.108595
vn -0.907718 0.405283 -0.108595
vn -0.956752 0.280993 -0.075292
vn 0.354406 -0.903229 0.242020
vn -0.000225 -0.965926 0.258819
vn -0.000225 -0.965926 0.258819
vn 0.354406 -0.903229 0.242020
vn 0.962557 0.261842 -0.070160
vn 0.752900 0.635710 -0.170338
vn 0.752900 0.635710 -0.170338
vn 0.962557 0.261842 -0.070160
vn 0.752900 0.635710 -0.170338
vn 0.349708 0.904936 -0.242477
vn 0.349708 0.904936 -0.242477
vn 0.752900 0.635710 -0.170338
vn 0.999277 0.036723 -0.009840
vn 0.962557 0.261842 -0.070160
vn 0.962557 0.261842 -0.070160
vn 0.999277 0.036723 -0.009840
vn 0.349708 0.904936 -0.242477
vn 0.000627 0.965926 -0.258819
vn 0.000627 0.965926 -0.258819
vn 0.349708 0.904936 -0.242477
vn -0.907718 0.405283 -0.108595
vn -0.846021 0.514983 -0.137989
vn -0.846021 0.514983 -0.137989
vn -0.907718 0.405283 -0.108595
vn 0.989241 -0.141309 0.037864
vn 0.999277 0.036723 -0.009840
vn 0.999277 0.036723 -0.009840
vn 0.989241 -0.141309 0.037864
vn 0.000627 0.965926 -0.258819
vn -0.345002 0.906620 -0.242928
vn -0.345002 0.906620 -0.242928
vn 0.000627 0.965926 -0.258819
vn 0.947512 -0.308825 0.082749
vn 0.989241 -0.141309 0.037864
vn 0.989241 -0.141309 0.037864
vn 0.947512 -0.308825 0.082749
vn -0.846021 0.514983 -0.137989
vn -0.772914 0.612890 -0.164223
vn -0.772914 0.612890 -0.164223
vn -0.846021 0.514983 -0.137989
vn -0.345002 0.906620 -0.242928
vn -0.745253 0.644062 -0.172576
vn -0.745253 0.644062 -0.172576
vn -0.345002 0.906620 -0.242928
vn 0.874738 -0.468084 0.125423
vn 0.947512 -0.308825 0.082749
vn 0.947512 -0.308825 0.082749
vn 0.874738 -0.468084 0.125423
vn -0.745253 0.644062 -0.172576
vn -0.960309 0.269433 -0.072194
vn -0.960309 0.269433 -0.072194
vn -0.745253 0.644062 -0.172576
vn 0.809664 -0.566896 0.151899
vn 0.874738 -0.468084 0.125423
vn 0.874738 -0.468084 0.125423
vn 0.809664 -0.566896 0.151899
vn -0.772914 0.612890 -0.164223
vn -0.710128 0.680082 -0.182227
vn -0.710128 0.680082 -0.182227
vn -0.772914 0.612890 -0.164223
vn -0.960309 0.269433 -0.072194
vn -0.999670 0.024800 -0.006645
vn -0.999670 0.024800 -0.006645
vn -0.960309 0.269433 -0.072194
vn 0.750119 -0.638770 0.171158
vn 0.809664 -0.566896 0.151899
vn 0.809664 -0.566896 0.151899
vn 0.750119 -0.638770 0.171158
vn 0.954900 -0.286810 0.076851
vn 0.741935 -0.647626 0.173531
vn 0.741935 -0.647626 0.173531
vn 0.954900 -0.286810 0.076851
vn 0.712290 -0.677969 0.181661
vn 0.750119 -0.638770 0.171158
vn 0.750119 -0.638770 0.171158
vn 0.712290 -0.677969 0.181661
vn -0.710128 0.680082 -0.182227
vn -0.687126 0.701782 -0.188042
vn -0.687126 0.701782 -0.188042
vn -0.710128 0.680082 -0.182227
vn -1.000000 0.000000 0.000000
vn -0.995452 0.092019 -0.024656
vn -0.995452 0.092019 -0.024656
vn -1.000000 0.000000 0.000000
vn -0.999670 0.024800 -0.006645
vn -1.000000 0.000000 0.000000
vn -1.000000 0.000000 0.000000
vn -0.999670 0.024800 -0.006645
vn 0.682201 -0.706251 0.189239
vn 0.712290 -0.677969 0.181661
vn 0.712290 -0.677969 0.181661
vn 0.682201 -0.706251 0.189239
vn -0.995452 0.092019 -0.024656
vn -0.956217 0.282685 -0.075745
vn -0.956217 0.282685 -0.075745
vn -0.995452 0.092019 -0.024656
vn 0.000000 -0.965926 0.258819
vn 0.000000 -0.965926 0.258819
vn 0.000000 -0.965926 0.258819
vn 0.000000 -0.965926 0.258819
vn 0.694402 -0.695068 0.186243
vn 0.682201 -0.706251 0.189239
vn 0.682201 -0.706251 0.189239
vn 0.694402 -0.695068 0.186243
vn 0.999428 -0.032680 0.008757
vn 0.954900 -0.286810 0.076851
vn 0.954900 -0.286810 0.076851
vn 0.999428 -0.032680 0.008757
vn -0.687126 0.701782 -0.188042
vn -0.732214 0.657868 -0.176275
vn -0.732214 0.657868 -0.176275
vn -0.687126 0.701782 -0.188042
vn -0.601948 0.771326 -0.206676
vn -0.665539 0.720931 -0.193173
vn -0.665539 0.720931 -0.193173
vn -0.601948 0.771326 -0.206676
vn 0.998536 -0.052254 0.014001
vn 1.000000 0.000000 0.000000
vn 1.000000 0.000000 0.000000
vn 0.998536 -0.052254 0.014001
vn -0.956217 0.282685 -0.075745
vn -0.746887 0.642293 -0.172102
vn -0.746887 0.642293 -0.172102
vn -0.956217 0.282685 -0.075745
vn 0.753664 -0.634864 0.170111
vn 0.694402 -0.695068 0.186243
vn 0.694402 -0.695068 0.186243
vn 0.753664 -0.634864 0.170111
vn -0.732214 0.657868 -0.176275
vn -0.846864 0.513689 -0.137642
vn -0.846864 0.513689 -0.137642
vn -0.732214 0.657868 -0.176275
vn 0.965405 -0.251871 0.067489
vn 0.998536 -0.052254 0.014001
vn 0.998536 -0.052254 0.014001
vn 0.965405 -0.251871 0.067489
vn -0.665539 0.720931 -0.193173
vn -0.774917 0.610526 -0.163590
vn -0.774917 0.610526 -0.163590
vn -0.665539 0.720931 -0.193173
vn 1.000000 0.000000 0.000000
vn 0.999428 -0.032680 0.008757
vn 0.999428 -0.032680 0.008757
vn 1.000000 0.000000 0.000000
vn 0.766388 -0.620489 0.166260
vn 0.965405 -0.251871 0.067489
vn 0.965405 -0.251871 0.067489
vn 0.766388 -0.620489 0.166260
vn -0.746887 0.642293 -0.172102
vn -0.358659 0.901662 -0.241600
vn -0.358659 0.901662 -0.241600
vn -0.746887 0.642293 -0.172102
vn -0.846864 0.513689 -0.137642
vn -0.960703 0.268120 -0.071843
vn -0.960703 0.268120 -0.071843
vn -0.846864 0.513689 -0.137642
vn 0.361593 -0.900568 0.241306
vn 0.766388 -0.620489 0.166260
vn 0.766388 -0.620489 0.166260
vn 0.361593 -0.900568 0.241306
vn 0.874834 -0.467917 0.125378
vn 0.753664 -0.634864 0.170111
vn 0.753664 -0.634864 0.170111
vn 0.874834 -0.467917 0.125378
vn -0.774917 0.610526 -0.163590
vn -0.839464 0.524899 -0.140646
vn -0.839464 0.524899 -0.140646
vn -0.774917 0.610526 -0.163590
vn -0.960703 0.268120 -0.071843
vn -0.999878 0.015090 -0.004043
vn -0.999878 0.015090 -0.004043
vn -0.960703 0.268120 -0.071843
vn -0.839464 0.524899 -0.140646
vn -0.876165 0.465587 -0.124754
vn -0.876165 0.465587 -0.124754
vn -0.839464 0.524899 -0.140646
vn -0.999878 0.015090 -0.004043
vn -0.963083 -0.260032 0.069675
vn -0.963083 -0.260032 0.069675
vn -0.999878 0.015090 -0.004043
vn -0.758306 -0.629686 0.168724
vn -0.356449 -0.902479 0.241819
vn -0.356449 -0.902479 0.241819
vn -0.758306 -0.629686 0.168724
vn -0.963083 -0.260032 0.069675
vn -0.758306 -0.629686 0.168724
vn -0.758306 -0.629686 0.168724
vn -0.963083 -0.260032 0.069675
vn -0.358659 0.901662 -0.241600
vn -0.000386 0.965926 -0.258819
vn -0.000386 0.965926 -0.258819
vn -0.358659 0.901662 -0.241600
vn 0.971589 -0.228611 0.061256
vn 0.874834 -0.467917 0.125378
vn 0.874834 -0.467917 0.125378
vn 0.971589 -0.228611 0.061256
vn 0.999413 0.033088 -0.008866
vn 0.971589 -0.228611 0.061256
vn 0.971589 -0.228611 0.061256
vn 0.999413 0.033088 -0.008866
vn -0.000386 0.965926 -0.258819
vn 0.350559 0.904629 -0.242395
vn 0.350559 0.904629 -0.242395
vn -0.000386 0.965926 -0.258819
vn 0.950611 0.299810 -0.080334
vn 0.999413 0.033088 -0.008866
vn 0.999413 0.033088 -0.008866
vn 0.950611 0.299810 -0.080334
vn 0.350559 0.904629 -0.242395
vn 0.731399 0.658713 -0.176502
vn 0.731399 0.658713 -0.176502
vn 0.350559 0.904629 -0.242395
vn 0.731399 0.658713 -0.176502
vn 0.950611 0.299810 -0.080334
vn 0.950611 0.299810 -0.080334
vn 0.731399 0.658713 -0.176502
s off
g polySurface20 polySurface32
usemtl blinn3SG
f 1003/2029/2865 988/2030/2866 1002/2031/2867 1013/2032/2868
f 1069/2033/2869 1064/2034/2870 1068/2035/2871 1077/2036/2872
f 1077/2036/2873 1068/2035/2874 1076/2037/2875 1081/2038/2876
f 1084/2039/2877 1076/2040/2878 1068/2041/2879 1064/2042/2880 1055/2043/2881 1046/2044/2882 1031/2045/2883 1036/2046/2884 1029/2047/2885 1030/2048/2886 1035/2049/2887 1047/2050/2888 1058/2051/2889 1070/2052/2890 1080/2053/2891 1086/2054/2892 1085/2055/2893 1079/2056/2894 1073/2057/2895 1060/2058/2896 1045/2059/2897 1028/2060/2898 1020/2061/2899 1018/2062/2900 1010/2063/2901 1006/2064/2902 997/2065/2903 986/2066/2904 975/2067/2905 980/2068/2906 971/2069/2907 967/2070/2908 969/2071/2909 973/2072/2910 987/2073/2911 998/2074/2912 1007/2075/2913 1015/2076/2914 1026/2077/2915 1039/2078/2916 1049/2079/2917 1056/2080/2918 1059/2081/2919 1023/2082/2920 1014/2083/2921 1002/2084/2922 988/2085/2923 972/2086/2924 968/2087/2925 965/2088/2926 966/2089/2927 970/2090/2928 974/2091/2929 979/2092/2930 985/2093/2931 989/2094/2932 996/2095/2933 1005/2096/2934 1012/2097/2935 1022/2098/2936 1034/2099/2937 1053/2100/2938 1065/2101/2939 1072/2102/2940 1078/2103/2941
f 1090/2104/2942 1093/2105/2943 1089/2106/2944 1083/2107/2945 1066/2108/2946 1048/2109/2947 1033/2110/2948 1021/2111/2949 1017/2112/2950 1009/2113/2951 1004/2114/2952 1000/2115/2953 994/2116/2954 993/2117/2955 984/2118/2956 978/2119/2957 976/2120/2958 981/2121/2959 990/2122/2960 1003/2123/2961 1013/2124/2962 1024/2125/2963 1037/2126/2964 1071/2127/2965 1067/2128/2966 1061/2129/2967 1054/2130/2968 1043/2131/2969 1027/2132/2970 1019/2133/2971 1011/2134/2972 1001/2135/2973 991/2136/2974 982/2137/2975 977/2138/2976 983/2139/2977 995/2140/2978 992/2141/2979 999/2142/2980 1008/2143/2981 1016/2144/2982 1025/2145/2983 1032/2146/2984 1038/2147/2985 1044/2148/2986 1057/2149/2987 1074/2150/2988 1082/2151/2989 1088/2152/2990 1092/2153/2991 1094/2154/2992 1091/2155/2993 1087/2156/2994 1075/2157/2995 1062/2158/2996 1051/2159/2997 1040/2160/2998 1041/2161/2999 1042/2162/3000 1050/2163/3001 1052/2164/3002 1063/2165/3003 1069/2166/3004 1077/2167/3005 1081/2168/3006
f 976/2169/3007 978/2170/3008 966/2171/3009 965/2172/3010
f 981/2173/3011 976/2174/3012 965/2175/3013 968/2176/3014
f 978/2170/3015 984/2177/3016 970/2178/3017 966/2171/3018
f 990/2179/3019 981/2173/3020 968/2176/3021 972/2180/3022
f 984/2177/3023 993/2181/3024 974/2182/3025 970/2178/3026
f 993/2181/3027 994/2183/3028 979/2184/3029 974/2182/3030
f 994/2183/3031 1000/2185/3032 985/2186/3033 979/2184/3034
f 1000/2185/3035 1004/2187/3036 989/2188/3037 985/2186/3038
f 1003/2029/3039 990/2179/3040 972/2180/3041 988/2030/3042
f 983/2189/3043 977/2190/3044 967/2191/3045 971/2192/3046
f 977/2193/3047 982/2194/3048 969/2195/3049 967/2196/3050
f 995/2197/3051 983/2189/3052 971/2192/3053 980/2198/3054
f 982/2194/3055 991/2199/3056 973/2200/3057 969/2195/3058
f 1004/2187/3059 1009/2201/3060 996/2202/3061 989/2188/3062
f 992/2203/3063 995/2197/3064 980/2198/3065 975/2204/3066
f 991/2199/3067 1001/2205/3068 987/2206/3069 973/2200/3070
f 999/2207/3071 992/2203/3072 975/2204/3073 986/2208/3074
f 1009/2201/3075 1017/2209/3076 1005/2210/3077 996/2202/3078
f 1001/2205/3079 1011/2211/3080 998/2212/3081 987/2206/3082
f 1008/2213/3083 999/2207/3084 986/2208/3085 997/2214/3086
f 1011/2215/3087 1019/2216/3088 1007/2217/3089 998/2218/3090
f 1016/2219/3091 1008/2213/3092 997/2214/3093 1006/2220/3094
f 1017/2209/3095 1021/2221/3096 1012/2222/3097 1005/2210/3098
f 1019/2216/3099 1027/2223/3100 1015/2224/3101 1007/2217/3102
f 1025/2225/3103 1016/2219/3104 1006/2220/3105 1010/2226/3106
f 1024/2227/3107 1013/2228/3108 1002/2229/3109 1014/2230/3110
f 1032/2231/3111 1025/2225/3112 1010/2226/3113 1018/2232/3114
f 1021/2221/3115 1033/2233/3116 1022/2234/3117 1012/2222/3118
f 1041/2235/3119 1040/2236/3120 1030/2237/3121 1029/2238/3122
f 1027/2223/3123 1043/2239/3124 1026/2240/3125 1015/2224/3126
f 1038/2241/3127 1032/2231/3128 1018/2232/3129 1020/2242/3130
f 1040/2236/3131 1051/2243/3132 1035/2244/3133 1030/2237/3134
f 1042/2245/3135 1041/2246/3136 1029/2247/3137 1036/2248/3138
f 1044/2249/3139 1038/2241/3140 1020/2242/3141 1028/2250/3142
f 1037/2251/3143 1024/2227/3144 1014/2230/3145 1023/2252/3146
f 1033/2233/3147 1048/2253/3148 1034/2254/3149 1022/2234/3150
f 1043/2239/3151 1054/2255/3152 1039/2256/3153 1026/2240/3154
f 1050/2257/3155 1042/2258/3156 1036/2259/3157 1031/2260/3158
f 1051/2243/3159 1062/2261/3160 1047/2262/3161 1035/2244/3162
f 1057/2263/3163 1044/2249/3164 1028/2250/3165 1045/2264/3166
f 1048/2253/3167 1066/2265/3168 1053/2266/3169 1034/2254/3170
f 1052/2267/3171 1050/2257/3172 1031/2260/3173 1046/2268/3174
f 1054/2255/3175 1061/2269/3176 1049/2270/3177 1039/2256/3178
f 1071/2271/3179 1037/2251/3180 1023/2252/3181 1059/2272/3182
f 1063/2273/3183 1052/2267/3184 1046/2268/3185 1055/2274/3186
f 1062/2275/3187 1075/2276/3188 1058/2277/3189 1047/2278/3190
f 1066/2265/3191 1083/2279/3192 1065/2280/3193 1053/2266/3194
f 1069/2033/3195 1063/2281/3196 1055/2282/3197 1064/2034/3198
f 1074/2283/3199 1057/2263/3200 1045/2264/3201 1060/2284/3202
f 1061/2269/3203 1067/2285/3204 1056/2286/3205 1049/2270/3206
f 1083/2279/3207 1089/2287/3208 1072/2288/3209 1065/2280/3210
f 1067/2285/3211 1071/2289/3212 1059/2290/3213 1056/2286/3214
f 1089/2287/3215 1093/2291/3216 1078/2292/3217 1072/2288/3218
f 1090/2293/3219 1081/2038/3220 1076/2037/3221 1084/2294/3222
f 1093/2291/3223 1090/2295/3224 1084/2296/3225 1078/2292/3226
f 1075/2276/3227 1087/2297/3228 1070/2298/3229 1058/2277/3230
f 1082/2299/3231 1074/2283/3232 1060/2284/3233 1073/2300/3234
f 1088/2301/3235 1082/2299/3236 1073/2300/3237 1079/2302/3238
f 1087/2297/3239 1091/2303/3240 1080/2304/3241 1070/2298/3242
f 1092/2305/3243 1088/2301/3244 1079/2302/3245 1085/2306/3246
f 1091/2303/3247 1094/2307/3248 1086/2308/3249 1080/2304/3250
f 1094/2309/3251 1092/2305/3252 1085/2306/3253 1086/2310/3254
g default
v 49.691032 1.196659 2.894895
v 49.691032 0.846957 2.925492
v 49.635731 0.846957 2.925492
v 49.691032 0.850781 2.969208
v 49.691032 1.200484 2.938614
v 49.635731 0.850781 2.969208
v 49.635731 1.299935 2.885862
v 49.699020 1.303759 2.929577
v 49.983215 0.846957 2.925492
v 49.920235 0.846957 2.925492
v 49.927910 0.950133 2.916465
v 49.635731 1.303759 2.929577
v 49.920235 0.850781 2.969208
v 49.983215 0.850781 2.969208
v 49.927910 0.953957 2.960182
v 49.699020 1.299935 2.885862
v 49.983215 1.299935 2.885862
v 49.983215 1.303759 2.929577
v 49.927910 1.299935 2.885862
v 49.927910 1.303759 2.929577
vt 0.307581 0.283635
vt 0.307581 0.554666
vt 0.270042 0.554666
vt 0.133426 0.345428
vt 0.133426 0.554666
vt 0.100463 0.554666
vt 0.100463 0.283635
vt 0.138186 0.283635
vt 0.274618 0.492932
vt 0.274618 0.283635
vt 0.239987 0.620238
vt 0.103555 0.829535
vt 0.065832 0.829535
vt 0.065832 0.558504
vt 0.098795 0.558504
vt 0.098795 0.767742
vt 0.235412 0.558504
vt 0.272950 0.558504
vt 0.272950 0.829535
vt 0.239987 0.829535
vt 0.288883 0.931890
vt 0.321847 0.931890
vt 0.321847 0.988617
vt 0.288883 0.988617
vt 0.037836 0.554666
vt 0.037836 0.283635
vt 0.094563 0.283635
vt 0.094563 0.554666
vt 0.909798 0.551731
vt 0.909798 0.760968
vt 0.853072 0.760968
vt 0.853072 0.551731
vt 0.777841 0.802796
vt 0.777841 0.765257
vt 0.834568 0.765257
vt 0.834568 0.802796
vt 0.777841 0.939412
vt 0.834568 0.939412
vt 0.771940 0.765257
vt 0.771940 0.901689
vt 0.715214 0.901689
vt 0.715214 0.765257
vt 0.771940 0.939412
vt 0.715214 0.939412
vt 0.789343 0.761028
vt 0.789343 0.551731
vt 0.846069 0.551731
vt 0.846069 0.761028
vt 0.058642 0.558504
vt 0.058642 0.829535
vt 0.001916 0.829535
vt 0.001916 0.558504
vt 0.361209 0.988774
vt 0.328245 0.988774
vt 0.328245 0.932048
vt 0.361209 0.932048
vn 0.000000 -0.087154 -0.996195
vn 0.000000 -0.087154 -0.996195
vn 0.000000 -0.087154 -0.996195
vn 0.000000 -0.087154 -0.996195
vn 0.000000 -0.087154 -0.996195
vn 0.000000 -0.087154 -0.996195
vn 0.000000 -0.087154 -0.996195
vn 0.000000 -0.087154 -0.996195
vn 0.000000 -0.087154 -0.996195
vn 0.000000 -0.087154 -0.996195
vn 0.000000 0.087158 0.996194
vn 0.000000 0.087158 0.996195
vn 0.000000 0.087158 0.996194
vn 0.000000 0.087158 0.996194
vn 0.000000 0.087158 0.996194
vn 0.000000 0.087158 0.996195
vn 0.000000 0.087158 0.996195
vn 0.000000 0.087158 0.996194
vn 0.000000 0.087158 0.996194
vn 0.000000 0.087158 0.996194
vn 0.000000 -0.996195 0.087155
vn 0.000000 -0.996195 0.087155
vn 0.000000 -0.996195 0.087155
vn 0.000000 -0.996195 0.087155
vn -1.000000 -0.000012 0.000000
vn -1.000000 -0.000012 0.000000
vn -1.000000 -0.000012 0.000000
vn -1.000000 -0.000012 0.000000
vn 1.000000 0.000000 0.000000
vn 1.000000 0.000000 0.000000
vn 1.000000 0.000000 0.000000
vn 1.000000 0.000000 0.000000
vn 0.000000 -0.996195 0.087154
vn 0.000000 -0.996195 0.087154
vn 0.000000 -0.996195 0.087154
vn 0.000000 -0.996195 0.087154
vn -0.837326 -0.544623 0.047651
vn -0.837326 -0.544623 0.047651
vn -0.837326 -0.544623 0.047651
vn -0.837326 -0.544623 0.047651
vn 0.837733 0.544003 -0.047585
vn 0.837733 0.544003 -0.047585
vn 0.837733 0.544003 -0.047585
vn 0.837733 0.544003 -0.047585
vn 0.000000 0.996195 -0.087156
vn 0.000000 0.996195 -0.087156
vn 0.000000 0.996195 -0.087156
vn 0.000000 0.996195 -0.087156
vn -1.000000 0.000000 0.000000
vn -1.000000 0.000000 0.000000
vn -1.000000 0.000000 0.000000
vn -1.000000 0.000000 0.000000
vn 1.000000 0.000000 0.000000
vn 1.000000 0.000000 0.000000
vn 1.000000 0.000000 0.000000
vn 1.000000 0.000000 0.000000
vn 0.000000 0.996195 -0.087155
vn 0.000000 0.996195 -0.087155
vn 0.000000 0.996195 -0.087155
vn 0.000000 0.996195 -0.087155
s off
g polySurface20 polySurface36
usemtl initialShadingGroup
f 1111/2311/3255 1103/2312/3256 1104/2313/3257 1095/2314/3258 1096/2315/3259 1097/2316/3260 1101/2317/3261 1110/2318/3262 1105/2319/3263 1113/2320/3264
f 1109/2321/3265 1102/2322/3266 1106/2323/3267 1100/2324/3268 1098/2325/3269 1099/2326/3270 1107/2327/3271 1108/2328/3272 1112/2329/3273 1114/2330/3274
f 1097/2331/3275 1096/2332/3276 1098/2333/3277 1100/2334/3278
f 1101/2335/3279 1097/2336/3280 1100/2337/3281 1106/2338/3282
f 1096/2339/3283 1095/2340/3284 1099/2341/3285 1098/2342/3286
f 1104/2343/3287 1103/2344/3288 1108/2345/3289 1107/2346/3290
f 1095/2347/3291 1104/2343/3292 1107/2346/3293 1099/2348/3294
f 1105/2349/3295 1110/2350/3296 1102/2351/3297 1109/2352/3298
f 1110/2350/3299 1101/2353/3300 1106/2354/3301 1102/2351/3302
f 1113/2355/3303 1105/2356/3304 1109/2357/3305 1114/2358/3306
f 1103/2359/3307 1111/2360/3308 1112/2361/3309 1108/2362/3310
f 1111/2363/3311 1113/2364/3312 1114/2365/3313 1112/2366/3314
g default
v 55.555710 -13.517096 4.194458
v 55.273869 -13.327366 4.424398
v 55.522930 -13.408205 4.122726
v 55.894535 -13.559328 4.036848
v 55.321236 -13.440998 4.478460
v 55.882839 -13.453062 3.955310
v 55.922779 -13.576807 4.169641
v 55.634850 -13.540920 4.303576
v 55.184978 -13.226575 4.800579
v 55.237553 -13.346106 4.832606
v 55.522930 -11.230890 3.539317
v 56.242359 -13.576807 4.169641
v 56.270603 -13.559328 4.036848
v 56.530293 -13.540920 4.303576
v 55.435593 -13.476252 4.544920
v 56.800659 -13.395613 4.845871
v 56.609428 -13.517096 4.194457
v 55.364479 -13.395613 4.845872
v 55.273869 -11.150060 3.840988
v 55.435593 -13.314972 5.146823
v 56.729546 -13.476252 4.544920
v 56.642208 -13.408205 4.122726
v 56.843903 -13.440998 4.478460
v 55.321236 -13.251212 5.186751
v 55.522934 -13.044939 5.478431
v 55.273869 -13.125778 5.176758
v 55.555710 -13.175114 5.470755
v 56.891270 -13.327366 4.424398
v 55.634850 -13.250304 5.388167
v 55.894535 -13.132882 5.628364
v 55.273869 -10.948465 4.593349
v 55.922779 -13.214417 5.522103
v 56.927586 -13.346106 4.832605
v 55.882839 -13.000082 5.645846
v 56.891270 -11.150060 3.840988
v 56.980160 -13.226575 4.800578
v 56.242359 -13.214417 5.522103
v 56.530293 -13.250304 5.388167
v 56.729546 -13.314972 5.146823
v 56.642208 -11.230890 3.539317
v 56.843903 -13.251212 5.186751
v 56.609428 -13.175114 5.470754
v 55.522934 -10.867634 4.895021
v 56.642208 -10.867634 4.895020
v 55.882839 -11.275749 3.371900
v 55.184978 -11.049263 4.217170
v 56.282303 -11.275749 3.371900
v 56.642208 -13.044946 5.478430
v 56.282303 -10.822775 5.062437
v 56.282303 -13.000082 5.645846
v 55.882839 -10.822775 5.062437
v 56.980160 -11.049262 4.217169
v 56.891270 -10.948465 4.593349
v 56.282303 -13.453062 3.955310
v 56.270603 -13.132882 5.628364
v 56.891270 -13.125778 5.176758
vt 0.928909 0.762927
vt 0.998008 0.762927
vt 0.988914 0.783160
vt 0.923862 0.783160
vt 0.515920 0.783160
vt 0.440955 0.783160
vt 0.433703 0.762927
vt 0.513332 0.762927
vt 0.099124 0.706265
vt 0.063023 0.631300
vt 0.090401 0.625051
vt 0.121080 0.688756
vt 0.842743 0.762927
vt 0.842743 0.783160
vt 0.998008 0.394358
vt 0.928909 0.394358
vt 0.121080 0.490639
vt 0.090401 0.554344
vt 0.063023 0.548095
vt 0.099124 0.473130
vt 0.369511 0.490639
vt 0.400189 0.554344
vt 0.400189 0.625051
vt 0.369511 0.688756
vt 0.314230 0.732841
vt 0.245295 0.748575
vt 0.176361 0.732841
vt 0.176361 0.446554
vt 0.245295 0.430820
vt 0.314230 0.446554
vt 0.164177 0.421253
vt 0.470022 0.390366
vt 0.404970 0.390366
vt 0.395875 0.370133
vt 0.464975 0.370133
vt 0.687478 0.762927
vt 0.756577 0.762927
vt 0.761624 0.783160
vt 0.696572 0.783160
vt 0.427567 0.631300
vt 0.391466 0.706265
vt 0.756577 0.394358
vt 0.687478 0.394358
vt 0.551140 0.390366
vt 0.551140 0.370133
vt 0.793184 0.021797
vt 0.713555 0.021797
vt 0.720807 0.001563
vt 0.795772 0.001563
vt 0.464975 0.001563
vt 0.395875 0.001563
vt 0.326414 0.421253
vt 0.391466 0.473130
vt 0.195605 0.001563
vt 0.281770 0.021230
vt 0.350870 0.076335
vt 0.389217 0.155964
vt 0.389217 0.244346
vt 0.350870 0.323975
vt 0.281770 0.379080
vt 0.195604 0.398747
vt 0.109439 0.379080
vt 0.040339 0.323975
vt 0.001992 0.244346
vt 0.001992 0.155964
vt 0.040339 0.076335
vt 0.109439 0.021230
vt 0.881565 0.390366
vt 0.881565 0.021797
vt 0.961194 0.021797
vt 0.961194 0.390366
vt 0.164177 0.758142
vt 0.601713 0.762927
vt 0.599125 0.783160
vt 0.245295 0.776657
vt 0.326414 0.758142
vt 0.681342 0.762927
vt 0.674090 0.783160
vt 0.433703 0.394358
vt 0.513332 0.394358
vt 0.842743 0.394358
vt 0.601713 0.394358
vt 0.681342 0.394358
vt 0.245295 0.402738
vt 0.427567 0.548095
vt 0.878977 0.001563
vt 0.637306 0.370133
vt 0.632259 0.390366
vt 0.953942 0.001563
vt 0.706406 0.370133
vt 0.697311 0.390366
vt 0.793184 0.390366
vt 0.713555 0.390366
vt 0.551140 0.001563
vt 0.637306 0.001563
vt 0.706406 0.001563
vn -0.900782 -0.131936 -0.413744
vn -0.623359 -0.221974 -0.749767
vn -0.573853 -0.563934 -0.593861
vn -0.829238 -0.481047 -0.284532
vn -0.204806 -0.609933 -0.765530
vn -0.222476 -0.271941 -0.936244
vn -0.233452 -0.971427 -0.042775
vn -0.083320 -0.990139 -0.112615
vn -0.003148 -0.969398 0.245472
vn -0.008819 -0.968692 0.248111
vn -0.999793 -0.019664 0.005269
vn -0.920380 -0.377705 0.101196
vn -0.623489 -0.202354 -0.755192
vn -0.900969 -0.112298 -0.419100
vn 0.008820 -0.968692 0.248111
vn 0.003148 -0.969399 0.245472
vn 0.083319 -0.990139 -0.112616
vn 0.233458 -0.971425 -0.042780
vn 0.008819 -0.962967 0.269475
vn 0.003148 -0.962260 0.272114
vn -0.003148 -0.962260 0.272114
vn -0.008819 -0.962967 0.269475
vn -0.012744 -0.964241 0.264721
vn -0.014145 -0.965829 0.258793
vn -0.012745 -0.967418 0.252865
vn 0.012744 -0.967418 0.252865
vn 0.014145 -0.965829 0.258793
vn 0.012744 -0.964241 0.264721
vn 0.337364 -0.937702 0.083066
vn 0.829233 -0.481055 -0.284532
vn 0.573855 -0.563937 -0.593856
vn 0.623362 -0.221972 -0.749766
vn 0.900782 -0.131938 -0.413744
vn -0.623360 0.182650 0.760303
vn -0.900781 0.092611 0.424284
vn -0.829228 -0.274360 0.486937
vn -0.573847 -0.191451 0.796270
vn -0.083319 -0.801172 0.592606
vn -0.233455 -0.819892 0.522758
vn -0.900967 0.112297 0.419103
vn -0.623490 0.202354 0.755191
vn 0.920374 -0.377719 0.101196
vn 0.999793 -0.019663 0.005269
vn -0.222475 0.232616 0.946781
vn -0.204808 -0.145451 0.967935
vn 0.900969 -0.112299 -0.419100
vn 0.623491 -0.202351 -0.755191
vn 0.337350 -0.853613 0.396912
vn 0.233455 -0.819891 0.522760
vn -0.000000 0.965926 -0.258817
vn -0.000000 0.965926 -0.258817
vn -0.000000 0.965926 -0.258817
vn -0.000000 0.965926 -0.258817
vn -0.000000 0.965926 -0.258817
vn -0.000000 0.965926 -0.258817
vn -0.000000 0.965926 -0.258817
vn -0.000000 0.965926 -0.258817
vn -0.000000 0.965926 -0.258817
vn -0.000000 0.965926 -0.258817
vn -0.000000 0.965926 -0.258817
vn -0.000000 0.965926 -0.258817
vn -0.000000 0.965926 -0.258817
vn -0.000000 0.965926 -0.258817
vn 0.222524 0.252330 0.941707
vn 0.222478 0.232615 0.946781
vn 0.623363 0.182647 0.760302
vn 0.623492 0.202351 0.755190
vn -0.337356 -0.937705 0.083069
vn 0.222477 -0.271938 -0.936244
vn 0.204802 -0.609942 -0.765524
vn -0.374437 -0.895657 0.239993
vn -0.337350 -0.853614 0.396911
vn -0.222522 -0.252331 -0.941708
vn -1.000000 -0.000002 0.000000
vn 0.222523 -0.252328 -0.941708
vn 0.374436 -0.895656 0.239996
vn 0.083320 -0.801171 0.592606
vn 0.204802 -0.145467 0.967934
vn 0.900782 0.092611 0.424282
vn 0.829233 -0.274346 0.486937
vn 0.573845 -0.191452 0.796271
vn -0.222521 0.252331 0.941708
vn 1.000000 0.000000 0.000000
vn 0.900969 0.112297 0.419099
s 1
g polySurface20 polySurface25
usemtl blinn1SG
f 1116/2367/3315 1117/2368/3316 1115/2369/3317 1119/2370/3318
f 1118/2371/3319 1115/2372/3317 1117/2373/3316 1120/2374/3320
s 2
f 1115/2375/3321 1118/2376/3322 1121/2377/3323 1122/2378/3324
s 1
f 1123/2379/3325 1116/2367/3315 1119/2370/3318 1124/2380/3326
f 1125/2381/3327 1117/2368/3316 1116/2367/3315 1133/2382/3328
s 2
f 1128/2383/3329 1126/2384/3330 1127/2385/3331 1131/2386/3332
f 1152/2387/3333 1151/2388/3334 1146/2389/3335 1143/2390/3336 1134/2391/3337 1132/2392/3338 1129/2393/3339 1122/2378/3324 1121/2377/3323 1126/2384/3330 1128/2383/3329 1135/2394/3340 1130/2395/3341 1153/2396/3342
f 1135/2394/3340 1128/2383/3329 1131/2386/3332 1137/2397/3343
s 1
f 1137/2398/3344 1131/2399/3345 1136/2400/3346 1142/2401/3347
f 1139/2402/3348 1140/2403/3349 1138/2404/3350 1141/2405/3351
s 2
f 1144/2406/3352 1141/2407/3353 1143/2390/3336 1146/2389/3335
s 1
f 1145/2408/3354 1140/2403/3349 1139/2402/3348 1157/2409/3355
f 1147/2410/3356 1137/2398/3344 1142/2401/3347 1150/2411/3357
f 1148/2412/3358 1139/2413/3348 1141/2414/3351 1144/2415/3359
f 1149/2416/3360 1142/2401/3347 1136/2400/3346 1154/2417/3361
s 2
f 1152/2387/3333 1153/2396/3342 1155/2418/3362 1156/2419/3363
s off
f 1166/2420/3364 1149/2421/3365 1154/2422/3366 1161/2423/3367 1159/2424/3368 1125/2425/3369 1133/2426/3370 1160/2427/3371 1145/2428/3372 1157/2429/3373 1165/2430/3374 1163/2431/3375 1158/2432/3376 1167/2433/3377
s 1
f 1163/2434/3378 1164/2435/3379 1162/2436/3380 1158/2437/3381
s 2
f 1129/2393/3339 1119/2438/3382 1115/2375/3321 1122/2378/3324
s 1
f 1118/2371/3319 1120/2374/3320 1168/2439/3383 1127/2440/3384
s 2
f 1132/2392/3338 1124/2441/3385 1119/2438/3382 1129/2393/3339
f 1121/2377/3323 1118/2376/3322 1127/2385/3331 1126/2384/3330
f 1134/2391/3337 1138/2442/3386 1124/2441/3385 1132/2392/3338
s 1
f 1138/2404/3350 1140/2403/3349 1123/2379/3325 1124/2380/3326
f 1127/2440/3384 1168/2439/3383 1136/2443/3346 1131/2444/3345
f 1125/2445/3327 1159/2446/3387 1120/2374/3320 1117/2373/3316
f 1160/2447/3388 1133/2382/3328 1116/2367/3315 1123/2379/3325
f 1159/2446/3387 1161/2448/3389 1168/2439/3383 1120/2374/3320
s 2
f 1143/2390/3336 1141/2407/3353 1138/2442/3386 1134/2391/3337
s 1
f 1145/2408/3354 1160/2447/3388 1123/2379/3325 1140/2403/3349
f 1161/2448/3389 1154/2449/3361 1136/2443/3346 1168/2439/3383
s 2
f 1135/2394/3340 1137/2397/3343 1147/2450/3390 1130/2395/3341
f 1151/2388/3334 1169/2451/3391 1144/2406/3352 1146/2389/3335
f 1155/2418/3362 1153/2396/3342 1130/2395/3341 1147/2450/3390
s 1
f 1169/2452/3392 1164/2435/3379 1148/2412/3358 1144/2415/3359
f 1170/2453/3393 1155/2454/3394 1147/2410/3356 1150/2411/3357
s 2
f 1152/2387/3333 1156/2419/3363 1169/2451/3391 1151/2388/3334
s 1
f 1156/2455/3395 1162/2436/3380 1164/2435/3379 1169/2452/3392
f 1155/2454/3394 1170/2453/3393 1162/2456/3380 1156/2457/3395
f 1165/2458/3396 1157/2459/3355 1139/2413/3348 1148/2412/3358
f 1149/2416/3360 1166/2460/3397 1150/2411/3357 1142/2401/3347
f 1163/2434/3378 1165/2458/3396 1148/2412/3358 1164/2435/3379
f 1166/2460/3397 1167/2461/3398 1170/2453/3393 1150/2411/3357
f 1167/2461/3398 1158/2462/3381 1162/2456/3380 1170/2453/3393
g default
v 53.628860 -3.320065 4.093544
v 54.021858 -3.528501 4.221137
v 53.651421 -3.353180 3.969960
v 54.044418 -3.561617 4.097552
v 54.044418 -3.337339 4.037457
v 54.021858 -3.304224 4.161042
v 54.401550 -3.551432 4.160015
v 54.378990 -3.798618 4.358705
v 54.401550 -3.831730 4.235121
v 54.489788 -3.793562 4.377578
v 54.512348 -3.826676 4.253993
v 54.378990 -3.518319 4.283602
v 54.489788 -3.281023 4.240244
v 54.378990 -3.286079 4.221373
v 53.651421 -3.866213 4.107427
v 53.628860 -3.833099 4.231012
v 54.044418 -3.621905 4.113706
v 54.021858 -3.588791 4.237291
v 54.044418 -3.846184 4.173801
v 54.021858 -3.813069 4.297384
v 54.401550 -3.599492 4.172894
v 54.378990 -3.566377 4.296478
v 54.401550 -3.319192 4.097787
v 54.512348 -3.314136 4.116658
vt 0.255311 0.248197
vt 0.255311 0.001992
vt 0.501516 0.001992
vt 0.501516 0.248197
vt 0.570146 0.748071
vt 0.346414 0.748071
vt 0.346414 0.501866
vt 0.570146 0.501866
vt 0.882274 0.748071
vt 0.812861 0.748071
vt 0.812861 0.501866
vt 0.882274 0.501866
vt 0.713321 0.751803
vt 0.782733 0.751803
vt 0.782733 0.997771
vt 0.713321 0.997771
vt 0.183179 0.251929
vt 0.429384 0.251929
vt 0.429384 0.498134
vt 0.183179 0.498134
vt 0.686824 0.251929
vt 0.933030 0.251929
vt 0.933030 0.498134
vt 0.686824 0.498134
vt 0.508577 0.001992
vt 0.754782 0.110629
vt 0.754782 0.139561
vt 0.508577 0.248197
vt 0.001862 0.001992
vt 0.248068 0.110629
vt 0.248068 0.139561
vt 0.001862 0.248197
vt 0.177443 0.251929
vt 0.177443 0.498134
vt 0.069811 0.498134
vt 0.069811 0.251929
vt 0.248649 0.751803
vt 0.248649 0.806183
vt 0.248649 0.806183
vt 0.248649 0.751803
vt 0.242913 0.806183
vt 0.242913 0.751803
vt 0.242913 0.751803
vt 0.242913 0.806183
vt 0.001862 0.748071
vt 0.001862 0.501866
vt 0.109494 0.501866
vt 0.109494 0.748071
vt 0.116834 0.748071
vt 0.116834 0.501866
vt 0.340566 0.501866
vt 0.340566 0.748071
vt 0.483853 0.995999
vt 0.483853 0.751803
vt 0.707585 0.862369
vt 0.707585 0.885432
vt 0.254385 0.995999
vt 0.254385 0.751803
vt 0.478117 0.862369
vt 0.478117 0.885432
vt 0.687446 0.501866
vt 0.687446 0.748071
vt 0.575993 0.748071
vt 0.575993 0.501866
vt 0.237177 0.751803
vt 0.237177 0.806183
vt 0.237177 0.806183
vt 0.237177 0.751803
vt 0.788469 0.997771
vt 0.788469 0.751803
vt 0.857881 0.751803
vt 0.857881 0.997771
vt 0.231441 0.806183
vt 0.231441 0.751803
vt 0.231441 0.751803
vt 0.231441 0.806183
vt 0.694427 0.748071
vt 0.694427 0.501866
vt 0.805880 0.501866
vt 0.805880 0.748071
vt 0.435120 0.498134
vt 0.435120 0.251929
vt 0.681088 0.251929
vt 0.681088 0.498134
vt 0.863617 0.998008
vt 0.863617 0.751803
vt 0.933030 0.751803
vt 0.933030 0.998008
vn 0.498711 0.855672 -0.138250
vn 0.498712 0.855672 -0.138250
vn 0.498712 0.855672 -0.138250
vn 0.498711 0.855672 -0.138250
vn 0.541173 0.831710 -0.124060
vn 0.541173 0.831710 -0.124060
vn 0.541173 0.831710 -0.124060
vn 0.541173 0.831710 -0.124060
vn -0.000017 -0.965929 0.258807
vn -0.000017 -0.965929 0.258807
vn -0.000017 -0.965929 0.258807
vn -0.000017 -0.965929 0.258807
vn -0.173658 0.254886 0.951250
vn -0.173658 0.254886 0.951250
vn -0.173658 0.254886 0.951250
vn -0.173658 0.254886 0.951250
vn -0.984808 -0.044945 -0.167732
vn -0.984808 -0.044945 -0.167732
vn -0.984808 -0.044945 -0.167732
vn -0.984808 -0.044945 -0.167732
vn 0.498711 -0.810156 0.308114
vn 0.498711 -0.810156 0.308114
vn 0.498711 -0.810156 0.308114
vn 0.498711 -0.810156 0.308114
vn 0.173649 -0.254886 -0.951251
vn 0.173649 -0.254886 -0.951251
vn 0.173649 -0.254886 -0.951251
vn 0.173649 -0.254886 -0.951251
vn -0.173654 0.254888 0.951250
vn -0.173654 0.254888 0.951250
vn -0.173654 0.254888 0.951250
vn -0.173654 0.254888 0.951250
vn -0.984808 -0.044948 -0.167732
vn -0.984807 -0.044948 -0.167732
vn -0.984808 -0.044948 -0.167732
vn -0.984807 -0.044948 -0.167732
vn 0.000000 0.000000 0.000000
vn 0.000000 0.000000 0.000000
vn 0.000000 0.000000 0.000000
vn 0.000000 0.000000 0.000000
vn 0.707107 0.707107 0.000000
vn 0.707107 0.707107 0.000000
vn 0.000000 0.000000 0.000000
vn 0.000000 0.000000 0.000000
vn -0.984808 -0.044948 -0.167730
vn -0.984808 -0.044948 -0.167730
vn -0.984808 -0.044948 -0.167730
vn -0.984808 -0.044948 -0.167730
vn 0.541175 -0.782310 0.308414
vn 0.541175 -0.782310 0.308414
vn 0.541175 -0.782311 0.308414
vn 0.541175 -0.782310 0.308414
vn 0.173647 -0.254887 -0.951252
vn 0.173647 -0.254887 -0.951252
vn 0.173647 -0.254887 -0.951252
vn 0.173647 -0.254887 -0.951252
vn -0.173650 0.254880 0.951253
vn -0.173650 0.254880 0.951253
vn -0.173650 0.254880 0.951253
vn -0.173650 0.254880 0.951253
vn -0.984806 -0.044960 -0.167738
vn -0.984808 -0.044942 -0.167733
vn -0.984808 -0.044942 -0.167733
vn -0.984808 -0.044942 -0.167733
vn -0.707107 0.707107 0.000000
vn -0.707107 0.707107 0.000000
vn -0.000000 0.000000 0.000000
vn -0.707107 0.707107 0.000000
vn 0.173653 -0.254887 -0.951251
vn 0.173653 -0.254886 -0.951251
vn 0.173653 -0.254887 -0.951250
vn 0.173653 -0.254887 -0.951251
vn -0.984806 -0.044967 -0.167736
vn -0.984808 -0.044949 -0.167731
vn -0.984808 -0.044949 -0.167731
vn -0.984808 -0.044949 -0.167731
vn 0.984808 0.044946 0.167731
vn 0.984808 0.044946 0.167731
vn 0.984808 0.044946 0.167731
vn 0.984808 0.044946 0.167731
vn -0.000000 0.965932 -0.258797
vn -0.000000 0.965932 -0.258797
vn -0.000000 0.965932 -0.258797
vn -0.000000 0.965932 -0.258797
s off
g polySurface20 polySurface38
usemtl initialShadingGroup
f 1173/2463/3399 1171/2464/3400 1172/2465/3401 1174/2466/3402
f 1177/2467/3403 1175/2468/3404 1176/2469/3405 1182/2470/3406
f 1180/2471/3407 1178/2472/3408 1179/2473/3409 1181/2474/3410
f 1178/2475/3411 1180/2476/3412 1183/2477/3413 1184/2478/3414
f 1185/2479/3415 1186/2480/3416 1171/2481/3417 1173/2482/3418
f 1185/2483/3419 1187/2484/3420 1188/2485/3421 1186/2486/3422
f 1173/2487/3423 1174/2488/3424 1187/2489/3425 1185/2490/3426
f 1186/2491/3427 1188/2492/3428 1172/2493/3429 1171/2494/3430
f 1188/2495/3431 1187/2496/3432 1189/2497/3433 1190/2498/3434
f 1187/2499/3435 1174/2500/3436 1175/2501/3437 1189/2502/3438
f 1172/2503/3439 1188/2504/3440 1190/2505/3441 1176/2506/3442
f 1174/2507/3443 1172/2508/3444 1176/2509/3445 1175/2510/3446
f 1190/2511/3447 1189/2512/3448 1191/2513/3449 1192/2514/3450
f 1189/2515/3451 1175/2516/3452 1177/2517/3453 1191/2518/3454
f 1176/2519/3455 1190/2520/3456 1192/2521/3457 1182/2522/3458
s 1
f 1192/2523/3459 1191/2524/3460 1179/2525/3461 1178/2526/3462
s off
f 1191/2527/3463 1177/2528/3464 1193/2529/3465 1179/2530/3466
f 1179/2531/3467 1193/2532/3468 1194/2533/3469 1181/2534/3470
s 1
f 1182/2535/3471 1192/2536/3459 1178/2537/3462 1184/2538/3472
f 1177/2539/3473 1182/2540/3471 1184/2541/3472 1193/2542/3474
s off
f 1180/2543/3475 1181/2544/3476 1194/2545/3477 1183/2546/3478
f 1193/2547/3479 1184/2548/3480 1183/2549/3481 1194/2550/3482
g default
v 50.138374 0.879088 2.922681
v 50.120567 0.903860 2.920513
v 50.187500 0.914748 2.919561
v 50.161587 0.860075 2.924344
v 50.107845 0.934718 2.917814
v 50.176422 0.932607 2.917997
v 50.190495 0.846499 2.925532
v 50.202019 0.901159 2.920749
v 50.225105 0.838351 2.926244
v 50.190495 0.850324 2.969248
v 50.220287 0.891448 2.921600
v 50.100212 0.971658 2.914582
v 50.168514 0.955110 2.916029
v 50.225105 0.842175 2.969962
v 50.138374 0.882912 2.966397
v 50.161587 0.863900 2.968060
v 50.187500 0.918573 2.963277
v 50.120567 0.907685 2.964230
v 50.176422 0.936431 2.961715
v 50.097672 1.014677 2.910818
v 50.163769 0.982264 2.913654
v 50.242287 0.885625 2.922107
v 50.202019 0.904983 2.964467
v 50.107845 0.938544 2.961531
v 50.168514 0.958935 2.959747
v 50.265423 0.835636 2.926482
v 50.268028 0.883682 2.922279
v 50.220287 0.895274 2.965316
v 50.100212 0.975483 2.958297
v 50.163769 0.986088 2.957368
v 50.162189 1.014070 2.910870
v 50.296970 0.837510 2.926318
v 50.293056 0.885506 2.922119
v 50.265423 0.839460 2.970199
v 50.242287 0.889451 2.965825
v 50.097672 1.018502 2.954535
v 50.162189 1.017895 2.954588
v 50.324947 0.843133 2.925826
v 50.268028 0.887506 2.965994
v 50.296970 0.841335 2.970034
v 50.314159 0.890991 2.921638
v 50.349354 0.852504 2.925007
v 50.293056 0.889331 2.965836
v 50.324947 0.846957 2.969542
v 50.331326 0.900124 2.920841
v 50.370186 0.865623 2.923858
v 50.162189 1.299935 2.885862
v 50.314159 0.894816 2.965356
v 50.344566 0.912911 2.919720
v 50.349354 0.856328 2.968724
v 50.384224 0.878192 2.922759
v 50.097672 1.303759 2.929577
v 50.331326 0.903948 2.964556
v 50.395924 0.891719 2.921574
v 50.370186 0.869449 2.967575
v 50.354431 0.930061 2.918221
v 50.344566 0.916736 2.963437
v 50.405273 0.906198 2.920307
v 50.097672 1.299935 2.885862
v 50.384224 0.882016 2.966476
v 50.361477 0.952277 2.916277
v 50.412281 0.921637 2.918958
v 50.395924 0.895543 2.965292
v 50.354431 0.933886 2.961938
v 50.417393 0.939269 2.917415
v 50.365707 0.979569 2.913888
v 50.421036 0.960349 2.915571
v 50.405273 0.910022 2.964026
v 50.412281 0.925461 2.962675
v 50.361477 0.956101 2.959995
v 50.162189 1.303759 2.929577
v 50.367115 1.011925 2.911059
v 50.423225 0.984878 2.913425
v 50.417393 0.943095 2.961132
v 50.421036 0.964174 2.959287
v 50.365707 0.983393 2.957607
v 50.423954 1.012841 2.910979
v 50.423225 0.988702 2.957142
v 50.367115 1.015750 2.954776
v 50.423954 1.016665 2.954694
v 50.423954 1.299935 2.885862
v 50.367115 1.303759 2.929577
v 50.367115 1.299935 2.885862
v 50.423954 1.303759 2.929577
vt 0.458805 0.920213
vt 0.402079 0.920213
vt 0.402079 0.899581
vt 0.458805 0.899581
vt 0.088944 0.899559
vt 0.145670 0.899559
vt 0.145670 0.910447
vt 0.088944 0.910447
vt 0.196399 0.001992
vt 0.196399 0.173769
vt 0.195964 0.190500
vt 0.194658 0.205176
vt 0.192487 0.217789
vt 0.189441 0.228339
vt 0.185263 0.237577
vt 0.179690 0.246240
vt 0.172718 0.254334
vt 0.164350 0.261854
vt 0.151932 0.269704
vt 0.137384 0.275311
vt 0.120710 0.278675
vt 0.101904 0.279796
vt 0.077875 0.278172
vt 0.057243 0.273297
vt 0.040014 0.265173
vt 0.026178 0.253798
vt 0.015564 0.238976
vt 0.007980 0.220512
vt 0.003431 0.198410
vt 0.001916 0.172670
vt 0.001916 0.001992
vt 0.040374 0.001992
vt 0.040374 0.173034
vt 0.041315 0.192064
vt 0.044143 0.208311
vt 0.048857 0.221776
vt 0.055458 0.232461
vt 0.064114 0.240592
vt 0.075002 0.246402
vt 0.088114 0.249886
vt 0.103457 0.251048
vt 0.118377 0.249957
vt 0.130956 0.246675
vt 0.141187 0.241211
vt 0.149078 0.233560
vt 0.154959 0.223298
vt 0.159160 0.210007
vt 0.161680 0.193677
vt 0.162520 0.174317
vt 0.162520 0.001992
vt 0.363266 0.279796
vt 0.363266 0.107471
vt 0.362426 0.088111
vt 0.359906 0.071782
vt 0.355705 0.058490
vt 0.349824 0.048228
vt 0.341933 0.040577
vt 0.331702 0.035113
vt 0.319123 0.031831
vt 0.304203 0.030740
vt 0.288860 0.031902
vt 0.275748 0.035387
vt 0.264860 0.041196
vt 0.256204 0.049327
vt 0.249603 0.060012
vt 0.244889 0.073477
vt 0.242061 0.089724
vt 0.241120 0.108754
vt 0.241120 0.279796
vt 0.202662 0.279796
vt 0.202662 0.109118
vt 0.204177 0.083378
vt 0.208726 0.061276
vt 0.216310 0.042813
vt 0.226924 0.027991
vt 0.240760 0.016615
vt 0.257989 0.008492
vt 0.278621 0.003616
vt 0.302651 0.001992
vt 0.321456 0.003113
vt 0.338130 0.006478
vt 0.352679 0.012085
vt 0.365097 0.019934
vt 0.373464 0.027454
vt 0.380436 0.035548
vt 0.386009 0.044212
vt 0.390188 0.053449
vt 0.393233 0.063999
vt 0.395404 0.076612
vt 0.396710 0.091288
vt 0.397145 0.108019
vt 0.397145 0.279796
vt 0.343240 0.584702
vt 0.343240 0.569880
vt 0.399967 0.569880
vt 0.399967 0.584702
vt 0.343240 0.558504
vt 0.399967 0.558504
vt 0.343240 0.603165
vt 0.399967 0.603165
vt 0.402079 0.937443
vt 0.458805 0.937443
vt 0.343240 0.625267
vt 0.399967 0.625267
vt 0.343240 0.651007
vt 0.399967 0.651007
vt 0.402079 0.875552
vt 0.458805 0.875552
vt 0.527425 0.558504
vt 0.527425 0.566635
vt 0.470698 0.566635
vt 0.470698 0.558504
vt 0.527425 0.577321
vt 0.470698 0.577321
vt 0.527425 0.590785
vt 0.470698 0.590785
vt 0.145670 0.886447
vt 0.088944 0.886447
vt 0.402079 0.856747
vt 0.458805 0.856747
vt 0.527425 0.607032
vt 0.470698 0.607032
vt 0.145670 0.871104
vt 0.088944 0.871104
vt 0.527425 0.626062
vt 0.470698 0.626062
vt 0.402079 0.840072
vt 0.458805 0.840072
vt 0.145670 0.856184
vt 0.088944 0.856184
vt 0.402079 0.825524
vt 0.458805 0.825524
vt 0.145670 0.843605
vt 0.088944 0.843605
vt 0.145670 0.833374
vt 0.088944 0.833374
vt 0.336238 0.558504
vt 0.336238 0.566354
vt 0.279512 0.566354
vt 0.279512 0.558504
vt 0.343240 0.821685
vt 0.399967 0.821685
vt 0.406969 0.566155
vt 0.406969 0.558504
vt 0.463696 0.558504
vt 0.463696 0.566155
vt 0.336238 0.573874
vt 0.279512 0.573874
vt 0.406969 0.576417
vt 0.463696 0.576417
vt 0.336238 0.581967
vt 0.279512 0.581967
vt 0.406969 0.589709
vt 0.463696 0.589709
vt 0.527425 0.797104
vt 0.470698 0.797104
vt 0.336238 0.590631
vt 0.279512 0.590631
vt 0.336238 0.599869
vt 0.279512 0.599869
vt 0.406969 0.606038
vt 0.463696 0.606038
vt 0.336238 0.610419
vt 0.279512 0.610419
vt 0.406969 0.625398
vt 0.463696 0.625398
vt 0.336238 0.623032
vt 0.279512 0.623032
vt 0.336238 0.637708
vt 0.279512 0.637708
vt 0.406065 0.998008
vt 0.367607 0.998008
vt 0.367607 0.941282
vt 0.406065 0.941282
vt 0.336238 0.654439
vt 0.279512 0.654439
vt 0.406969 0.797723
vt 0.463696 0.797723
vt 0.336238 0.826216
vt 0.279512 0.826216
vt 0.446471 0.998008
vt 0.412593 0.998008
vt 0.412593 0.941282
vt 0.446471 0.941282
vn -0.324743 -0.942203 0.082434
vn -0.324742 -0.942204 0.082434
vn -0.144019 -0.985810 0.086236
vn -0.144018 -0.985811 0.086236
vn 0.361052 0.928998 -0.081274
vn 0.361048 0.928999 -0.081274
vn 0.580771 0.810969 -0.070956
vn 0.580770 0.810970 -0.070956
vn -0.000013 -0.087150 -0.996195
vn -0.000013 -0.087150 -0.996195
vn -0.000013 -0.087150 -0.996195
vn -0.000013 -0.087150 -0.996195
vn -0.000013 -0.087150 -0.996195
vn -0.000013 -0.087150 -0.996195
vn -0.000013 -0.087150 -0.996195
vn -0.000013 -0.087150 -0.996195
vn -0.000013 -0.087150 -0.996195
vn -0.000013 -0.087150 -0.996195
vn -0.000013 -0.087150 -0.996195
vn -0.000013 -0.087150 -0.996195
vn -0.000013 -0.087150 -0.996195
vn -0.000013 -0.087150 -0.996195
vn -0.000013 -0.087150 -0.996195
vn -0.000013 -0.087150 -0.996195
vn -0.000013 -0.087150 -0.996195
vn -0.000013 -0.087150 -0.996195
vn -0.000013 -0.087150 -0.996195
vn -0.000013 -0.087150 -0.996195
vn -0.000013 -0.087150 -0.996195
vn -0.000013 -0.087150 -0.996195
vn -0.000013 -0.087150 -0.996195
vn -0.000013 -0.087150 -0.996195
vn -0.000013 -0.087150 -0.996195
vn -0.000013 -0.087150 -0.996195
vn -0.000013 -0.087150 -0.996195
vn -0.000013 -0.087150 -0.996195
vn -0.000013 -0.087150 -0.996195
vn -0.000013 -0.087150 -0.996195
vn -0.000013 -0.087150 -0.996195
vn -0.000013 -0.087150 -0.996195
vn -0.000013 -0.087150 -0.996195
vn -0.000013 -0.087150 -0.996195
vn -0.000013 -0.087150 -0.996195
vn -0.000013 -0.087150 -0.996195
vn -0.000013 -0.087150 -0.996195
vn -0.000013 -0.087150 -0.996195
vn -0.000013 -0.087150 -0.996195
vn -0.000013 -0.087150 -0.996195
vn -0.000013 -0.087150 -0.996195
vn -0.000013 -0.087150 -0.996195
vn 0.000007 0.087156 0.996195
vn 0.000007 0.087156 0.996195
vn 0.000007 0.087156 0.996195
vn 0.000007 0.087156 0.996195
vn 0.000007 0.087156 0.996195
vn 0.000007 0.087156 0.996195
vn 0.000007 0.087156 0.996195
vn 0.000007 0.087156 0.996195
vn 0.000007 0.087156 0.996195
vn 0.000007 0.087156 0.996195
vn 0.000007 0.087156 0.996195
vn 0.000007 0.087156 0.996195
vn 0.000007 0.087156 0.996195
vn 0.000007 0.087156 0.996195
vn 0.000007 0.087156 0.996195
vn 0.000007 0.087156 0.996195
vn 0.000007 0.087156 0.996195
vn 0.000007 0.087156 0.996195
vn 0.000007 0.087156 0.996195
vn 0.000007 0.087156 0.996195
vn 0.000007 0.087156 0.996195
vn 0.000007 0.087156 0.996195
vn 0.000007 0.087156 0.996195
vn 0.000007 0.087156 0.996195
vn 0.000007 0.087156 0.996195
vn 0.000007 0.087156 0.996195
vn 0.000007 0.087156 0.996195
vn 0.000007 0.087156 0.996195
vn 0.000007 0.087156 0.996195
vn 0.000007 0.087156 0.996195
vn 0.000007 0.087156 0.996195
vn 0.000007 0.087156 0.996195
vn 0.000007 0.087156 0.996195
vn 0.000007 0.087156 0.996195
vn 0.000007 0.087156 0.996195
vn 0.000007 0.087156 0.996195
vn 0.000007 0.087156 0.996195
vn 0.000007 0.087156 0.996195
vn 0.000007 0.087156 0.996195
vn 0.000007 0.087156 0.996195
vn 0.000007 0.087156 0.996195
vn 0.000007 0.087156 0.996195
vn -0.877470 -0.477806 0.041812
vn -0.731044 -0.679734 0.059465
vn -0.731044 -0.679735 0.059465
vn -0.877471 -0.477803 0.041812
vn -0.531591 -0.843778 0.073822
vn -0.531592 -0.843778 0.073822
vn -0.958073 -0.285433 0.024978
vn -0.958074 -0.285432 0.024978
vn -0.992058 -0.125305 0.010961
vn -0.992058 -0.125305 0.010961
vn -0.999970 -0.007683 0.000672
vn -0.999970 -0.007683 0.000672
vn -0.011730 -0.996127 0.087144
vn -0.011731 -0.996127 0.087144
vn 0.776713 0.627458 -0.054889
vn 0.776712 0.627460 -0.054889
vn 0.905479 0.422776 -0.036983
vn 0.905479 0.422776 -0.036983
vn 0.969263 0.245092 -0.021445
vn 0.969263 0.245092 -0.021445
vn 0.161155 0.983174 -0.086011
vn 0.161157 0.983174 -0.086011
vn 0.125420 -0.988328 0.086471
vn 0.125419 -0.988328 0.086471
vn 0.994345 0.105793 -0.009262
vn 0.994345 0.105794 -0.009262
vn 0.002368 0.996192 -0.087156
vn 0.002366 0.996192 -0.087156
vn 0.999988 0.004924 -0.000432
vn 0.999988 0.004924 -0.000432
vn 0.276142 -0.957459 0.083769
vn 0.276143 -0.957459 0.083769
vn -0.157076 0.983829 -0.086072
vn -0.157075 0.983829 -0.086072
vn 0.446546 -0.891356 0.077986
vn 0.446546 -0.891356 0.077986
vn -0.358011 0.930164 -0.081387
vn -0.358011 0.930164 -0.081387
vn -0.586289 0.807018 -0.070617
vn -0.586287 0.807019 -0.070618
vn 0.594569 -0.800984 0.070083
vn 0.594570 -0.800983 0.070083
vn -1.000000 0.000000 0.000000
vn -1.000000 0.000000 0.000000
vn -0.792814 0.607143 -0.053133
vn -0.792816 0.607141 -0.053132
vn 0.713332 -0.698158 0.061088
vn 0.713332 -0.698159 0.061088
vn -0.919385 0.391860 -0.034295
vn -0.919387 0.391855 -0.034295
vn 0.800544 -0.596993 0.052238
vn 0.800543 -0.596994 0.052238
vn -0.975203 0.220470 -0.019285
vn -0.975203 0.220471 -0.019285
vn 1.000000 0.000000 0.000000
vn 1.000000 0.000000 0.000000
vn 0.878216 -0.476445 0.041685
vn 0.878216 -0.476444 0.041685
vn 0.939375 -0.341588 0.029886
vn 0.939374 -0.341589 0.029886
vn -0.995595 0.093405 -0.008170
vn -0.995595 0.093407 -0.008170
vn 0.975557 -0.218908 0.019156
vn 0.975558 -0.218908 0.019156
vn -0.999991 0.004359 -0.000381
vn -0.999991 0.004359 -0.000381
vn 0.991989 -0.125842 0.011015
vn 0.991989 -0.125842 0.011015
vn 0.998470 -0.055078 0.004819
vn 0.998470 -0.055080 0.004819
vn 0.000000 0.996195 -0.087149
vn 0.000000 0.996195 -0.087149
vn 0.000000 0.996195 -0.087149
vn 0.000000 0.996195 -0.087149
vn 0.999997 -0.002302 0.000201
vn 0.999997 -0.002302 0.000201
vn -1.000000 0.000000 0.000000
vn -1.000000 0.000000 0.000000
vn 1.000000 0.000000 0.000000
vn 1.000000 0.000000 0.000000
vn 0.000000 0.996195 -0.087147
vn 0.000000 0.996195 -0.087147
vn 0.000000 0.996195 -0.087147
vn 0.000000 0.996195 -0.087147
s 1
g polySurface20 polySurface37
usemtl initialShadingGroup
f 1204/2551/3483 1201/2552/3484 1203/2553/3485 1208/2554/3486
s 2
f 1222/2555/3487 1205/2556/3488 1202/2557/3489 1217/2558/3490
s off
f 1275/2559/3491 1271/2560/3492 1267/2561/3493 1261/2562/3494 1259/2563/3495 1256/2564/3496 1252/2565/3497 1248/2566/3498 1245/2567/3499 1240/2568/3500 1236/2569/3501 1232/2570/3502 1226/2571/3503 1220/2572/3504 1203/2573/3505 1201/2574/3506 1198/2575/3507 1195/2576/3508 1196/2577/3509 1199/2578/3510 1206/2579/3511 1214/2580/3512 1253/2581/3513 1241/2582/3514 1225/2583/3515 1215/2584/3516 1207/2585/3517 1200/2586/3518 1197/2587/3519 1202/2588/3520 1205/2589/3521 1216/2590/3522 1221/2591/3523 1227/2592/3524 1235/2593/3525 1239/2594/3526 1243/2595/3527 1250/2596/3528 1255/2597/3529 1260/2598/3530 1266/2599/3531 1277/2600/3532
f 1276/2601/3533 1273/2602/3534 1270/2603/3535 1264/2604/3536 1258/2605/3537 1251/2606/3538 1247/2607/3539 1242/2608/3540 1237/2609/3541 1233/2610/3542 1229/2611/3543 1222/2612/3544 1217/2613/3545 1211/2614/3546 1213/2615/3547 1219/2616/3548 1224/2617/3549 1231/2618/3550 1265/2619/3551 1246/2620/3552 1230/2621/3553 1223/2622/3554 1218/2623/3555 1212/2624/3556 1209/2625/3557 1210/2626/3558 1204/2627/3559 1208/2628/3560 1228/2629/3561 1234/2630/3562 1238/2631/3563 1244/2632/3564 1249/2633/3565 1254/2634/3566 1257/2635/3567 1262/2636/3568 1263/2637/3569 1268/2638/3570 1269/2639/3571 1272/2640/3572 1274/2641/3573 1278/2642/3574
s 1
f 1196/2643/3575 1195/2644/3576 1209/2645/3577 1212/2646/3578
f 1195/2644/3576 1198/2647/3579 1210/2648/3580 1209/2645/3577
f 1199/2649/3581 1196/2643/3575 1212/2646/3578 1218/2650/3582
f 1198/2651/3579 1201/2552/3484 1204/2551/3483 1210/2652/3580
f 1206/2653/3583 1199/2649/3581 1218/2650/3582 1223/2654/3584
f 1214/2655/3585 1206/2653/3583 1223/2654/3584 1230/2656/3586
f 1203/2553/3485 1220/2657/3587 1228/2658/3588 1208/2554/3486
s 2
f 1202/2659/3489 1197/2660/3589 1211/2661/3590 1217/2662/3490
f 1197/2660/3589 1200/2663/3591 1213/2664/3592 1211/2661/3590
f 1200/2663/3591 1207/2665/3593 1219/2666/3594 1213/2664/3592
f 1216/2667/3595 1205/2556/3488 1222/2555/3487 1229/2668/3596
s 1
f 1220/2657/3587 1226/2669/3597 1234/2670/3598 1228/2658/3588
s 2
f 1207/2665/3593 1215/2671/3599 1224/2672/3600 1219/2666/3594
f 1221/2673/3601 1216/2667/3595 1229/2668/3596 1233/2674/3602
f 1215/2671/3599 1225/2675/3603 1231/2676/3604 1224/2672/3600
s 1
f 1226/2669/3597 1232/2677/3605 1238/2678/3606 1234/2670/3598
s 2
f 1227/2679/3607 1221/2673/3601 1233/2674/3602 1237/2680/3608
s 1
f 1232/2677/3605 1236/2681/3609 1244/2682/3610 1238/2678/3606
s 2
f 1235/2683/3611 1227/2679/3607 1237/2680/3608 1242/2684/3612
f 1239/2685/3613 1235/2683/3611 1242/2684/3612 1247/2686/3614
s 1
f 1236/2687/3609 1240/2688/3615 1249/2689/3616 1244/2690/3610
f 1253/2691/3617 1214/2655/3585 1230/2656/3586 1246/2692/3618
s 2
f 1243/2693/3619 1239/2694/3613 1247/2695/3614 1251/2696/3620
s 1
f 1240/2688/3615 1245/2697/3621 1254/2698/3622 1249/2689/3616
s 2
f 1250/2699/3623 1243/2693/3619 1251/2696/3620 1258/2700/3624
s 1
f 1245/2697/3621 1248/2701/3625 1257/2702/3626 1254/2698/3622
s 2
f 1255/2703/3627 1250/2699/3623 1258/2700/3624 1264/2704/3628
f 1225/2675/3603 1241/2705/3629 1265/2706/3630 1231/2676/3604
s 1
f 1248/2701/3625 1252/2707/3631 1262/2708/3632 1257/2702/3626
f 1252/2707/3631 1256/2709/3633 1263/2710/3634 1262/2708/3632
s 2
f 1260/2711/3635 1255/2703/3627 1264/2704/3628 1270/2712/3636
s 1
f 1256/2709/3633 1259/2713/3637 1268/2714/3638 1263/2710/3634
s 2
f 1266/2715/3639 1260/2711/3635 1270/2712/3636 1273/2716/3640
s 1
f 1259/2713/3637 1261/2717/3641 1269/2718/3642 1268/2714/3638
f 1261/2717/3641 1267/2719/3643 1272/2720/3644 1269/2718/3642
s off
f 1241/2721/3645 1253/2722/3646 1246/2723/3647 1265/2724/3648
s 1
f 1267/2719/3643 1271/2725/3649 1274/2726/3650 1272/2720/3644
s 2
f 1277/2727/3651 1266/2715/3639 1273/2716/3640 1276/2728/3652
s 1
f 1271/2725/3649 1275/2729/3653 1278/2730/3654 1274/2726/3650
s off
f 1275/2731/3655 1277/2732/3656 1276/2733/3657 1278/2734/3658
g default
v 49.775585 -8.120284 5.534560
v 49.775585 -8.175190 5.416815
v 49.888092 -8.175190 5.416815
v 49.888092 -8.120284 5.534560
v 49.775585 -7.694283 5.192567
v 49.888092 -7.694283 5.192567
v 49.775585 -7.639379 5.310311
v 49.888092 -7.639379 5.310311
vt 0.036335 0.554078
vt 0.036335 0.446346
vt 0.129629 0.446346
vt 0.129629 0.554078
vt 0.774969 0.886349
vt 0.774969 0.446346
vt 0.868263 0.446346
vt 0.868263 0.886349
vt 0.669600 0.446346
vt 0.669600 0.886349
vt 0.561868 0.886349
vt 0.561868 0.446346
vt 0.874300 0.446346
vt 0.982032 0.446346
vt 0.982032 0.886349
vt 0.874300 0.886349
vt 0.675638 0.886349
vt 0.675638 0.446346
vt 0.768932 0.446346
vt 0.768932 0.886349
vt 0.001960 0.665738
vt 0.001960 0.558006
vt 0.095254 0.558006
vt 0.095254 0.665738
vn 0.000000 -0.906310 0.422613
vn 0.000000 -0.906310 0.422613
vn 0.000000 -0.906310 0.422613
vn 0.000000 -0.906310 0.422613
vn 0.000000 -0.422615 -0.906309
vn 0.000000 -0.422615 -0.906309
vn 0.000000 -0.422615 -0.906309
vn 0.000000 -0.422615 -0.906309
vn -1.000000 0.000007 0.000000
vn -1.000000 0.000007 0.000000
vn -1.000000 0.000007 0.000000
vn -1.000000 0.000007 0.000000
vn 1.000000 0.000000 0.000000
vn 1.000000 0.000000 0.000000
vn 1.000000 0.000000 0.000000
vn 1.000000 0.000000 0.000000
vn 0.000000 0.422615 0.906309
vn 0.000000 0.422615 0.906309
vn 0.000000 0.422615 0.906309
vn 0.000000 0.422615 0.906309
vn 0.000000 0.906308 -0.422618
vn 0.000000 0.906308 -0.422618
vn 0.000000 0.906308 -0.422618
vn 0.000000 0.906308 -0.422618
s off
g polySurface20 polySurface40
usemtl initialShadingGroup
f 1279/2735/3659 1280/2736/3660 1281/2737/3661 1282/2738/3662
f 1280/2739/3663 1283/2740/3664 1284/2741/3665 1281/2742/3666
f 1279/2743/3667 1285/2744/3668 1283/2745/3669 1280/2746/3670
f 1282/2747/3671 1281/2748/3672 1284/2749/3673 1286/2750/3674
f 1285/2751/3675 1279/2752/3676 1282/2753/3677 1286/2754/3678
f 1283/2755/3679 1285/2756/3680 1286/2757/3681 1284/2758/3682
g default
v 49.991100 -8.120284 5.534560
v 49.991100 -8.175190 5.416815
v 50.103607 -8.175190 5.416815
v 50.103607 -8.120284 5.534560
v 49.991100 -7.694283 5.192567
v 50.103607 -7.694283 5.192567
v 49.991100 -7.639379 5.310311
v 50.103607 -7.639379 5.310311
vt 0.101875 0.998008
vt 0.101875 0.890276
vt 0.195170 0.890276
vt 0.195170 0.998008
vt 0.348767 0.886349
vt 0.348767 0.446346
vt 0.442062 0.446346
vt 0.442062 0.886349
vt 0.243398 0.446346
vt 0.243398 0.886349
vt 0.135666 0.886349
vt 0.135666 0.446346
vt 0.448099 0.446346
vt 0.555831 0.446346
vt 0.555831 0.886349
vt 0.448099 0.886349
vt 0.249435 0.886349
vt 0.249435 0.446346
vt 0.342730 0.446346
vt 0.342730 0.886349
vt 0.201598 0.998008
vt 0.201598 0.890276
vt 0.294893 0.890276
vt 0.294893 0.998008
vn 0.000000 -0.906310 0.422613
vn 0.000000 -0.906310 0.422613
vn 0.000000 -0.906310 0.422613
vn 0.000000 -0.906310 0.422613
vn 0.000000 -0.422615 -0.906309
vn 0.000000 -0.422615 -0.906309
vn 0.000000 -0.422615 -0.906309
vn 0.000000 -0.422615 -0.906309
vn -1.000000 0.000000 0.000000
vn -1.000000 0.000000 0.000000
vn -1.000000 0.000000 0.000000
vn -1.000000 0.000000 0.000000
vn 1.000000 0.000000 0.000000
vn 1.000000 0.000000 0.000000
vn 1.000000 0.000000 0.000000
vn 1.000000 0.000000 0.000000
vn 0.000000 0.422615 0.906309
vn 0.000000 0.422615 0.906309
vn 0.000000 0.422615 0.906309
vn 0.000000 0.422615 0.906309
vn 0.000000 0.906314 -0.422606
vn 0.000000 0.906314 -0.422606
vn 0.000000 0.906314 -0.422606
vn 0.000000 0.906314 -0.422606
s off
g polySurface20 polySurface42
usemtl initialShadingGroup
f 1287/2759/3683 1288/2760/3684 1289/2761/3685 1290/2762/3686
f 1288/2763/3687 1291/2764/3688 1292/2765/3689 1289/2766/3690
f 1287/2767/3691 1293/2768/3692 1291/2769/3693 1288/2770/3694
f 1290/2771/3695 1289/2772/3696 1292/2773/3697 1294/2774/3698
f 1293/2775/3699 1287/2776/3700 1290/2777/3701 1294/2778/3702
f 1291/2779/3703 1293/2780/3704 1294/2781/3705 1292/2782/3706
g default
v 49.332031 -1.165089 -0.494538
v 49.190620 -1.165089 -0.494538
v 49.190620 -1.263320 -0.861141
v 49.332031 -1.263320 -0.861141
v 49.190620 -0.529004 -1.057900
v 49.332031 -0.529004 -1.057900
v 49.190620 -0.430772 -0.691298
v 49.332031 -0.430772 -0.691298
vt 0.707397 0.940992
vt 0.695296 0.940992
vt 0.695296 0.925381
vt 0.707397 0.925381
vt 0.079339 0.645556
vt 0.079339 0.710607
vt 0.067239 0.710607
vt 0.067239 0.645556
vt 0.059877 0.645556
vt 0.059877 0.710607
vt 0.044266 0.710607
vt 0.044266 0.645556
vt 0.021293 0.710607
vt 0.021293 0.645556
vt 0.036904 0.645556
vt 0.036904 0.710607
vt 0.014057 0.645246
vt 0.014057 0.710297
vt 0.001957 0.710297
vt 0.001957 0.645246
vt 0.595506 0.790744
vt 0.583406 0.790744
vt 0.583406 0.775132
vt 0.595506 0.775132
vn 0.000000 -0.965926 0.258819
vn 0.000000 -0.965926 0.258819
vn 0.000000 -0.965926 0.258819
vn 0.000000 -0.965926 0.258819
vn 0.000000 -0.258819 -0.965926
vn 0.000000 -0.258819 -0.965926
vn 0.000000 -0.258819 -0.965926
vn 0.000000 -0.258819 -0.965926
vn -1.000000 0.000000 0.000000
vn -1.000000 0.000000 0.000000
vn -1.000000 0.000000 0.000000
vn -1.000000 0.000000 0.000000
vn 1.000000 0.000000 0.000000
vn 1.000000 0.000000 0.000000
vn 1.000000 0.000000 0.000000
vn 1.000000 0.000000 0.000000
vn 0.000000 0.258819 0.965926
vn 0.000000 0.258819 0.965926
vn 0.000000 0.258819 0.965926
vn 0.000000 0.258819 0.965926
vn 0.000000 0.965926 -0.258819
vn 0.000000 0.965926 -0.258819
vn 0.000000 0.965926 -0.258819
vn 0.000000 0.965926 -0.258819
s off
g polySurface20 polySurface41
usemtl blinn3SG
f 1295/2783/3707 1296/2784/3708 1297/2785/3709 1298/2786/3710
f 1297/2787/3711 1299/2788/3712 1300/2789/3713 1298/2790/3714
f 1296/2791/3715 1301/2792/3716 1299/2793/3717 1297/2794/3718
f 1302/2795/3719 1295/2796/3720 1298/2797/3721 1300/2798/3722
f 1295/2799/3723 1302/2800/3724 1301/2801/3725 1296/2802/3726
f 1301/2803/3727 1302/2804/3728 1300/2805/3729 1299/2806/3730
g default
v 44.684845 -3.312493 4.122787
v 44.795643 -3.830090 4.241253
v 44.684845 -3.825034 4.260123
v 44.795643 -3.317549 4.103918
v 45.152775 -3.844542 4.179930
v 45.175335 -3.811427 4.303517
v 44.795643 -3.597847 4.179023
v 44.818203 -3.564734 4.302609
v 44.707405 -3.279378 4.246375
v 44.818203 -3.516674 4.289733
v 45.152775 -3.335696 4.043588
v 44.795643 -3.549791 4.166147
v 44.818203 -3.284436 4.227504
v 45.175335 -3.302581 4.167173
v 45.545773 -3.864571 4.113558
v 45.175335 -3.587148 4.243423
v 45.152775 -3.620262 4.119834
v 45.152775 -3.559975 4.103683
v 45.545773 -3.351538 3.976090
v 45.568333 -3.831456 4.237143
v 44.818203 -3.796975 4.364839
v 44.707405 -3.791918 4.383711
v 45.175335 -3.526860 4.227268
v 45.568333 -3.318423 4.099675
vt 0.788469 0.751803
vt 0.857881 0.751803
vt 0.857881 0.997771
vt 0.788469 0.997771
vt 0.570146 0.748071
vt 0.346414 0.748071
vt 0.346414 0.501866
vt 0.570146 0.501866
vt 0.812861 0.501866
vt 0.882274 0.501866
vt 0.882274 0.748071
vt 0.812861 0.748071
vt 0.116834 0.501866
vt 0.340566 0.501866
vt 0.340566 0.748071
vt 0.116834 0.748071
vt 0.254385 0.751803
vt 0.478117 0.862369
vt 0.478117 0.885432
vt 0.254385 0.995999
vt 0.501516 0.001992
vt 0.501516 0.248197
vt 0.255311 0.248197
vt 0.255311 0.001992
vt 0.754782 0.110629
vt 0.754782 0.139561
vt 0.508577 0.248197
vt 0.508577 0.001992
vt 0.863617 0.998008
vt 0.863617 0.751803
vt 0.933030 0.751803
vt 0.933030 0.998008
vt 0.694427 0.748071
vt 0.694427 0.501866
vt 0.805880 0.501866
vt 0.805880 0.748071
vt 0.237177 0.751803
vt 0.237177 0.806183
vt 0.237177 0.806183
vt 0.237177 0.751803
vt 0.435120 0.498134
vt 0.435120 0.251929
vt 0.681088 0.251929
vt 0.681088 0.498134
vt 0.713321 0.997771
vt 0.713321 0.751803
vt 0.782733 0.751803
vt 0.782733 0.997771
vt 0.483853 0.995999
vt 0.483853 0.751803
vt 0.707585 0.862369
vt 0.707585 0.885432
vt 0.231441 0.806183
vt 0.231441 0.751803
vt 0.231441 0.751803
vt 0.231441 0.806183
vt 0.687446 0.501866
vt 0.687446 0.748071
vt 0.575993 0.748071
vt 0.575993 0.501866
vt 0.001862 0.748071
vt 0.001862 0.501866
vt 0.109494 0.501866
vt 0.109494 0.748071
vt 0.248649 0.751803
vt 0.248649 0.806183
vt 0.248649 0.806183
vt 0.248649 0.751803
vt 0.242913 0.806183
vt 0.242913 0.751803
vt 0.242913 0.751803
vt 0.242913 0.806183
vt 0.177443 0.251929
vt 0.177443 0.498134
vt 0.069811 0.498134
vt 0.069811 0.251929
vt 0.001862 0.001992
vt 0.248068 0.110629
vt 0.248068 0.139561
vt 0.001862 0.248197
vt 0.686824 0.251929
vt 0.933030 0.251929
vt 0.933030 0.498134
vt 0.686824 0.498134
vt 0.183179 0.251929
vt 0.429384 0.251929
vt 0.429384 0.498134
vt 0.183179 0.498134
vn -0.173639 -0.254887 -0.951253
vn -0.173639 -0.254887 -0.951253
vn -0.173639 -0.254887 -0.951253
vn -0.173639 -0.254887 -0.951253
vn -0.541179 -0.782314 0.308399
vn -0.541179 -0.782314 0.308399
vn -0.541179 -0.782315 0.308399
vn -0.541179 -0.782315 0.308399
vn 0.000007 0.965928 -0.258810
vn 0.000007 0.965928 -0.258810
vn 0.000007 0.965928 -0.258810
vn 0.000007 0.965928 -0.258810
vn -0.541173 0.831708 -0.124075
vn -0.541173 0.831708 -0.124075
vn -0.541173 0.831708 -0.124075
vn -0.541173 0.831708 -0.124075
vn 0.173647 0.254879 0.951254
vn 0.173647 0.254879 0.951254
vn 0.173647 0.254879 0.951254
vn 0.173647 0.254879 0.951254
vn -0.498710 -0.810158 0.308110
vn -0.498710 -0.810158 0.308111
vn -0.498710 -0.810158 0.308110
vn -0.498710 -0.810158 0.308110
vn -0.173647 -0.254887 -0.951252
vn -0.173647 -0.254887 -0.951252
vn -0.173647 -0.254887 -0.951252
vn -0.173647 -0.254887 -0.951252
vn -0.000003 -0.965925 0.258821
vn -0.000003 -0.965925 0.258821
vn -0.000003 -0.965925 0.258821
vn -0.000003 -0.965925 0.258821
vn 0.984809 -0.044925 -0.167731
vn 0.984810 -0.044896 -0.167732
vn 0.984809 -0.044925 -0.167731
vn 0.984809 -0.044925 -0.167731
vn -0.242536 0.970143 0.000000
vn -0.242536 0.970143 0.000000
vn -0.000000 0.000000 0.000000
vn -0.000000 0.000000 0.000000
vn -0.984808 0.044945 0.167728
vn -0.984808 0.044945 0.167728
vn -0.984808 0.044945 0.167728
vn -0.984808 0.044945 0.167728
vn 0.173659 0.254880 0.951251
vn 0.173659 0.254880 0.951251
vn 0.173659 0.254880 0.951251
vn 0.173659 0.254880 0.951251
vn -0.173650 -0.254881 -0.951252
vn -0.173650 -0.254881 -0.951253
vn -0.173650 -0.254881 -0.951253
vn -0.173650 -0.254881 -0.951252
vn 0.984809 -0.044912 -0.167732
vn 0.984808 -0.044941 -0.167731
vn 0.984808 -0.044941 -0.167731
vn 0.984808 -0.044941 -0.167731
vn 0.984809 -0.044923 -0.167728
vn 0.984809 -0.044923 -0.167728
vn 0.984809 -0.044923 -0.167728
vn 0.984809 -0.044923 -0.167728
vn 0.000000 0.000000 0.000000
vn 0.000000 0.000000 0.000000
vn 0.000000 0.000000 0.000000
vn 0.000000 0.000000 0.000000
vn 0.000000 0.000000 0.000000
vn 0.000000 0.000000 0.000000
vn 0.000000 0.000000 0.000000
vn 0.000000 0.000000 0.000000
vn 0.984809 -0.044924 -0.167731
vn 0.984809 -0.044924 -0.167731
vn 0.984809 -0.044924 -0.167731
vn 0.984809 -0.044924 -0.167731
vn 0.173653 0.254890 0.951250
vn 0.173653 0.254890 0.951250
vn 0.173653 0.254890 0.951250
vn 0.173653 0.254890 0.951250
vn -0.498709 0.855675 -0.138236
vn -0.498709 0.855675 -0.138236
vn -0.498709 0.855675 -0.138236
vn -0.498709 0.855675 -0.138236
vn 0.984808 -0.044938 -0.167732
vn 0.984808 -0.044938 -0.167732
vn 0.984808 -0.044938 -0.167732
vn 0.984808 -0.044938 -0.167732
s off
g polySurface20 polySurface24
usemtl initialShadingGroup
f 1304/2807/3731 1305/2808/3732 1303/2809/3733 1306/2810/3734
f 1309/2811/3735 1307/2812/3736 1308/2813/3737 1310/2814/3738
f 1306/2815/3739 1303/2816/3740 1311/2817/3741 1315/2818/3742
f 1313/2819/3743 1314/2820/3744 1312/2821/3745 1316/2822/3746
f 1316/2823/3747 1312/2824/3748 1310/2825/3749 1308/2826/3750
f 1318/2827/3751 1319/2828/3752 1317/2829/3753 1322/2830/3754
f 1319/2831/3755 1320/2832/3756 1321/2833/3757 1317/2834/3758
f 1304/2835/3759 1323/2836/3760 1324/2837/3761 1305/2838/3762
s 1
f 1309/2839/3763 1310/2840/3764 1323/2841/3765 1304/2842/3766
s off
f 1314/2843/3767 1309/2844/3768 1304/2845/3769 1306/2846/3770
f 1311/2847/3771 1303/2848/3772 1305/2849/3773 1324/2850/3774
f 1323/2851/3775 1315/2852/3776 1311/2853/3777 1324/2854/3778
f 1313/2855/3779 1307/2856/3780 1309/2857/3781 1314/2858/3782
s 1
f 1310/2859/3764 1312/2860/3783 1315/2861/3784 1323/2862/3765
f 1312/2863/3783 1314/2864/3785 1306/2865/3786 1315/2866/3784
s off
f 1319/2867/3787 1318/2868/3788 1308/2869/3789 1307/2870/3790
f 1320/2871/3791 1319/2872/3792 1307/2873/3793 1313/2874/3794
f 1318/2875/3795 1325/2876/3796 1316/2877/3797 1308/2878/3798
f 1325/2879/3799 1320/2880/3800 1313/2881/3801 1316/2882/3802
f 1326/2883/3803 1325/2884/3804 1318/2885/3805 1322/2886/3806
f 1321/2887/3807 1320/2888/3808 1325/2889/3809 1326/2890/3810
f 1321/2891/3811 1326/2892/3812 1322/2893/3813 1317/2894/3814
g default
v 49.360470 1.059057 2.906935
v 49.360470 0.895009 2.921286
v 49.295952 0.846957 2.925492
v 49.563244 0.846957 2.925492
v 49.295952 0.850781 2.969208
v 49.360470 0.898834 2.965003
v 49.360470 1.062882 2.950652
v 49.360470 1.106501 2.902784
v 49.563244 0.898834 2.965003
v 49.563244 0.895009 2.921286
v 49.360470 1.110326 2.946501
v 49.563244 0.850781 2.969208
v 49.360470 1.251882 2.890065
v 49.295952 1.299935 2.885862
v 49.360470 1.255706 2.933782
v 49.519314 1.059057 2.906935
v 49.295952 1.303759 2.929577
v 49.519314 1.110326 2.946501
v 49.519314 1.106501 2.902784
v 49.519314 1.062882 2.950652
v 49.550037 1.299935 2.885862
v 49.550037 1.255706 2.933782
v 49.550037 1.251882 2.890065
v 49.550037 1.303759 2.929577
vt 0.579789 0.305613
vt 0.579789 0.392598
vt 0.674467 0.392598
vt 0.674467 0.420986
vt 0.579789 0.420986
vt 0.579789 0.519141
vt 0.700653 0.519141
vt 0.700653 0.547892
vt 0.541331 0.547892
vt 0.541331 0.276861
vt 0.692780 0.276861
vt 0.692780 0.305613
vt 0.313482 0.554666
vt 0.313482 0.283635
vt 0.472804 0.283635
vt 0.472804 0.312386
vt 0.351940 0.312386
vt 0.351940 0.410541
vt 0.446617 0.410541
vt 0.446617 0.438929
vt 0.351940 0.438929
vt 0.351940 0.525914
vt 0.464931 0.525914
vt 0.464931 0.554666
vt 0.652587 0.935046
vt 0.652587 0.775725
vt 0.709313 0.775725
vt 0.709313 0.935046
vt 0.396178 0.830055
vt 0.396178 0.928209
vt 0.339452 0.928209
vt 0.339452 0.830055
vt 0.478704 0.547892
vt 0.478704 0.276861
vt 0.535430 0.276861
vt 0.535430 0.547892
vt 0.584059 0.800943
vt 0.584059 0.921807
vt 0.527333 0.921807
vt 0.527333 0.800943
vt 0.182044 0.931890
vt 0.210795 0.931890
vt 0.210795 0.988617
vt 0.182044 0.988617
vt 0.276825 0.928052
vt 0.276825 0.833374
vt 0.333551 0.833374
vt 0.333551 0.928052
vt 0.208297 0.833374
vt 0.208297 0.920359
vt 0.151571 0.920359
vt 0.151571 0.833374
vt 0.270924 0.833374
vt 0.270924 0.928052
vt 0.214198 0.928052
vt 0.214198 0.833374
vt 0.217657 0.931890
vt 0.246045 0.931890
vt 0.246045 0.988617
vt 0.217657 0.988617
vt 0.464706 0.914554
vt 0.464706 0.801562
vt 0.521432 0.801562
vt 0.521432 0.914554
vt 0.646686 0.776250
vt 0.646686 0.927699
vt 0.589960 0.927699
vt 0.589960 0.776250
vt 0.253270 0.931890
vt 0.282022 0.931890
vt 0.282022 0.988617
vt 0.253270 0.988617
vn -0.000003 -0.087159 -0.996194
vn -0.000003 -0.087159 -0.996194
vn -0.000003 -0.087159 -0.996194
vn -0.000003 -0.087159 -0.996194
vn -0.000003 -0.087159 -0.996194
vn -0.000003 -0.087159 -0.996194
vn -0.000003 -0.087159 -0.996194
vn -0.000003 -0.087159 -0.996194
vn -0.000003 -0.087159 -0.996194
vn -0.000003 -0.087159 -0.996194
vn -0.000003 -0.087159 -0.996194
vn -0.000003 -0.087159 -0.996194
vn -0.000006 0.087164 0.996194
vn -0.000006 0.087164 0.996194
vn -0.000006 0.087164 0.996194
vn -0.000006 0.087164 0.996194
vn -0.000006 0.087164 0.996194
vn -0.000006 0.087164 0.996194
vn -0.000006 0.087164 0.996194
vn -0.000006 0.087164 0.996194
vn -0.000006 0.087164 0.996194
vn -0.000006 0.087164 0.996194
vn -0.000006 0.087164 0.996194
vn -0.000006 0.087164 0.996194
vn 0.000000 -0.996195 0.087156
vn 0.000000 -0.996195 0.087156
vn 0.000000 -0.996195 0.087156
vn 0.000000 -0.996195 0.087156
vn 1.000000 0.000000 0.000000
vn 1.000000 0.000000 0.000000
vn 1.000000 0.000000 0.000000
vn 1.000000 0.000000 0.000000
vn -1.000000 -0.000012 0.000000
vn -1.000000 -0.000012 0.000000
vn -1.000000 -0.000012 0.000000
vn -1.000000 -0.000012 0.000000
vn 0.000000 0.996195 -0.087156
vn 0.000000 0.996195 -0.087156
vn 0.000000 0.996195 -0.087156
vn 0.000000 0.996195 -0.087156
vn 1.000000 -0.000113 0.000000
vn 1.000000 -0.000113 0.000000
vn 1.000000 -0.000113 0.000000
vn 1.000000 -0.000113 0.000000
vn 0.000000 -0.996194 0.087166
vn 0.000000 -0.996194 0.087166
vn 0.000000 -0.996194 0.087166
vn 0.000000 -0.996194 0.087166
vn 1.000000 -0.000037 0.000000
vn 1.000000 -0.000037 0.000000
vn 1.000000 -0.000037 0.000000
vn 1.000000 -0.000037 0.000000
vn 0.000000 0.996195 -0.087158
vn 0.000000 0.996195 -0.087158
vn 0.000000 0.996195 -0.087158
vn 0.000000 0.996195 -0.087158
vn 1.000000 0.000000 0.000000
vn 1.000000 0.000000 0.000000
vn 1.000000 0.000000 0.000000
vn 1.000000 0.000000 0.000000
vn 0.000000 -0.996194 0.087159
vn 0.000000 -0.996194 0.087159
vn 0.000000 -0.996194 0.087159
vn 0.000000 -0.996194 0.087159
vn 0.000000 0.996195 -0.087152
vn 0.000000 0.996195 -0.087152
vn 0.000000 0.996195 -0.087152
vn 0.000000 0.996195 -0.087152
vn 1.000000 -0.000113 0.000000
vn 1.000000 -0.000113 0.000000
vn 1.000000 -0.000113 0.000000
vn 1.000000 -0.000113 0.000000
s off
g polySurface20 polySurface35
usemtl initialShadingGroup
f 1339/2895/3815 1334/2896/3816 1345/2897/3817 1342/2898/3818 1327/2899/3819 1328/2900/3820 1336/2901/3821 1330/2902/3822 1329/2903/3823 1340/2904/3824 1347/2905/3825 1349/2906/3826
f 1343/2907/3827 1331/2908/3828 1338/2909/3829 1335/2910/3830 1332/2911/3831 1333/2912/3832 1346/2913/3833 1344/2914/3834 1337/2915/3835 1341/2916/3836 1348/2917/3837 1350/2918/3838
f 1329/2919/3839 1330/2920/3840 1338/2921/3841 1331/2922/3842
f 1328/2923/3843 1327/2924/3844 1333/2925/3845 1332/2926/3846
f 1340/2927/3847 1329/2928/3848 1331/2929/3849 1343/2930/3850
f 1336/2931/3851 1328/2932/3852 1332/2933/3853 1335/2934/3854
f 1330/2935/3855 1336/2936/3856 1335/2937/3857 1338/2938/3858
f 1327/2939/3859 1342/2940/3860 1346/2941/3861 1333/2942/3862
f 1334/2943/3863 1339/2944/3864 1341/2945/3865 1337/2946/3866
f 1345/2947/3867 1334/2948/3868 1337/2949/3869 1344/2950/3870
f 1342/2951/3871 1345/2952/3872 1344/2953/3873 1346/2954/3874
f 1339/2955/3875 1349/2956/3876 1348/2957/3877 1341/2958/3878
f 1347/2959/3879 1340/2960/3880 1343/2961/3881 1350/2962/3882
f 1349/2963/3883 1347/2964/3884 1350/2965/3885 1348/2966/3886
g default
v 49.158703 -7.694052 5.192456
v 49.557770 -7.918715 5.297217
v 49.158703 -8.175422 5.416923
v 49.557770 -7.950754 5.312160
v 49.158703 -7.639148 5.310204
v 49.557770 -7.863812 5.414967
v 49.158703 -8.120516 5.534669
v 49.557770 -7.895848 5.429906
vt 0.454742 0.442419
vt 0.454742 0.001992
vt 0.785657 0.207549
vt 0.785657 0.236862
vt 0.447409 0.442419
vt 0.339677 0.442419
vt 0.339677 0.236862
vt 0.447409 0.236862
vt 0.792267 0.001992
vt 0.899999 0.001992
vt 0.899999 0.442419
vt 0.792267 0.442419
vt 0.447409 0.001992
vt 0.447409 0.207548
vt 0.339677 0.207548
vt 0.339677 0.001992
vt 0.001960 0.001992
vt 0.332875 0.207548
vt 0.332875 0.236862
vt 0.001960 0.442419
vn -0.000001 -0.422622 -0.906306
vn -0.000001 -0.422622 -0.906306
vn -0.000001 -0.422622 -0.906306
vn -0.000001 -0.422622 -0.906306
vn 0.527653 0.769883 -0.358973
vn 0.527653 0.769883 -0.358973
vn 0.527653 0.769883 -0.358973
vn 0.527653 0.769883 -0.358973
vn -1.000000 0.000000 0.000000
vn -1.000000 0.000000 0.000000
vn -1.000000 0.000000 0.000000
vn -1.000000 0.000000 0.000000
vn 0.527666 -0.769868 0.358988
vn 0.527666 -0.769868 0.358988
vn 0.527666 -0.769868 0.358988
vn 0.527666 -0.769868 0.358988
vn -0.000004 0.422613 0.906310
vn -0.000004 0.422613 0.906310
vn -0.000004 0.422613 0.906310
vn -0.000004 0.422613 0.906310
vn 1.000000 -0.000104 0.000000
vn 1.000000 -0.000104 0.000000
vn 1.000000 -0.000104 0.000000
vn 1.000000 -0.000104 0.000000
s off
g polySurface20 polySurface27
usemtl initialShadingGroup
f 1353/2967/3887 1351/2968/3888 1352/2969/3889 1354/2970/3890
f 1351/2971/3891 1355/2972/3892 1356/2973/3893 1352/2974/3894
f 1353/2975/3895 1357/2976/3896 1355/2977/3897 1351/2978/3898
f 1353/2979/3899 1354/2980/3900 1358/2981/3901 1357/2982/3902
f 1357/2983/3903 1358/2984/3904 1356/2985/3905 1355/2986/3906
f 1356/2973/3907 1358/2981/3908 1354/2980/3909 1352/2974/3910
g default
v 43.734169 -13.582335 4.519574
v 43.711540 -13.514996 4.478106
v 43.901035 -13.611193 4.411876
v 43.888790 -13.545647 4.363707
v 43.593105 -13.469114 4.649315
v 43.930603 -13.623032 4.488944
v 43.622673 -13.539146 4.680756
v 43.788799 -13.598509 4.580465
v 44.097870 -13.621323 4.374058
v 44.097870 -13.631643 4.456806
v 44.097870 -13.556414 4.323536
v 43.694050 -13.561808 4.717437
v 43.583519 -13.488199 4.870882
v 44.294704 -13.611193 4.411876
v 43.660778 -13.518515 4.879005
v 44.265137 -13.623032 4.488944
v 44.306950 -13.545647 4.363707
v 43.622673 -13.437256 5.061007
v 43.593109 -13.360893 5.053226
v 43.551517 -13.415001 4.851268
v 44.534962 -13.518515 4.879005
v 43.694050 -13.475229 5.040574
v 44.406940 -13.598509 4.580465
v 44.461571 -13.582335 4.519574
v 44.484200 -13.514996 4.478106
v 43.734169 -13.394070 5.222190
v 43.788799 -13.438528 5.177546
v 44.573067 -13.539146 4.680756
v 43.711540 -13.315018 5.224436
v 43.593109 -12.398435 4.795333
v 44.501690 -13.561808 4.717437
v 44.602634 -13.469114 4.649315
v 43.901035 -13.365210 5.329887
v 43.930603 -13.413992 5.269066
v 44.612221 -13.488199 4.870882
v 44.097870 -13.405388 5.301204
v 44.097870 -13.355076 5.367705
v 43.888790 -12.583190 4.105816
v 43.711540 -12.552537 4.220215
v 44.484200 -12.352558 4.966544
v 43.711540 -12.352558 4.966545
v 43.593105 -12.506661 4.391424
v 44.501690 -13.475229 5.040574
v 44.265137 -13.413992 5.269066
v 44.097870 -12.593953 4.065645
v 44.406940 -13.438522 5.177545
v 44.573067 -13.437256 5.061007
v 43.551517 -12.452547 4.593380
v 44.644222 -13.415001 4.851268
v 44.294704 -13.365210 5.329887
v 44.306950 -12.583190 4.105816
v 44.461571 -13.394070 5.222190
v 44.602634 -13.360893 5.053226
v 44.484200 -13.315018 5.224435
v 44.484200 -12.552537 4.220215
v 44.602634 -12.506661 4.391424
v 43.888790 -12.321905 5.080943
v 44.644222 -12.452547 4.593380
v 44.602634 -12.398435 4.795333
v 44.097870 -12.311142 5.121114
v 44.306950 -12.321905 5.080943
v 43.888790 -13.284365 5.338834
v 44.097870 -13.273601 5.379004
v 44.306950 -13.284365 5.338834
vt 0.987148 0.785475
vt 0.946193 0.785475
vt 0.954505 0.757916
vt 0.998008 0.757916
vt 0.889397 0.757916
vt 0.884899 0.785475
vt 0.138793 0.462268
vt 0.200086 0.421313
vt 0.210946 0.447531
vt 0.158859 0.482335
vt 0.544253 0.785475
vt 0.471952 0.785475
vt 0.467454 0.757916
vt 0.544253 0.757916
vt 0.272387 0.435310
vt 0.272387 0.406932
vt 0.083456 0.595863
vt 0.097837 0.523562
vt 0.124055 0.534422
vt 0.111834 0.595863
vt 0.616554 0.785475
vt 0.621053 0.757916
vt 0.333828 0.447531
vt 0.344688 0.421313
vt 0.097837 0.668164
vt 0.124056 0.657304
vt 0.735799 0.757916
vt 0.812598 0.757916
vt 0.812598 0.785475
vt 0.740297 0.785475
vt 0.385916 0.482335
vt 0.405982 0.462268
vt 0.461333 0.391526
vt 0.420378 0.391526
vt 0.409518 0.363966
vt 0.453021 0.363966
vt 0.138793 0.729458
vt 0.158859 0.709391
vt 0.522627 0.391526
vt 0.518129 0.363966
vt 0.735799 0.395517
vt 0.670692 0.757916
vt 0.670692 0.395517
vt 0.200086 0.770413
vt 0.210946 0.744195
vt 0.432940 0.595863
vt 0.420719 0.534422
vt 0.446937 0.523562
vt 0.461319 0.595863
vt 0.272387 0.784794
vt 0.272387 0.756416
vt 0.344585 0.060347
vt 0.388088 0.125455
vt 0.403364 0.202254
vt 0.388088 0.279053
vt 0.344585 0.344160
vt 0.279478 0.387664
vt 0.202678 0.402940
vt 0.125879 0.387664
vt 0.060772 0.344160
vt 0.017268 0.279053
vt 0.001992 0.202254
vt 0.017269 0.125455
vt 0.060772 0.060347
vt 0.125879 0.016844
vt 0.202678 0.001568
vt 0.279478 0.016844
vt 0.420719 0.657304
vt 0.446937 0.668164
vt 0.385916 0.709391
vt 0.333828 0.744195
vt 0.667229 0.391526
vt 0.594928 0.391526
vt 0.594928 0.363966
vt 0.671727 0.363966
vt 0.344688 0.770413
vt 0.405982 0.729458
vt 0.728523 0.391526
vt 0.736834 0.363966
vt 0.736834 0.001568
vt 0.671727 0.001568
vt 0.954505 0.395517
vt 0.998008 0.395517
vt 0.889397 0.395517
vt 0.467454 0.395517
vt 0.544253 0.395517
vt 0.812598 0.395517
vt 0.621053 0.395517
vt 0.679003 0.785475
vt 0.409518 0.001568
vt 0.453021 0.001568
vt 0.638048 0.785475
vt 0.627188 0.757916
vt 0.518129 0.001568
vt 0.864414 0.001568
vt 0.864414 0.029127
vt 0.787615 0.029127
vt 0.792113 0.001568
vt 0.627188 0.395517
vt 0.936715 0.001568
vt 0.941214 0.029127
vt 0.594928 0.001568
vt 0.780338 0.363966
vt 0.769478 0.391526
vt 0.864414 0.391526
vt 0.787615 0.391526
vt 0.941214 0.391526
vt 0.780338 0.001568
vn -0.352539 -0.596052 -0.721414
vn -0.651405 -0.544376 -0.528514
vn -0.706834 -0.209711 -0.675579
vn -0.382535 -0.265792 -0.884885
vn -0.923524 -0.125774 -0.362331
vn -0.851095 -0.467030 -0.239835
vn -0.266114 -0.963787 -0.017250
vn -0.144016 -0.984902 -0.096061
vn -0.004623 -0.968745 0.248017
vn -0.008543 -0.968067 0.250548
vn -0.000000 -0.614207 -0.789145
vn 0.000000 -0.285486 -0.958383
vn 0.000001 -0.968983 0.247128
vn -0.000001 -0.992313 -0.123751
vn -0.376371 -0.894901 0.239785
vn -0.347697 -0.932186 0.100676
vn -0.011163 -0.967052 0.254334
vn -0.012084 -0.965855 0.258801
vn 0.352540 -0.596063 -0.721404
vn 0.382536 -0.265791 -0.884885
vn 0.004625 -0.968745 0.248017
vn 0.144015 -0.984902 -0.096061
vn -0.347759 -0.857605 0.378916
vn -0.011165 -0.964658 0.263268
vn -0.923525 0.072238 0.376675
vn -0.999616 -0.026763 0.007182
vn -0.921217 -0.375796 0.100686
vn -0.851093 -0.284568 0.441204
vn 0.008546 -0.968067 0.250548
vn 0.266114 -0.963787 -0.017250
vn 0.651400 -0.544387 -0.528508
vn 0.706835 -0.209708 -0.675579
vn -0.266133 -0.826018 0.496857
vn -0.008544 -0.963643 0.267055
vn 0.851104 -0.467013 -0.239836
vn 0.923524 -0.125773 -0.362331
vn -0.923880 0.099044 0.369643
vn -0.706840 0.156174 0.689918
vn -0.707112 0.183011 0.683008
vn -0.144010 -0.804925 0.575636
vn -0.004623 -0.962966 0.269585
vn 0.012086 -0.965855 0.258801
vn 0.011165 -0.967052 0.254334
vn 0.347698 -0.932186 0.100679
vn 0.376367 -0.894904 0.239782
vn 0.000000 -0.797511 0.603304
vn 0.000001 -0.962728 0.270472
vn -0.000000 0.965926 -0.258819
vn -0.000000 0.965926 -0.258819
vn -0.000000 0.965926 -0.258819
vn -0.000000 0.965926 -0.258819
vn -0.000000 0.965926 -0.258819
vn -0.000000 0.965926 -0.258819
vn -0.000000 0.965926 -0.258819
vn -0.000000 0.965926 -0.258819
vn -0.000000 0.965926 -0.258819
vn -0.000000 0.965926 -0.258819
vn -0.000000 0.965926 -0.258819
vn -0.000000 0.965926 -0.258819
vn -0.000000 0.965926 -0.258819
vn -0.000000 0.965926 -0.258819
vn -0.000000 0.965926 -0.258819
vn -0.000000 0.965926 -0.258819
vn 0.011166 -0.964658 0.263268
vn 0.347739 -0.857616 0.378909
vn 0.008546 -0.963644 0.267054
vn 0.004625 -0.962966 0.269584
vn 0.851094 -0.284556 0.441211
vn 0.921234 -0.375754 0.100682
vn 0.999616 -0.026766 0.007173
vn 0.923524 0.072239 0.376676
vn 0.144012 -0.804929 0.575630
vn 0.266117 -0.826033 0.496842
vn 0.651394 -0.207230 0.729891
vn 0.706836 0.156175 0.689922
vn 0.707107 0.183014 0.683012
vn 0.923880 0.099044 0.369644
vn -0.707106 -0.183015 -0.683013
vn -0.382682 -0.239119 -0.892399
vn -0.923879 -0.099044 -0.369645
vn 0.000000 -0.258820 -0.965926
vn -1.000000 0.000005 0.000009
vn 0.382682 -0.239117 -0.892400
vn -0.651398 -0.207207 0.729894
vn 0.707106 -0.183010 -0.683014
vn -0.352533 -0.155510 0.922788
vn -0.382534 0.212262 0.899229
vn 0.923879 -0.099044 -0.369645
vn -0.000000 -0.137363 0.990521
vn -0.000000 0.231955 0.972727
vn -0.382681 0.239119 0.892400
vn 0.352536 -0.155528 0.922784
vn 0.382536 0.212260 0.899228
vn 1.000000 -0.000002 0.000001
vn 0.000000 0.258820 0.965926
vn 0.382683 0.239119 0.892399
s 1
g polySurface20 polySurface22
usemtl blinn1SG
f 1361/2987/3911 1359/2988/3912 1360/2989/3913 1362/2990/3914
f 1363/2991/3915 1360/2989/3913 1359/2988/3912 1365/2992/3916
s 2
f 1359/2993/3917 1361/2994/3918 1364/2995/3919 1366/2996/3920
s 1
f 1367/2997/3921 1361/2998/3911 1362/2999/3914 1369/3000/3922
s 2
f 1368/3001/3923 1364/2995/3919 1361/2994/3918 1367/3002/3924
f 1371/3003/3925 1365/3004/3926 1370/3005/3927 1373/3006/3928
s 1
f 1372/3007/3929 1367/2997/3921 1369/3000/3922 1375/3008/3930
s 2
f 1374/3009/3931 1368/3001/3923 1367/3002/3924 1372/3010/3932
f 1376/3011/3933 1371/3003/3925 1373/3006/3928 1380/3012/3934
s 1
f 1377/3013/3935 1378/3014/3936 1371/3015/3937 1376/3016/3938
s 2
f 1381/3017/3939 1374/3009/3931 1372/3010/3932 1382/3018/3940
s 1
f 1382/3019/3941 1372/3020/3929 1375/3021/3930 1383/3022/3942
s 2
f 1384/3023/3943 1376/3011/3933 1380/3012/3934 1385/3024/3944
s 1
f 1386/3025/3945 1382/3019/3941 1383/3022/3942 1390/3026/3946
f 1388/3027/3947 1377/3013/3935 1387/3028/3948 1399/3029/3949
s 2
f 1391/3030/3950 1384/3023/3943 1385/3024/3944 1392/3031/3951
f 1379/3032/3952 1389/3033/3953 1386/3034/3954 1393/3035/3955
f 1395/3036/3956 1391/3030/3950 1392/3031/3951 1394/3037/3957
s off
f 1398/3038/3958 1417/3039/3959 1416/3040/3960 1414/3041/3961 1413/3042/3962 1409/3043/3963 1403/3044/3964 1396/3045/3965 1397/3046/3966 1400/3047/3967 1406/3048/3968 1388/3049/3969 1399/3050/3970 1415/3051/3971 1418/3052/3972 1419/3053/3973
s 2
f 1401/3054/3974 1379/3032/3952 1393/3035/3955 1405/3055/3975
f 1379/3032/3952 1401/3054/3974 1404/3056/3976 1402/3057/3977 1394/3037/3957 1392/3031/3951 1385/3024/3944 1380/3012/3934 1373/3006/3928 1370/3005/3927 1366/2996/3920 1364/2995/3919 1368/3001/3923 1374/3009/3931 1381/3017/3939 1389/3033/3953
s 1
f 1405/3058/3978 1393/3059/3979 1407/3060/3980 1411/3061/3981
s 2
f 1408/3062/3982 1395/3036/3956 1394/3037/3957 1402/3057/3977
f 1404/3056/3976 1401/3054/3974 1405/3055/3975 1410/3063/3983
f 1402/3057/3977 1404/3056/3976 1410/3063/3983 1408/3062/3982
s 1
f 1410/3064/3984 1405/3058/3978 1411/3061/3981 1412/3065/3985
f 1398/3066/3986 1412/3065/3985 1411/3061/3981 1417/3067/3987
s 2
f 1370/3005/3927 1365/3004/3926 1359/2993/3917 1366/2996/3920
s 1
f 1371/3015/3937 1378/3014/3936 1363/2991/3915 1365/2992/3916
f 1397/3068/3988 1396/3069/3989 1362/2990/3914 1360/2989/3913
f 1400/3070/3990 1397/3068/3988 1360/2989/3913 1363/2991/3915
f 1396/3071/3989 1403/3072/3991 1369/3000/3922 1362/2999/3914
f 1406/3073/3992 1400/3070/3990 1363/2991/3915 1378/3014/3936
f 1403/3072/3991 1409/3074/3993 1375/3008/3930 1369/3000/3922
f 1384/3075/3994 1387/3028/3948 1377/3013/3935 1376/3016/3938
f 1388/3027/3947 1406/3073/3992 1378/3014/3936 1377/3013/3935
s 2
f 1381/3017/3939 1382/3018/3940 1386/3034/3954 1389/3033/3953
s 1
f 1409/3076/3993 1413/3077/3995 1383/3022/3942 1375/3021/3930
f 1391/3078/3996 1420/3079/3997 1387/3028/3948 1384/3075/3994
f 1386/3025/3945 1390/3026/3946 1407/3060/3980 1393/3059/3979
f 1413/3077/3995 1414/3080/3998 1390/3026/3946 1383/3022/3942
f 1395/3081/3999 1421/3082/4000 1420/3083/3997 1391/3084/3996
f 1415/3085/4001 1399/3029/3949 1387/3028/3948 1420/3079/3997
f 1408/3086/4002 1422/3087/4003 1421/3082/4000 1395/3081/3999
f 1414/3080/3998 1416/3088/4004 1407/3060/3980 1390/3026/3946
f 1410/3064/3984 1412/3065/3985 1422/3089/4003 1408/3090/4002
f 1418/3091/4005 1415/3092/4001 1420/3083/3997 1421/3082/4000
f 1416/3088/4004 1417/3067/3987 1411/3061/3981 1407/3060/3980
f 1419/3093/4006 1418/3091/4005 1421/3082/4000 1422/3087/4003
f 1398/3066/3986 1419/3094/4006 1422/3089/4003 1412/3065/3985
g default
v 47.728691 0.781262 -1.406632
v 48.507957 1.068905 -1.483705
v 47.959648 0.382476 -1.299777
v 48.581932 0.917305 -1.443084
v 48.346519 0.138227 -1.234331
v 47.652054 1.327804 -1.553077
v 48.482368 1.290445 -1.543067
v 48.700096 0.827648 -1.419061
v 48.890884 0.055299 -1.212111
v 47.728691 0.879493 -1.040028
v 47.959648 0.480707 -0.933173
v 48.507957 1.167136 -1.117102
v 48.346519 0.236458 -0.867727
v 48.581932 1.015536 -1.076481
v 49.185600 0.210952 -1.253817
v 49.048912 0.387288 -1.301067
v 48.938972 0.581796 -1.353185
v 49.346535 0.055299 -1.212111
v 48.858253 0.791951 -1.409496
v 47.652054 1.426035 -1.186474
v 48.482368 1.388676 -1.176463
v 48.890884 0.153530 -0.845507
v 48.700096 0.925879 -1.052457
v 49.185600 0.309183 -0.887214
v 49.048912 0.485519 -0.934463
v 48.938972 0.680027 -0.986582
v 49.346535 0.153530 -0.845507
v 48.858253 0.890182 -1.042892
v 47.652054 5.217685 -2.595368
v 47.652054 5.315916 -2.228764
v 48.482368 5.253878 -2.605066
v 48.482368 5.352107 -2.238462
v 47.727989 5.764226 -2.741813
v 48.511246 5.487763 -2.667735
v 47.958588 6.163015 -2.848668
v 48.594620 5.642631 -2.709231
v 47.727989 5.862457 -2.375209
v 48.511246 5.585995 -2.301131
v 48.727631 5.728326 -2.732194
v 48.345329 6.407262 -2.914114
v 47.958588 6.261246 -2.482064
v 48.594620 5.740861 -2.342628
v 48.905388 5.754703 -2.739261
v 48.727631 5.826557 -2.365590
v 48.889671 6.490191 -2.936334
v 48.345329 6.505493 -2.547510
v 48.905388 5.852934 -2.372658
v 48.889671 6.588422 -2.569731
v 50.823456 5.755873 -2.739575
v 50.823456 5.854104 -2.372971
v 51.617516 5.641464 -2.708919
v 51.617516 6.589586 -2.570043
v 50.823456 5.641464 -2.708919
v 51.617516 6.491356 -2.936647
v 50.823456 5.739696 -2.342315
v 51.617516 5.739696 -2.342315
vt 0.348662 0.496856
vt 0.416609 0.496856
vt 0.416609 0.506991
vt 0.580735 0.506888
vt 0.595946 0.504550
vt 0.607327 0.496959
vt 0.614462 0.483239
vt 0.616933 0.462520
vt 0.616933 0.111410
vt 0.614743 0.091784
vt 0.608413 0.078354
vt 0.598303 0.070412
vt 0.584769 0.067250
vt 0.577862 0.048633
vt 0.568454 0.031402
vt 0.556758 0.015781
vt 0.542988 0.001992
vt 0.581976 0.001992
vt 0.628557 0.009338
vt 0.661662 0.030976
vt 0.681424 0.066303
vt 0.687982 0.114720
vt 0.687982 0.459314
vt 0.681484 0.507731
vt 0.661752 0.543059
vt 0.628659 0.564695
vt 0.582081 0.572042
vt 0.348662 0.572145
vt 0.679291 0.655738
vt 0.694902 0.655738
vt 0.694902 0.889156
vt 0.679291 0.889156
vt 0.273330 0.506991
vt 0.273330 0.496856
vt 0.341277 0.496856
vt 0.341277 0.572146
vt 0.107858 0.572042
vt 0.061279 0.564696
vt 0.028186 0.543058
vt 0.008455 0.507731
vt 0.001957 0.459314
vt 0.001957 0.114720
vt 0.008514 0.066303
vt 0.028277 0.030975
vt 0.061381 0.009339
vt 0.107962 0.001992
vt 0.146951 0.001992
vt 0.133180 0.015781
vt 0.121484 0.031402
vt 0.112077 0.048633
vt 0.105170 0.067250
vt 0.091636 0.070413
vt 0.081526 0.078355
vt 0.075196 0.091785
vt 0.073006 0.111410
vt 0.073006 0.462520
vt 0.075477 0.483240
vt 0.082611 0.496959
vt 0.093992 0.504551
vt 0.109203 0.506887
vt 0.710788 0.001992
vt 0.710788 0.037319
vt 0.695176 0.037319
vt 0.695176 0.001992
vt 0.565074 0.661636
vt 0.565074 0.694740
vt 0.549463 0.694740
vt 0.549463 0.661636
vt 0.710788 0.085736
vt 0.695176 0.085736
vt 0.565074 0.615055
vt 0.549463 0.615055
vt 0.565074 0.576066
vt 0.549463 0.576066
vt 0.744206 0.490833
vt 0.744206 0.477403
vt 0.759817 0.477403
vt 0.759817 0.490833
vt 0.856285 0.952815
vt 0.856285 0.962925
vt 0.840674 0.962925
vt 0.840674 0.952815
vt 0.012839 0.605476
vt 0.012839 0.589856
vt 0.028450 0.589856
vt 0.028450 0.605476
vt 0.012839 0.622707
vt 0.028450 0.622707
vt 0.744206 0.510459
vt 0.759817 0.510459
vt 0.012839 0.576067
vt 0.028450 0.576067
vt 0.856285 0.976459
vt 0.840674 0.976459
vt 0.012839 0.641324
vt 0.028450 0.641324
vt 0.710788 0.430331
vt 0.695176 0.430331
vt 0.744206 0.861569
vt 0.759817 0.861569
vt 0.710788 0.478747
vt 0.695176 0.478747
vt 0.710788 0.514075
vt 0.695176 0.514075
vt 0.744206 0.882288
vt 0.759817 0.882288
vt 0.744206 0.896008
vt 0.759817 0.896008
vt 0.694902 0.576066
vt 0.694902 0.609159
vt 0.679291 0.609159
vt 0.679291 0.576066
vt 0.651626 0.755404
vt 0.651626 0.766785
vt 0.636015 0.766785
vt 0.636015 0.755404
vt 0.651626 0.740193
vt 0.636015 0.740193
vt 0.651626 0.576066
vt 0.636015 0.576066
vt 0.401210 0.737634
vt 0.391075 0.737634
vt 0.391075 0.722022
vt 0.401210 0.722022
vt 0.243724 0.576067
vt 0.243724 0.644013
vt 0.228113 0.644013
vt 0.228113 0.576067
vt 0.293027 0.651356
vt 0.293027 0.576067
vt 0.308638 0.576067
vt 0.308638 0.651356
vn 0.000000 -0.258819 -0.965926
vn 0.000000 -0.258819 -0.965926
vn 0.000000 -0.258819 -0.965926
vn 0.000000 -0.258819 -0.965926
vn 0.000000 -0.258819 -0.965926
vn 0.000000 -0.258819 -0.965926
vn 0.000000 -0.258819 -0.965926
vn 0.000000 -0.258819 -0.965926
vn 0.000000 -0.258819 -0.965926
vn 0.000000 -0.258819 -0.965926
vn 0.000000 -0.258819 -0.965926
vn 0.000000 -0.258819 -0.965926
vn 0.000000 -0.258819 -0.965926
vn 0.000000 -0.258819 -0.965926
vn 0.000000 -0.258819 -0.965926
vn 0.000000 -0.258819 -0.965926
vn 0.000000 -0.258819 -0.965926
vn 0.000000 -0.258819 -0.965926
vn 0.000000 -0.258819 -0.965926
vn 0.000000 -0.258819 -0.965926
vn 0.000000 -0.258819 -0.965926
vn 0.000000 -0.258819 -0.965926
vn 0.000000 -0.258819 -0.965926
vn 0.000000 -0.258819 -0.965926
vn 0.000000 -0.258819 -0.965926
vn 0.000000 -0.258819 -0.965926
vn 0.000000 -0.258819 -0.965926
vn 0.000000 -0.258819 -0.965926
vn -0.026596 0.965584 -0.258727
vn -0.026596 0.965584 -0.258727
vn -0.000443 0.965926 -0.258819
vn -0.000443 0.965926 -0.258819
vn 0.000000 0.258819 0.965926
vn 0.000000 0.258819 0.965926
vn 0.000000 0.258819 0.965926
vn 0.000000 0.258819 0.965926
vn 0.000000 0.258819 0.965926
vn 0.000000 0.258819 0.965926
vn 0.000000 0.258819 0.965926
vn 0.000000 0.258819 0.965926
vn 0.000000 0.258819 0.965926
vn 0.000000 0.258819 0.965926
vn 0.000000 0.258819 0.965926
vn 0.000000 0.258819 0.965926
vn 0.000000 0.258819 0.965926
vn 0.000000 0.258819 0.965926
vn 0.000000 0.258819 0.965926
vn 0.000000 0.258819 0.965926
vn 0.000000 0.258819 0.965926
vn 0.000000 0.258819 0.965926
vn 0.000000 0.258819 0.965926
vn 0.000000 0.258819 0.965926
vn 0.000000 0.258819 0.965926
vn 0.000000 0.258819 0.965926
vn 0.000000 0.258819 0.965926
vn 0.000000 0.258819 0.965926
vn 0.000000 0.258819 0.965926
vn 0.000000 0.258819 0.965926
vn 0.000000 0.258819 0.965926
vn 0.000000 0.258819 0.965926
vn -0.732980 -0.657071 0.176062
vn -0.953991 -0.289618 0.077603
vn -0.953991 -0.289618 0.077603
vn -0.732980 -0.657071 0.176062
vn -0.341816 -0.907745 0.243230
vn -0.732980 -0.657071 0.176062
vn -0.732980 -0.657071 0.176062
vn -0.341816 -0.907745 0.243230
vn -0.953991 -0.289618 0.077603
vn -0.999861 -0.016115 0.004318
vn -0.999861 -0.016115 0.004318
vn -0.953991 -0.289618 0.077603
vn -0.085533 -0.962386 0.257871
vn -0.341816 -0.907745 0.243230
vn -0.341816 -0.907745 0.243230
vn -0.085533 -0.962386 0.257871
vn 0.000000 -0.965926 0.258819
vn -0.085533 -0.962386 0.257871
vn -0.085533 -0.962386 0.257871
vn 0.000000 -0.965926 0.258819
vn 0.968357 0.241065 -0.064593
vn 0.792620 0.588940 -0.157806
vn 0.792620 0.588940 -0.157806
vn 0.968357 0.241065 -0.064593
vn 0.792620 0.588940 -0.157806
vn 0.425106 0.874302 -0.234268
vn 0.425106 0.874302 -0.234268
vn 0.792620 0.588940 -0.157806
vn 0.841353 0.522069 -0.139888
vn 0.755963 0.632309 -0.169427
vn 0.755963 0.632309 -0.169427
vn 0.841353 0.522069 -0.139888
vn 0.910175 0.400109 -0.107209
vn 0.841353 0.522069 -0.139888
vn 0.841353 0.522069 -0.139888
vn 0.910175 0.400109 -0.107209
vn 0.999983 0.005705 -0.001529
vn 0.968357 0.241065 -0.064593
vn 0.968357 0.241065 -0.064593
vn 0.999983 0.005705 -0.001529
vn 0.755963 0.632309 -0.169427
vn 0.707563 0.682572 -0.182895
vn 0.707563 0.682572 -0.182895
vn 0.755963 0.632309 -0.169427
vn 0.425106 0.874302 -0.234268
vn 0.227541 0.940588 -0.252030
vn 0.227541 0.940588 -0.252030
vn 0.425106 0.874302 -0.234268
vn 0.937564 0.335961 -0.090020
vn 0.910175 0.400109 -0.107209
vn 0.910175 0.400109 -0.107209
vn 0.937564 0.335961 -0.090020
vn -0.999861 -0.016115 0.004318
vn -0.999863 0.015968 -0.004279
vn -0.999863 0.015968 -0.004279
vn -0.999861 -0.016115 0.004318
vn 0.999978 -0.006419 0.001720
vn 0.999983 0.005705 -0.001529
vn 0.999983 0.005705 -0.001529
vn 0.999978 -0.006419 0.001720
vn -0.999863 0.015968 -0.004279
vn -0.954286 0.288710 -0.077360
vn -0.954286 0.288710 -0.077360
vn -0.999863 0.015968 -0.004279
vn -0.954286 0.288710 -0.077360
vn -0.733250 0.656790 -0.175986
vn -0.733250 0.656790 -0.175986
vn -0.954286 0.288710 -0.077360
vn 0.963238 -0.259497 0.069532
vn 0.999978 -0.006419 0.001720
vn 0.999978 -0.006419 0.001720
vn 0.963238 -0.259497 0.069532
vn 0.754884 -0.633511 0.169749
vn 0.963238 -0.259497 0.069532
vn 0.963238 -0.259497 0.069532
vn 0.754884 -0.633511 0.169749
vn -0.733250 0.656790 -0.175986
vn -0.341866 0.907728 -0.243225
vn -0.341866 0.907728 -0.243225
vn -0.733250 0.656790 -0.175986
vn 0.349776 -0.904912 0.242470
vn 0.754884 -0.633511 0.169749
vn 0.754884 -0.633511 0.169749
vn 0.349776 -0.904912 0.242470
vn 0.013605 -0.965836 0.258795
vn 0.349776 -0.904912 0.242470
vn 0.349776 -0.904912 0.242470
vn 0.013605 -0.965836 0.258795
vn -0.341866 0.907728 -0.243225
vn -0.026596 0.965584 -0.258727
vn -0.026596 0.965584 -0.258727
vn -0.341866 0.907728 -0.243225
vn 0.000630 -0.965926 0.258819
vn 0.013605 -0.965836 0.258795
vn 0.013605 -0.965836 0.258795
vn 0.000630 -0.965926 0.258819
vn -1.000000 0.000000 0.000000
vn -1.000000 0.000000 0.000000
vn -1.000000 0.000000 0.000000
vn -1.000000 0.000000 0.000000
vn 0.000000 -0.965926 0.258819
vn 0.000000 -0.965926 0.258819
vn 0.000000 -0.965926 0.258819
vn 0.000000 -0.965926 0.258819
vn 1.000000 0.000000 0.000000
vn 1.000000 0.000000 0.000000
vn 1.000000 0.000000 0.000000
vn 1.000000 0.000000 0.000000
s off
g polySurface20 polySurface33
usemtl blinn3SG
f 1473/3095/4007 1475/3096/4008 1471/3097/4009 1465/3098/4010 1461/3099/4011 1458/3100/4012 1456/3101/4013 1453/3102/4014 1429/3103/4015 1424/3104/4016 1426/3105/4017 1430/3106/4018 1441/3107/4019 1439/3108/4020 1438/3109/4021 1437/3110/4022 1440/3111/4023 1431/3112/4024 1427/3113/4025 1425/3114/4026 1423/3115/4027 1428/3116/4028 1451/3117/4029 1455/3118/4030 1457/3119/4031 1462/3120/4032 1467/3121/4033 1476/3122/4034
f 1467/3123/4035 1470/3124/4036 1474/3125/4037 1476/3126/4038
f 1472/3127/4039 1477/3128/4040 1478/3129/4041 1474/3130/4042 1470/3131/4043 1468/3132/4044 1463/3133/4045 1459/3134/4046 1452/3135/4047 1442/3136/4048 1432/3137/4049 1433/3138/4050 1435/3139/4051 1444/3140/4052 1449/3141/4053 1446/3142/4054 1447/3143/4055 1448/3144/4056 1450/3145/4057 1445/3146/4058 1436/3147/4059 1434/3148/4060 1443/3149/4061 1454/3150/4062 1460/3151/4063 1464/3152/4064 1466/3153/4065 1469/3154/4066
f 1433/3155/4067 1432/3156/4068 1423/3157/4069 1425/3158/4070
f 1435/3159/4071 1433/3160/4072 1425/3161/4073 1427/3162/4074
f 1432/3156/4075 1442/3163/4076 1428/3164/4077 1423/3157/4078
f 1444/3165/4079 1435/3159/4080 1427/3162/4081 1431/3166/4082
f 1449/3167/4083 1444/3165/4084 1431/3166/4085 1440/3168/4086
f 1434/3169/4087 1436/3170/4088 1426/3171/4089 1424/3172/4090
f 1436/3173/4091 1445/3174/4092 1430/3175/4093 1426/3176/4094
f 1447/3177/4095 1446/3178/4096 1437/3179/4097 1438/3180/4098
f 1448/3181/4099 1447/3177/4100 1438/3180/4101 1439/3182/4102
f 1443/3183/4103 1434/3169/4104 1424/3172/4105 1429/3184/4106
f 1446/3178/4107 1449/3185/4108 1440/3186/4109 1437/3179/4110
f 1445/3174/4111 1450/3187/4112 1441/3188/4113 1430/3175/4114
f 1450/3189/4115 1448/3181/4116 1439/3182/4117 1441/3190/4118
f 1442/3163/4119 1452/3191/4120 1451/3192/4121 1428/3164/4122
f 1454/3193/4123 1443/3183/4124 1429/3184/4125 1453/3194/4126
f 1452/3191/4127 1459/3195/4128 1455/3196/4129 1451/3192/4130
f 1459/3195/4131 1463/3197/4132 1457/3198/4133 1455/3196/4134
f 1460/3199/4135 1454/3193/4136 1453/3194/4137 1456/3200/4138
f 1464/3201/4139 1460/3199/4140 1456/3200/4141 1458/3202/4142
f 1463/3203/4143 1468/3204/4144 1462/3205/4145 1457/3206/4146
f 1466/3207/4147 1464/3208/4148 1458/3209/4149 1461/3210/4150
f 1469/3211/4151 1466/3207/4152 1461/3210/4153 1465/3212/4154
f 1468/3204/4155 1470/3124/4156 1467/3123/4157 1462/3205/4158
f 1472/3213/4159 1469/3211/4160 1465/3212/4161 1471/3214/4162
f 1477/3215/4163 1472/3216/4164 1471/3217/4165 1475/3218/4166
f 1478/3219/4167 1477/3220/4168 1475/3221/4169 1473/3222/4170
f 1474/3223/4171 1478/3224/4172 1473/3225/4173 1476/3226/4174
g default
v 44.252914 -5.184146 3.369344
v 47.662724 -4.767710 3.624193
v 44.907867 -6.569429 3.740531
v 47.266678 -8.543702 4.269535
v 48.779438 -8.972756 4.384501
v 47.266678 -8.191990 5.582143
v 45.940338 -7.720360 4.048922
v 48.627037 -5.574821 3.840458
v 44.252914 -4.832434 4.681952
v 44.907867 -6.217717 5.053138
v 44.850735 -4.697953 4.505637
v 45.432018 -5.927414 4.835071
v 44.651600 -3.360106 4.147162
v 46.222740 -5.476522 4.554414
v 44.028542 -3.325036 4.278046
v 49.245476 -5.750223 3.887457
v 48.779438 -8.621043 5.697106
v 45.752594 -4.482125 4.287967
v 47.525505 -7.679622 5.304573
v 47.915966 -6.893720 4.934152
v 46.348354 -6.948886 5.108773
v 47.394970 -4.201388 3.472448
v 48.084812 -5.238224 3.750267
v 46.963879 -6.302701 4.775788
v 45.591530 -3.400065 3.998029
v 48.868107 -8.060409 5.406606
v 47.022793 -4.994712 4.365993
v 49.001873 -7.201709 5.016677
v 44.907871 -0.784068 2.190348
v 47.394970 -2.968895 3.142202
v 44.252914 -2.169348 2.561531
v 46.665096 -4.238153 4.163276
v 50.356060 -8.972756 4.384501
v 51.868820 -8.543702 4.269535
v 50.356060 -8.621043 5.697106
v 47.662727 -2.402573 2.990457
v 50.508457 -5.574821 3.840458
v 49.890022 -5.750223 3.887457
v 45.940338 0.366864 1.881955
v 51.868820 -8.191990 5.582143
v 50.267391 -8.060409 5.406606
v 51.219528 -6.893720 4.934152
v 50.133625 -7.201709 5.016677
v 48.084812 -1.932056 2.864382
v 46.348358 0.228674 3.185551
v 44.907871 -0.432355 3.502954
v 45.432022 -0.792800 3.459255
v 51.609993 -7.679622 5.304573
v 47.662727 -2.234076 3.619292
v 47.266682 1.190206 1.661343
v 45.940338 0.718576 3.194562
v 48.084812 -1.763561 3.493217
v 48.627041 -1.595463 2.774193
v 52.171619 -6.302701 4.775788
v 53.195160 -7.368648 5.361529
v 48.627041 -1.426967 3.403028
v 47.586670 -1.206511 3.350950
v 46.963879 -0.497435 3.220272
v 47.915970 0.093586 3.061908
v 52.787140 -6.948886 5.108773
v 47.525509 0.959405 2.989753
v 48.311039 -0.756849 3.230462
v 52.112705 -4.994712 4.365993
v 51.548828 -5.623281 4.534419
v 51.472771 -4.767711 3.624193
v 51.740528 -4.201388 3.472448
v 54.227627 -6.569431 3.740531
v 47.266682 1.541918 2.973950
v 52.912758 -5.476526 4.554416
v 49.001877 0.401572 2.979383
v 49.137222 -0.522526 3.167676
v 54.882584 -5.184148 3.369344
v 51.832256 -3.585142 3.307325
v 48.868111 1.340195 2.887720
v 52.470402 -4.238153 4.163276
v 53.382904 -4.482125 4.287967
v 55.106956 -3.676750 2.965440
v 52.787144 0.228670 3.185552
v 51.868824 1.541915 2.973949
v 51.609993 0.959402 2.989753
v 53.195164 0.718572 3.194565
v 45.940338 -7.368648 5.361529
v 44.028542 -3.676747 2.965439
v 44.252914 -1.817633 3.874139
v 47.303242 -3.585142 3.307325
v 44.850739 -2.022260 3.788687
v 47.586666 -5.623281 4.534419
v 48.311035 -6.072946 4.654907
v 45.752594 -2.318007 3.708092
v 46.542557 -3.414896 3.942685
v 49.137218 -6.307266 4.717693
v 48.084812 -5.069728 4.379103
v 47.662724 -4.599214 4.253029
v 47.394970 -4.032892 4.101284
v 46.665096 -2.591641 3.722094
v 48.627037 -5.406325 4.469294
v 47.303242 -3.416646 3.936161
v 49.245476 -5.581727 4.516293
v 46.222740 -1.323610 3.441645
v 49.998280 -6.307266 4.717693
v 47.394970 -2.800400 3.771038
v 47.022793 -1.835083 3.519375
v 49.890022 -5.581727 4.516293
v 50.824459 -6.072946 4.654907
v 50.508457 -5.406325 4.469294
v 51.050686 -5.238224 3.750267
v 53.195160 -7.720360 4.048922
v 51.050686 -5.069728 4.379103
v 51.472771 -4.599215 4.253029
v 49.245476 -1.420061 2.727194
v 49.245476 -1.251565 3.356029
v 48.779442 1.619255 1.546379
v 51.740528 -4.032892 4.101284
v 49.890022 -1.420062 2.727194
v 49.890022 -1.251566 3.356029
v 54.227627 -6.217719 5.053138
v 53.703476 -5.927414 4.835071
v 51.832256 -3.416646 3.936161
v 50.356064 1.619255 1.546379
v 50.508461 -1.595464 2.774193
v 50.508461 -1.426969 3.403028
v 48.779442 1.970968 2.858986
v 49.998280 -0.522527 3.167677
v 51.740528 -2.968897 3.142203
v 51.740528 -2.800401 3.771039
v 51.050686 -1.932057 2.864383
v 51.050686 -1.763561 3.493218
v 51.472775 -2.402575 2.990457
v 51.472775 -2.234079 3.619293
v 52.592941 -3.414896 3.942685
v 50.133625 0.401572 2.979383
v 50.824463 -0.756850 3.230463
v 51.868824 1.190203 1.661343
v 52.470402 -2.591645 3.722095
v 54.284760 -4.697954 4.505637
v 51.548832 -1.206511 3.350950
v 54.882584 -4.832436 4.681952
v 53.543968 -3.400067 3.998029
v 52.112705 -1.835085 3.519376
v 54.882584 -2.169353 2.561534
v 50.267391 1.340194 2.887721
v 51.219532 0.093585 3.061908
v 53.195164 0.366860 1.881958
v 50.356064 1.970968 2.858986
v 54.227631 -0.784072 2.190349
v 53.382904 -2.318010 3.708093
v 52.171619 -0.497436 3.220272
v 54.483898 -3.360108 4.147162
v 52.912758 -1.323611 3.441644
v 55.106956 -3.325038 4.278047
v 54.284763 -2.022265 3.788689
v 53.703480 -0.792803 3.459255
v 54.882584 -1.817641 3.874141
v 54.227631 -0.432360 3.502955
vt 0.296571 0.328820
vt 0.374330 0.449815
vt 0.311341 0.478581
vt 0.270821 0.340580
vt 0.468570 0.694555
vt 0.298226 0.694555
vt 0.298226 0.628113
vt 0.468570 0.628113
vt 0.333270 0.286467
vt 0.464100 0.346215
vt 0.426662 0.404468
vt 0.317966 0.310282
vt 0.671351 0.452324
vt 0.663641 0.478581
vt 0.600653 0.449815
vt 0.615448 0.426794
vt 0.732182 0.461070
vt 0.732182 0.488435
vt 0.637766 0.392065
vt 0.682981 0.412714
vt 0.341246 0.259305
vt 0.483608 0.279774
vt 0.569001 0.386548
vt 0.535775 0.334847
vt 0.573327 0.317698
vt 0.600200 0.359514
vt 0.732182 0.419788
vt 0.510883 0.346215
vt 0.491374 0.279774
vt 0.518461 0.275879
vt 0.660348 0.356926
vt 0.694749 0.372637
vt 0.559322 0.270004
vt 0.214780 0.340580
vt 0.174259 0.478580
vt 0.111271 0.449815
vt 0.189029 0.328820
vt 0.468570 0.558868
vt 0.298226 0.558868
vt 0.298226 0.492427
vt 0.468570 0.492427
vt 0.333270 0.203834
vt 0.464100 0.144087
vt 0.483608 0.210528
vt 0.341246 0.230996
vt 0.058938 0.404468
vt 0.167635 0.310282
vt 0.518461 0.214422
vt 0.491374 0.210528
vt 0.510883 0.144087
vt 0.535775 0.155455
vt 0.573327 0.172604
vt 0.559322 0.220297
vt 0.863712 0.449815
vt 0.848917 0.426794
vt 0.895364 0.386548
vt 0.916045 0.404468
vt 0.204348 0.529126
vt 0.122740 0.529126
vt 0.122740 0.507731
vt 0.204348 0.507731
vt 0.021501 0.346215
vt 0.152330 0.286467
vt 0.600200 0.130788
vt 0.569001 0.103754
vt 0.548320 0.085833
vt 0.832597 0.332161
vt 0.807348 0.310282
vt 0.822653 0.286467
vt 0.853043 0.300346
vt 0.891038 0.317698
vt 0.864164 0.359514
vt 0.928590 0.334847
vt 0.953482 0.346215
vt 0.660348 0.133375
vt 0.631767 0.158141
vt 0.637766 0.098237
vt 0.374330 0.040487
vt 0.296571 0.161481
vt 0.270821 0.149721
vt 0.311342 0.011721
vt 0.905042 0.270004
vt 0.863698 0.264060
vt 0.242800 0.145693
vt 0.242800 0.001866
vt 0.945904 0.275879
vt 0.694749 0.117665
vt 0.682981 0.077588
vt 0.953481 0.144087
vt 0.928590 0.155455
vt 0.895363 0.103754
vt 0.916044 0.085833
vt 0.651184 0.582196
vt 0.651184 0.529864
vt 0.821529 0.529864
vt 0.821529 0.582196
vt 0.651184 0.645185
vt 0.821529 0.645185
vt 0.651184 0.492427
vt 0.821529 0.492427
vt 0.651184 0.713726
vt 0.821529 0.713726
vt 0.548320 0.404468
vt 0.651184 0.782267
vt 0.821529 0.782267
vt 0.242800 0.344609
vt 0.242800 0.488435
vt 0.800724 0.478580
vt 0.793014 0.452324
vt 0.631767 0.332161
vt 0.611322 0.300346
vt 0.651184 0.845256
vt 0.821529 0.845256
vt 0.781383 0.412714
vt 0.732182 0.378019
vt 0.600667 0.264060
vt 0.657017 0.310282
vt 0.678411 0.328820
vt 0.704162 0.340580
vt 0.122740 0.658062
vt 0.122740 0.636668
vt 0.204348 0.636668
vt 0.204348 0.658062
vt 0.122740 0.610918
vt 0.204348 0.610918
vt 0.769616 0.372637
vt 0.641712 0.286467
vt 0.122740 0.673367
vt 0.204348 0.673367
vt 0.732182 0.344609
vt 0.122740 0.582897
vt 0.204348 0.582897
vt 0.116605 0.547898
vt 0.116605 0.575060
vt 0.034998 0.575060
vt 0.034998 0.547898
vt 0.826598 0.392065
vt 0.633737 0.259305
vt 0.600667 0.226242
vt 0.122740 0.554876
vt 0.204348 0.554876
vt 0.760203 0.340580
vt 0.804016 0.356926
vt 0.651184 0.897588
vt 0.821529 0.897588
vt 0.116605 0.519589
vt 0.034998 0.519589
vt 0.633737 0.230996
vt 0.785953 0.328820
vt 0.611322 0.189956
vt 0.116605 0.492427
vt 0.034998 0.492427
vt 0.317966 0.180020
vt 0.426662 0.085833
vt 0.641712 0.203834
vt 0.827664 0.935025
vt 0.827664 0.897588
vt 0.998008 0.897588
vt 0.998008 0.935025
vt 0.210483 0.507731
vt 0.210483 0.492427
vt 0.292091 0.492427
vt 0.292091 0.507731
vt 0.122740 0.492427
vt 0.204348 0.492427
vt 0.657017 0.180019
vt 0.651184 0.935025
vt 0.821529 0.935025
vt 0.210483 0.529126
vt 0.292091 0.529126
vt 0.001992 0.661684
vt 0.001992 0.634522
vt 0.083600 0.634522
vt 0.083600 0.661684
vt 0.144355 0.259305
vt 0.001992 0.279774
vt 0.678411 0.161481
vt 0.210483 0.554876
vt 0.292091 0.554876
vt 0.830628 0.259305
vt 0.001992 0.606213
vt 0.083600 0.606213
vt 0.827664 0.845255
vt 0.998008 0.845255
vt 0.615447 0.063508
vt 0.210483 0.582897
vt 0.292091 0.582897
vt 0.704162 0.149721
vt 0.144355 0.230996
vt 0.001992 0.210528
vt 0.001992 0.579051
vt 0.083600 0.579051
vt 0.645049 0.628114
vt 0.645049 0.694555
vt 0.474705 0.694555
vt 0.474705 0.628114
vt 0.863698 0.226242
vt 0.830628 0.230996
vt 0.600653 0.040487
vt 0.210483 0.610917
vt 0.292091 0.610917
vt 0.210483 0.673367
vt 0.210483 0.658062
vt 0.292091 0.658062
vt 0.292091 0.673367
vt 0.210483 0.636668
vt 0.292091 0.636668
vt 0.732182 0.112283
vt 0.732182 0.145693
vt 0.972990 0.279774
vt 0.905042 0.220297
vt 0.853043 0.189955
vt 0.822653 0.203834
vt 0.152330 0.203834
vt 0.021501 0.144087
vt 0.769615 0.117665
vt 0.760203 0.149721
vt 0.671351 0.037978
vt 0.832597 0.158141
vt 0.807348 0.180019
vt 0.827664 0.782267
vt 0.998008 0.782267
vt 0.732182 0.070513
vt 0.804016 0.133375
vt 0.785953 0.161481
vt 0.214780 0.149721
vt 0.174259 0.011721
vt 0.945904 0.214422
vt 0.891038 0.172604
vt 0.167635 0.180020
vt 0.058938 0.085833
vt 0.645049 0.558868
vt 0.474705 0.558868
vt 0.663641 0.011721
vt 0.189029 0.161481
vt 0.111271 0.040487
vt 0.781383 0.077588
vt 0.864164 0.130788
vt 0.972990 0.210527
vt 0.732182 0.029231
vt 0.826598 0.098237
vt 0.827664 0.713726
vt 0.998008 0.713726
vt 0.645049 0.492427
vt 0.474705 0.492427
vt 0.732182 0.001866
vt 0.793014 0.037977
vt 0.848917 0.063508
vt 0.827664 0.645185
vt 0.998008 0.645185
vt 0.827664 0.529864
vt 0.827664 0.492427
vt 0.998008 0.492427
vt 0.998008 0.529864
vt 0.800723 0.011721
vt 0.827664 0.582196
vt 0.998008 0.582196
vt 0.863712 0.040487
vn 0.090400 -0.201203 -0.975369
vn 0.090400 -0.201203 -0.975369
vn 0.103106 -0.228077 -0.968168
vn 0.103106 -0.228077 -0.968168
vn -0.415416 -0.878637 0.235430
vn -0.415416 -0.878637 0.235430
vn -0.142316 -0.956094 0.256186
vn -0.142316 -0.956094 0.256186
vn 0.044640 -0.162903 -0.985632
vn 0.044640 -0.162903 -0.985632
vn 0.070371 -0.178875 -0.981352
vn 0.070371 -0.178875 -0.981352
vn 0.179041 0.305053 0.935354
vn 0.203902 0.310738 0.928367
vn 0.178774 0.363884 0.914127
vn 0.156978 0.351718 0.922850
vn 0.186600 0.254273 0.948960
vn 0.212509 0.252907 0.943864
vn 0.102477 0.320505 0.941687
vn 0.116880 0.290041 0.949850
vn 0.015293 -0.154579 -0.987862
vn 0.015293 -0.154579 -0.987862
vn 0.122197 0.390490 0.912461
vn 0.077516 0.418227 0.905029
vn 0.050603 0.363922 0.930054
vn 0.079772 0.345816 0.934905
vn 0.121814 0.256892 0.958732
vn 0.088280 0.439627 0.893832
vn 0.030243 0.456085 0.889422
vn 0.026556 0.432680 0.901156
vn 0.036175 0.281036 0.959015
vn 0.041260 0.270281 0.961897
vn 0.017336 0.373358 0.927525
vn 0.103106 -0.286564 -0.952497
vn 0.103106 -0.286564 -0.952497
vn 0.090400 -0.313437 -0.945296
vn 0.090400 -0.313438 -0.945296
vn 0.142316 -0.956094 0.256185
vn 0.142316 -0.956094 0.256185
vn 0.415416 -0.878637 0.235430
vn 0.415416 -0.878637 0.235430
vn -0.044640 -0.162903 -0.985632
vn -0.044640 -0.162903 -0.985632
vn -0.015293 -0.154579 -0.987862
vn -0.015293 -0.154579 -0.987862
vn 0.070371 -0.335765 -0.939313
vn 0.070371 -0.335765 -0.939314
vn -0.026556 0.432680 0.901157
vn -0.030243 0.456085 0.889422
vn -0.088280 0.439626 0.893832
vn -0.077516 0.418227 0.905029
vn -0.050603 0.363922 0.930054
vn -0.017336 0.373358 0.927525
vn 0.178773 0.141934 0.973599
vn 0.156977 0.156828 0.975071
vn 0.122196 0.118056 0.985460
vn 0.139163 0.097778 0.985430
vn 0.755749 -0.632548 0.169490
vn 0.755749 -0.632548 0.169490
vn 0.755748 -0.632548 0.169490
vn 0.755749 -0.632548 0.169490
vn 0.044640 -0.351738 -0.935034
vn 0.044640 -0.351738 -0.935034
vn -0.079771 0.345816 0.934905
vn -0.122197 0.390490 0.912461
vn -0.139164 0.408039 0.902296
vn 0.028161 0.227188 0.973444
vn 0.005815 0.252327 0.967625
vn 0.003688 0.251007 0.967978
vn 0.017864 0.220796 0.975156
vn 0.050604 0.149861 0.987411
vn 0.079772 0.167967 0.982560
vn 0.077516 0.090320 0.992892
vn 0.088279 0.066189 0.993894
vn -0.036176 0.281037 0.959015
vn -0.028160 0.289971 0.956621
vn -0.102477 0.320506 0.941687
vn -0.090400 -0.201204 -0.975369
vn -0.090400 -0.201204 -0.975369
vn -0.103106 -0.228078 -0.968168
vn -0.103106 -0.228078 -0.968168
vn 0.017336 0.140426 0.989939
vn 0.006120 0.217466 0.976049
vn -0.107459 -0.257320 -0.960333
vn -0.107459 -0.257320 -0.960333
vn 0.026556 0.075866 0.996764
vn -0.041260 0.270282 0.961897
vn -0.116880 0.290042 0.949850
vn -0.088279 0.066190 0.993894
vn -0.077516 0.090320 0.992892
vn -0.122196 0.118056 0.985460
vn -0.139163 0.097776 0.985431
vn -0.841254 -0.522218 0.139928
vn -0.654860 -0.729999 0.195603
vn -0.654860 -0.729998 0.195603
vn -0.841254 -0.522218 0.139928
vn -0.959494 -0.272131 0.072917
vn -0.959494 -0.272131 0.072917
vn -1.000000 0.000001 -0.000000
vn -1.000000 0.000001 -0.000000
vn 0.139164 0.408039 0.902296
vn -0.959493 0.272132 -0.072918
vn -0.959493 0.272132 -0.072918
vn 0.107459 -0.257321 -0.960333
vn 0.107459 -0.257321 -0.960333
vn 0.203900 0.195077 0.959359
vn 0.179041 0.203493 0.962567
vn 0.028160 0.289972 0.956621
vn 0.017863 0.296363 0.954908
vn -0.841254 0.522219 -0.139929
vn -0.841253 0.522219 -0.139929
vn 0.116880 0.223742 0.967615
vn 0.043001 0.258580 0.965032
vn 0.006120 0.299694 0.954016
vn 0.005814 0.265290 0.964151
vn 0.007469 0.263445 0.964646
vn 0.008519 0.261224 0.965241
vn 0.755747 0.632550 -0.169491
vn 0.755747 0.632550 -0.169491
vn 0.755747 0.632550 -0.169491
vn 0.755747 0.632550 -0.169491
vn 0.909632 0.401260 -0.107517
vn 0.909632 0.401260 -0.107517
vn 0.909632 0.401260 -0.107517
vn 0.909632 0.401260 -0.107517
vn 0.041260 0.246878 0.968168
vn 0.003689 0.266610 0.963797
vn 0.540647 0.812584 -0.217733
vn 0.540647 0.812584 -0.217733
vn 0.540647 0.812584 -0.217733
vn 0.540647 0.812584 -0.217733
vn 0.008879 0.258809 0.965888
vn 0.989822 0.137465 -0.036834
vn 0.989821 0.137465 -0.036834
vn 0.989821 0.137465 -0.036834
vn 0.989822 0.137465 -0.036834
vn 0.281731 0.926800 -0.248335
vn 0.281731 0.926799 -0.248335
vn 0.281731 0.926800 -0.248335
vn 0.281731 0.926799 -0.248335
vn 0.102477 0.193277 0.975778
vn 0.001264 0.267299 0.963613
vn -0.006120 0.299694 0.954016
vn 0.989822 -0.137466 0.036834
vn 0.989822 -0.137466 0.036834
vn 0.989822 -0.137466 0.036834
vn 0.989821 -0.137466 0.036834
vn 0.008520 0.256393 0.966535
vn 0.036175 0.236124 0.971049
vn -0.654861 0.729998 -0.195603
vn -0.654861 0.729998 -0.195603
vn 0.000000 0.965926 -0.258818
vn 0.000000 0.965926 -0.258818
vn 0.000000 0.965926 -0.258818
vn 0.000000 0.965926 -0.258818
vn -0.001263 0.267299 0.963613
vn 0.909631 -0.401263 0.107519
vn 0.909631 -0.401263 0.107519
vn 0.909631 -0.401263 0.107519
vn 0.909631 -0.401263 0.107519
vn 0.007470 0.254172 0.967130
vn -0.017863 0.296362 0.954909
vn -0.281732 0.926799 -0.248335
vn -0.281732 0.926799 -0.248335
vn -0.281732 0.926799 -0.248335
vn -0.281732 0.926799 -0.248335
vn -0.070371 -0.178876 -0.981352
vn -0.070370 -0.178876 -0.981352
vn -0.003688 0.266611 0.963797
vn 0.654861 -0.729998 0.195603
vn 0.654861 -0.729998 0.195603
vn -0.540641 0.812589 -0.217731
vn -0.540641 0.812589 -0.217731
vn -0.540641 0.812589 -0.217731
vn -0.540641 0.812589 -0.217731
vn 0.540638 -0.812590 0.217733
vn 0.540638 -0.812590 0.217733
vn 0.540638 -0.812590 0.217733
vn 0.540638 -0.812590 0.217733
vn -0.005814 0.265291 0.964151
vn -0.415414 0.878637 -0.235431
vn -0.415414 0.878637 -0.235431
vn -0.755753 0.632543 -0.169491
vn -0.755753 0.632543 -0.169491
vn -0.755753 0.632543 -0.169491
vn -0.755753 0.632543 -0.169491
vn 0.281735 -0.926798 0.248335
vn 0.281735 -0.926798 0.248336
vn 0.281735 -0.926798 0.248335
vn 0.281735 -0.926798 0.248336
vn 0.015293 -0.360061 -0.932803
vn 0.015293 -0.360061 -0.932803
vn -0.007469 0.263445 0.964646
vn -0.909629 0.401267 -0.107518
vn -0.909629 0.401267 -0.107518
vn -0.909629 0.401267 -0.107518
vn -0.909629 0.401267 -0.107518
vn 0.001263 0.250320 0.968162
vn -0.000002 -0.965926 0.258819
vn -0.000002 -0.965926 0.258819
vn -0.000002 -0.965926 0.258819
vn -0.000002 -0.965926 0.258819
vn 0.841253 -0.522220 0.139928
vn 0.841253 -0.522220 0.139928
vn -0.156977 0.351719 0.922850
vn -0.989822 0.137465 -0.036834
vn -0.989822 0.137465 -0.036834
vn -0.989822 0.137465 -0.036834
vn -0.989822 0.137465 -0.036834
vn -0.008519 0.261224 0.965241
vn -0.015293 -0.360061 -0.932803
vn -0.015293 -0.360061 -0.932803
vn -0.281734 -0.926799 0.248335
vn -0.281734 -0.926799 0.248335
vn -0.281734 -0.926799 0.248335
vn -0.281734 -0.926799 0.248335
vn -0.142315 0.956094 -0.256185
vn -0.142315 0.956094 -0.256185
vn -0.006120 0.217466 0.976049
vn -0.001264 0.250320 0.968162
vn -0.178774 0.363884 0.914127
vn -0.989821 -0.137466 0.036834
vn -0.989821 -0.137466 0.036834
vn -0.989821 -0.137466 0.036834
vn -0.989821 -0.137466 0.036834
vn -0.540640 -0.812589 0.217732
vn -0.540640 -0.812589 0.217732
vn -0.540640 -0.812589 0.217732
vn -0.540640 -0.812589 0.217732
vn -0.909632 -0.401260 0.107517
vn -0.909632 -0.401260 0.107517
vn -0.909632 -0.401260 0.107517
vn -0.909632 -0.401260 0.107517
vn -0.043001 0.258580 0.965032
vn -0.008879 0.258809 0.965888
vn -0.755751 -0.632545 0.169491
vn -0.755751 -0.632545 0.169491
vn -0.755751 -0.632545 0.169491
vn -0.755751 -0.632545 0.169491
vn 0.030243 0.049728 0.998305
vn -0.017336 0.140425 0.989940
vn -0.017863 0.220797 0.975156
vn -0.003688 0.251007 0.967978
vn -0.044640 -0.351738 -0.935034
vn -0.044640 -0.351738 -0.935034
vn -0.041259 0.246878 0.968168
vn -0.008519 0.256393 0.966535
vn -0.179041 0.305053 0.935354
vn -0.028160 0.227189 0.973444
vn -0.005814 0.252326 0.967625
vn 0.959493 -0.272132 0.072918
vn 0.959493 -0.272132 0.072918
vn -0.121814 0.256892 0.958732
vn -0.036175 0.236124 0.971049
vn -0.007469 0.254172 0.967130
vn -0.103106 -0.286563 -0.952497
vn -0.103106 -0.286563 -0.952497
vn -0.026556 0.075866 0.996764
vn -0.050604 0.149861 0.987411
vn -0.070371 -0.335765 -0.939313
vn -0.070371 -0.335765 -0.939313
vn 0.142316 0.956094 -0.256185
vn 0.142316 0.956094 -0.256185
vn -0.203901 0.310736 0.928368
vn -0.090400 -0.313438 -0.945296
vn -0.090400 -0.313438 -0.945296
vn -0.116880 0.223743 0.967615
vn -0.079771 0.167968 0.982560
vn -0.030243 0.049729 0.998305
vn -0.186600 0.254273 0.948960
vn -0.102477 0.193279 0.975778
vn 1.000000 -0.000000 0.000000
vn 1.000000 -0.000000 0.000000
vn 0.415415 0.878637 -0.235430
vn 0.415415 0.878637 -0.235430
vn -0.212510 0.252906 0.943863
vn -0.179041 0.203494 0.962567
vn -0.156977 0.156827 0.975071
vn 0.959493 0.272133 -0.072917
vn 0.959493 0.272133 -0.072917
vn 0.654860 0.729998 -0.195602
vn 0.654860 0.729998 -0.195602
vn -0.203901 0.195077 0.959359
vn 0.841253 0.522220 -0.139928
vn 0.841253 0.522220 -0.139928
vn -0.178774 0.141931 0.973599
s 1
g polySurface20 polySurface23
usemtl blinn1SG
f 1480/3227/4175 1481/3228/4176 1479/3229/4177 1500/3230/4178
s 2
f 1484/3231/4179 1482/3232/4180 1483/3233/4181 1495/3234/4182
s 1
f 1486/3235/4183 1482/3236/4184 1485/3237/4185 1501/3238/4186
s 4
f 1489/3239/4187 1487/3240/4188 1488/3241/4189 1490/3242/4190
f 1487/3240/4188 1489/3239/4187 1491/3243/4191 1493/3244/4192
f 1489/3239/4187 1490/3242/4190 1492/3245/4193 1496/3246/4194
s 1
f 1494/3247/4195 1483/3248/4196 1482/3236/4184 1486/3235/4183
s 4
f 1499/3249/4197 1497/3250/4198 1498/3251/4199 1502/3252/4200
f 1491/3243/4191 1489/3239/4187 1496/3246/4194 1503/3253/4201
f 1497/3250/4198 1484/3254/4202 1495/3255/4203 1504/3256/4204
f 1496/3246/4194 1492/3245/4193 1505/3257/4205 1510/3258/4206
f 1506/3259/4207 1498/3251/4199 1497/3250/4198 1504/3256/4204
s 1
f 1508/3260/4208 1509/3261/4209 1507/3262/4210 1514/3263/4211
s 2
f 1513/3264/4212 1511/3265/4213 1512/3266/4214 1518/3267/4215
s 1
f 1515/3268/4216 1512/3269/4217 1511/3270/4218 1516/3271/4219
f 1514/3263/4211 1507/3262/4210 1517/3272/4220 1522/3273/4221
s 4
f 1519/3274/4222 1513/3275/4223 1518/3276/4224 1526/3277/4225
f 1520/3278/4226 1521/3279/4227 1519/3274/4222 1526/3277/4225
f 1524/3280/4228 1525/3281/4229 1523/3282/4230 1529/3283/4231
s off
f 1527/3284/4232 1514/3285/4233 1522/3286/4234 1530/3287/4235
s 1
f 1522/3273/4221 1517/3272/4220 1528/3288/4236 1531/3289/4237
s 4
f 1532/3290/4238 1520/3278/4226 1526/3277/4225 1538/3291/4239
f 1526/3277/4225 1518/3276/4224 1533/3292/4240 1538/3291/4239
f 1535/3293/4241 1530/3294/4242 1534/3295/4243 1540/3296/4244
f 1537/3297/4245 1536/3298/4246 1535/3293/4241 1540/3296/4244
f 1529/3283/4231 1523/3282/4230 1539/3299/4247 1546/3300/4248
f 1541/3301/4249 1542/3302/4250 1532/3290/4238 1547/3303/4251
s 1
f 1545/3304/4252 1543/3305/4253 1544/3306/4254 1550/3307/4255
s 4
f 1548/3308/4256 1537/3297/4245 1540/3296/4244 1549/3309/4257
s 1
f 1550/3307/4255 1544/3306/4254 1551/3310/4258 1555/3311/4259
s 4
f 1552/3312/4260 1539/3299/4247 1537/3297/4245 1548/3308/4256
f 1553/3313/4261 1541/3301/4249 1547/3303/4251 1554/3314/4262
f 1557/3315/4263 1558/3316/4264 1556/3317/4265 1559/3318/4266
s 2
f 1481/3319/4267 1485/3320/4268 1560/3321/4269 1488/3322/4270
f 1479/3323/4271 1481/3319/4267 1488/3322/4270 1487/3324/4272
f 1485/3320/4268 1482/3325/4180 1484/3326/4179 1560/3321/4269
f 1561/3327/4273 1479/3323/4271 1487/3324/4272 1493/3328/4274
s 4
f 1488/3241/4189 1560/3329/4275 1499/3249/4197 1490/3242/4190
s 1
f 1480/3227/4175 1501/3238/4186 1485/3237/4185 1481/3228/4176
s 4
f 1560/3329/4275 1484/3254/4202 1497/3250/4198 1499/3249/4197
s 2
f 1509/3330/4276 1561/3327/4273 1493/3328/4274 1562/3331/4277
s 1
f 1563/3332/4278 1500/3230/4178 1479/3229/4177 1561/3333/4279
s 4
f 1499/3249/4197 1502/3252/4200 1492/3245/4193 1490/3242/4190
s 1
f 1508/3260/4208 1563/3332/4278 1561/3333/4279 1509/3261/4209
s 2
f 1483/3233/4181 1511/3265/4213 1513/3264/4212 1495/3234/4182
s 4
f 1562/3334/4280 1493/3244/4192 1491/3243/4191 1564/3335/4281
f 1502/3252/4200 1565/3336/4282 1505/3257/4205 1492/3245/4193
f 1498/3251/4199 1566/3337/4283 1565/3336/4282 1502/3252/4200
s 2
f 1507/3338/4284 1509/3330/4276 1562/3331/4277 1524/3339/4285
s 1
f 1494/3247/4195 1516/3271/4219 1511/3270/4218 1483/3248/4196
s 4
f 1491/3243/4191 1503/3253/4201 1567/3340/4286 1564/3335/4281
f 1496/3246/4194 1510/3258/4206 1568/3341/4287 1503/3253/4201
f 1495/3255/4203 1513/3275/4223 1519/3274/4222 1504/3256/4204
f 1506/3259/4207 1569/3342/4288 1566/3337/4283 1498/3251/4199
f 1505/3257/4205 1565/3336/4282 1570/3343/4289 1571/3344/4290
f 1510/3258/4206 1505/3257/4205 1571/3344/4290 1572/3345/4291
s off
f 1501/3346/4292 1480/3347/4293 1571/3348/4294 1570/3349/4295
f 1480/3347/4296 1500/3350/4297 1572/3351/4298 1571/3348/4299
s 4
f 1503/3253/4201 1568/3341/4287 1573/3352/4300 1567/3340/4286
f 1565/3336/4282 1566/3337/4283 1574/3353/4301 1570/3343/4289
s off
f 1486/3354/4302 1501/3346/4303 1570/3349/4304 1574/3355/4305
s 4
f 1519/3274/4222 1521/3279/4227 1506/3259/4207 1504/3256/4204
f 1568/3341/4287 1510/3258/4206 1572/3345/4291 1575/3356/4306
s off
f 1500/3350/4307 1563/3357/4308 1575/3358/4309 1572/3351/4310
s 4
f 1524/3280/4228 1562/3334/4280 1564/3335/4281 1525/3281/4229
s off
f 1494/3359/4311 1486/3360/4312 1574/3361/4313 1576/3362/4314
s 4
f 1564/3335/4281 1567/3340/4286 1577/3363/4315 1525/3281/4229
f 1566/3337/4283 1569/3342/4288 1576/3364/4316 1574/3353/4301
f 1521/3279/4227 1578/3365/4317 1569/3342/4288 1506/3259/4207
s off
f 1563/3357/4318 1508/3366/4319 1579/3367/4320 1575/3358/4321
s 4
f 1573/3352/4300 1568/3341/4287 1575/3356/4306 1579/3368/4322
f 1567/3340/4286 1573/3352/4300 1580/3369/4323 1577/3363/4315
s 2
f 1517/3370/4324 1507/3338/4284 1524/3339/4285 1529/3371/4325
s off
f 1516/3372/4326 1494/3359/4327 1576/3362/4328 1581/3373/4329
s 4
f 1569/3342/4288 1578/3365/4317 1581/3374/4330 1576/3364/4316
s off
f 1508/3366/4331 1514/3285/4332 1527/3284/4333 1579/3367/4334
s 4
f 1580/3369/4323 1573/3352/4300 1579/3368/4322 1527/3375/4335
f 1520/3278/4226 1582/3376/4336 1578/3365/4317 1521/3279/4227
s off
f 1515/3377/4337 1516/3372/4338 1581/3373/4339 1583/3378/4340
s 1
f 1515/3268/4216 1584/3379/4341 1585/3380/4342 1512/3269/4217
s 4
f 1525/3281/4229 1577/3363/4315 1536/3298/4246 1523/3282/4230
f 1578/3365/4317 1582/3376/4336 1583/3381/4343 1581/3374/4330
f 1577/3363/4315 1580/3369/4323 1535/3293/4241 1536/3298/4246
f 1535/3293/4241 1580/3369/4323 1527/3375/4335 1530/3294/4242
s 2
f 1512/3382/4214 1585/3383/4344 1533/3384/4345 1518/3385/4215
s off
f 1584/3386/4346 1515/3387/4347 1583/3388/4348 1586/3389/4349
f 1522/3286/4350 1531/3390/4351 1534/3391/4352 1530/3287/4353
s 4
f 1532/3290/4238 1542/3302/4250 1582/3376/4336 1520/3278/4226
f 1582/3376/4336 1542/3302/4250 1586/3392/4354 1583/3381/4343
s 2
f 1528/3393/4355 1517/3370/4324 1529/3371/4325 1546/3394/4356
s 1
f 1584/3379/4341 1543/3305/4253 1545/3304/4252 1585/3380/4342
s off
f 1543/3395/4357 1584/3386/4358 1586/3389/4359 1587/3396/4360
s 4
f 1523/3282/4230 1536/3298/4246 1537/3297/4245 1539/3299/4247
s off
f 1531/3397/4361 1588/3398/4362 1589/3399/4363 1534/3400/4364
s 1
f 1588/3401/4365 1531/3289/4237 1528/3288/4236 1590/3402/4366
s 4
f 1542/3302/4250 1541/3301/4249 1587/3403/4367 1586/3392/4354
s off
f 1544/3404/4368 1543/3395/4369 1587/3396/4370 1591/3405/4371
s 4
f 1549/3309/4257 1540/3296/4244 1534/3295/4243 1589/3406/4372
s off
f 1588/3398/4373 1592/3407/4374 1593/3408/4375 1589/3399/4376
s 2
f 1585/3383/4344 1545/3409/4377 1594/3410/4378 1533/3384/4345
s 4
f 1595/3411/4379 1547/3303/4251 1532/3290/4238 1538/3291/4239
s off
f 1551/3412/4380 1544/3404/4381 1591/3405/4382 1596/3413/4383
s 4
f 1541/3301/4249 1553/3313/4261 1591/3414/4384 1587/3403/4367
s 1
f 1592/3415/4385 1588/3401/4365 1590/3402/4366 1597/3416/4386
s off
f 1592/3407/4387 1598/3417/4388 1599/3418/4389 1593/3408/4390
s 2
f 1590/3419/4391 1528/3420/4355 1546/3421/4356 1600/3422/4392
s 4
f 1601/3423/4393 1549/3309/4257 1589/3406/4372 1593/3424/4394
f 1533/3292/4240 1594/3425/4395 1595/3411/4379 1538/3291/4239
s off
f 1602/3426/4396 1551/3412/4397 1596/3413/4398 1603/3427/4399
f 1598/3428/4400 1604/3429/4401 1605/3430/4402 1599/3431/4403
f 1606/3432/4404 1602/3426/4405 1603/3427/4406 1607/3433/4407
s 4
f 1553/3313/4261 1608/3434/4408 1596/3435/4409 1591/3414/4384
s off
f 1604/3429/4410 1606/3432/4411 1607/3433/4412 1605/3430/4413
s 4
f 1600/3436/4414 1546/3300/4248 1539/3299/4247 1552/3312/4260
f 1548/3308/4256 1549/3309/4257 1601/3423/4393 1609/3437/4415
f 1610/3438/4416 1601/3423/4393 1593/3424/4394 1599/3439/4417
s 1
f 1598/3440/4418 1592/3415/4385 1597/3416/4386 1611/3441/4419
s 4
f 1608/3434/4408 1612/3442/4420 1603/3443/4421 1596/3435/4409
f 1613/3444/4422 1554/3314/4262 1547/3303/4251 1595/3411/4379
f 1614/3445/4423 1610/3438/4416 1599/3439/4417 1605/3446/4424
s 2
f 1545/3409/4377 1550/3447/4425 1615/3448/4426 1594/3410/4378
s 4
f 1616/3449/4427 1608/3434/4408 1553/3313/4261 1554/3314/4262
f 1612/3442/4420 1617/3450/4428 1607/3451/4429 1603/3443/4421
f 1617/3450/4428 1614/3445/4423 1605/3446/4424 1607/3451/4429
s 1
f 1551/3310/4258 1602/3452/4430 1618/3453/4431 1555/3311/4259
s 4
f 1552/3312/4260 1548/3308/4256 1609/3437/4415 1619/3454/4432
f 1609/3437/4415 1601/3423/4393 1610/3438/4416 1620/3455/4433
s 1
f 1604/3456/4434 1598/3440/4418 1611/3441/4419 1621/3457/4435
s 2
f 1597/3458/4436 1590/3419/4391 1600/3422/4392 1622/3459/4437
s 4
f 1594/3425/4395 1615/3460/4438 1613/3444/4422 1595/3411/4379
s 1
f 1602/3452/4430 1606/3461/4439 1623/3462/4440 1618/3453/4431
f 1606/3461/4439 1604/3456/4434 1621/3457/4435 1623/3462/4440
s 4
f 1608/3434/4408 1616/3449/4427 1624/3463/4441 1612/3442/4420
f 1620/3455/4433 1610/3438/4416 1614/3445/4423 1625/3464/4442
f 1622/3465/4443 1600/3436/4414 1552/3312/4260 1619/3454/4432
f 1626/3466/4444 1616/3449/4427 1554/3314/4262 1613/3444/4422
f 1627/3467/4445 1617/3450/4428 1612/3442/4420 1624/3463/4441
f 1625/3464/4442 1614/3445/4423 1617/3450/4428 1627/3467/4445
f 1619/3454/4432 1609/3437/4415 1620/3455/4433 1558/3316/4264
s 2
f 1550/3447/4425 1555/3468/4446 1628/3469/4447 1615/3448/4426
f 1611/3470/4448 1597/3458/4436 1622/3459/4437 1557/3471/4449
s 4
f 1615/3460/4438 1628/3472/4450 1626/3466/4444 1613/3444/4422
f 1616/3449/4427 1626/3466/4444 1629/3473/4451 1624/3463/4441
f 1558/3316/4264 1620/3455/4433 1625/3464/4442 1556/3317/4265
f 1557/3315/4263 1622/3465/4443 1619/3454/4432 1558/3316/4264
f 1630/3474/4452 1627/3467/4445 1624/3463/4441 1629/3473/4451
f 1556/3317/4265 1625/3464/4442 1627/3467/4445 1630/3474/4452
s 2
f 1555/3468/4446 1618/3475/4453 1631/3476/4454 1628/3469/4447
f 1621/3477/4455 1611/3478/4448 1557/3479/4449 1559/3480/4456
s 4
f 1628/3472/4450 1631/3481/4457 1629/3473/4451 1626/3466/4444
s 2
f 1618/3475/4453 1623/3482/4458 1632/3483/4459 1631/3476/4454
f 1623/3482/4458 1621/3477/4455 1559/3480/4456 1632/3483/4459
s 4
f 1631/3481/4457 1632/3484/4460 1630/3474/4452 1629/3473/4451
f 1632/3484/4460 1559/3318/4266 1556/3317/4265 1630/3474/4452
g default
v 48.754818 0.850781 2.969208
v 48.810120 0.850781 2.969208
v 48.754818 1.303759 2.929577
v 48.931667 0.881076 2.966558
v 48.993992 0.881076 2.966558
v 48.970020 0.953306 2.960239
v 48.810120 1.219608 2.936941
v 48.843861 1.303759 2.929577
v 49.119202 1.218731 2.937017
v 49.119202 0.850781 2.969208
v 49.179726 0.850781 2.969208
v 49.099632 1.303759 2.929577
v 49.179726 1.303759 2.929577
v 48.754818 0.846957 2.925492
v 48.810120 0.846957 2.925492
v 48.754818 1.299935 2.885862
v 48.810120 1.215783 2.893224
v 48.931667 0.877251 2.922841
v 48.993992 0.877251 2.922841
v 49.119202 0.846957 2.925492
v 49.179726 0.846957 2.925492
v 48.970020 0.949481 2.916522
v 48.843861 1.299935 2.885862
v 49.119202 1.214906 2.893301
v 49.099632 1.299935 2.885862
v 49.179726 1.299935 2.885862
vt 0.923745 0.497016
vt 0.923745 0.276861
vt 0.959821 0.276861
vt 0.959821 0.547892
vt 0.912081 0.547892
vt 0.834824 0.338205
vt 0.759627 0.547892
vt 0.706553 0.547892
vt 0.706553 0.276861
vt 0.739516 0.276861
vt 0.739516 0.497542
vt 0.811965 0.294988
vt 0.849114 0.294988
vt 0.001916 0.893939
vt 0.034879 0.893939
vt 0.034879 0.950665
vt 0.001916 0.950665
vt 0.663760 0.273023
vt 0.663760 0.001992
vt 0.720486 0.001992
vt 0.720486 0.273023
vt 0.591154 0.551731
vt 0.591154 0.772411
vt 0.534427 0.772411
vt 0.534427 0.551731
vt 0.041465 0.893939
vt 0.078614 0.893939
vt 0.078614 0.950665
vt 0.041465 0.950665
vt 0.903095 0.967361
vt 0.903095 0.764807
vt 0.959821 0.764807
vt 0.959821 0.967361
vt 0.084576 0.914285
vt 0.120652 0.914285
vt 0.120652 0.971012
vt 0.084576 0.971012
vt 0.782341 0.551731
vt 0.782341 0.761418
vt 0.725614 0.761418
vt 0.725614 0.551731
vt 0.083043 0.890100
vt 0.029970 0.890100
vt 0.029970 0.833374
vt 0.083043 0.833374
vt 0.897194 0.764867
vt 0.897194 0.966896
vt 0.840468 0.966896
vt 0.840468 0.764867
vt 0.598156 0.771886
vt 0.598156 0.551731
vt 0.654883 0.551731
vt 0.654883 0.771886
vt 0.661885 0.761418
vt 0.661885 0.551731
vt 0.718612 0.551731
vt 0.718612 0.761418
vt 0.784215 0.001992
vt 0.784215 0.273023
vt 0.727488 0.273023
vt 0.727488 0.001992
vt 0.175427 0.980925
vt 0.127687 0.980925
vt 0.127687 0.924198
vt 0.175427 0.924198
vt 0.531492 0.211679
vt 0.608749 0.001992
vt 0.656489 0.001992
vt 0.656489 0.273023
vt 0.620413 0.273023
vt 0.620413 0.052868
vt 0.545781 0.254896
vt 0.508633 0.254896
vt 0.436184 0.052343
vt 0.436184 0.273023
vt 0.403221 0.273023
vt 0.403221 0.001992
vt 0.456294 0.001992
vn 0.000000 0.087159 0.996194
vn 0.000000 0.087159 0.996194
vn 0.000000 0.087159 0.996194
vn 0.000000 0.087159 0.996194
vn 0.000000 0.087159 0.996194
vn 0.000000 0.087159 0.996194
vn 0.000000 0.087159 0.996194
vn 0.000000 0.087159 0.996194
vn 0.000000 0.087159 0.996194
vn 0.000000 0.087159 0.996194
vn 0.000000 0.087159 0.996194
vn 0.000000 0.087159 0.996194
vn 0.000000 0.087159 0.996194
vn 0.000000 -0.996196 0.087146
vn 0.000000 -0.996196 0.087146
vn 0.000000 -0.996196 0.087146
vn 0.000000 -0.996196 0.087146
vn -1.000000 0.000012 0.000000
vn -1.000000 0.000012 0.000000
vn -1.000000 0.000012 0.000000
vn -1.000000 0.000012 0.000000
vn 1.000000 0.000000 0.000000
vn 1.000000 0.000000 0.000000
vn 1.000000 0.000000 0.000000
vn 1.000000 0.000000 0.000000
vn 0.000000 -0.996193 0.087174
vn 0.000000 -0.996193 0.087174
vn 0.000000 -0.996193 0.087174
vn 0.000000 -0.996193 0.087174
vn -0.941584 -0.335496 0.029354
vn -0.941584 -0.335497 0.029354
vn -0.941584 -0.335497 0.029354
vn -0.941584 -0.335496 0.029354
vn 0.000000 -0.996194 0.087158
vn 0.000000 -0.996194 0.087158
vn 0.000000 -0.996194 0.087158
vn 0.000000 -0.996194 0.087158
vn 0.941298 0.336294 -0.029420
vn 0.941298 0.336294 -0.029420
vn 0.941298 0.336294 -0.029420
vn 0.941298 0.336294 -0.029420
vn 0.000000 0.996195 -0.087152
vn 0.000000 0.996195 -0.087152
vn 0.000000 0.996195 -0.087152
vn 0.000000 0.996195 -0.087152
vn 0.938035 -0.345222 0.030205
vn 0.938035 -0.345222 0.030205
vn 0.938035 -0.345222 0.030205
vn 0.938035 -0.345222 0.030205
vn -1.000000 -0.000015 0.000000
vn -1.000000 -0.000015 0.000000
vn -1.000000 -0.000015 0.000000
vn -1.000000 -0.000015 0.000000
vn -0.938341 0.344395 -0.030129
vn -0.938341 0.344395 -0.030129
vn -0.938341 0.344395 -0.030129
vn -0.938341 0.344395 -0.030129
vn 1.000000 0.000000 0.000000
vn 1.000000 0.000000 0.000000
vn 1.000000 0.000000 0.000000
vn 1.000000 0.000000 0.000000
vn 0.000000 0.996195 -0.087152
vn 0.000000 0.996195 -0.087152
vn 0.000000 0.996195 -0.087152
vn 0.000000 0.996195 -0.087152
vn 0.000000 -0.087150 -0.996195
vn 0.000000 -0.087150 -0.996195
vn 0.000000 -0.087150 -0.996195
vn 0.000000 -0.087150 -0.996195
vn 0.000000 -0.087150 -0.996195
vn 0.000000 -0.087150 -0.996195
vn 0.000000 -0.087150 -0.996195
vn 0.000000 -0.087150 -0.996195
vn 0.000000 -0.087150 -0.996195
vn 0.000000 -0.087150 -0.996195
vn 0.000000 -0.087150 -0.996195
vn 0.000000 -0.087150 -0.996195
vn 0.000000 -0.087150 -0.996195
s off
g polySurface20 polySurface34
usemtl initialShadingGroup
f 1641/3485/4461 1642/3486/4462 1643/3487/4463 1645/3488/4464 1644/3489/4465 1638/3490/4466 1640/3491/4467 1635/3492/4468 1633/3493/4469 1634/3494/4470 1639/3495/4471 1636/3496/4472 1637/3497/4473
f 1646/3498/4474 1647/3499/4475 1634/3500/4476 1633/3501/4477
f 1648/3502/4478 1646/3503/4479 1633/3504/4480 1635/3505/4481
f 1647/3506/4482 1649/3507/4483 1639/3508/4484 1634/3509/4485
f 1650/3510/4486 1651/3511/4487 1637/3512/4488 1636/3513/4489
f 1649/3514/4490 1650/3515/4491 1636/3516/4492 1639/3517/4493
f 1652/3518/4494 1653/3519/4495 1643/3520/4496 1642/3521/4497
f 1654/3522/4498 1655/3523/4499 1640/3524/4500 1638/3525/4501
f 1655/3526/4502 1648/3527/4503 1635/3528/4504 1640/3529/4505
f 1651/3530/4506 1656/3531/4507 1641/3532/4508 1637/3533/4509
f 1656/3534/4510 1652/3535/4511 1642/3536/4512 1641/3537/4513
f 1657/3538/4514 1654/3539/4515 1638/3540/4516 1644/3541/4517
f 1653/3542/4518 1658/3543/4519 1645/3544/4520 1643/3545/4521
f 1658/3546/4522 1657/3547/4523 1644/3548/4524 1645/3549/4525
f 1654/3550/4526 1657/3551/4527 1658/3552/4528 1653/3553/4529 1652/3554/4530 1656/3555/4531 1651/3556/4532 1650/3557/4533 1649/3558/4534 1647/3559/4535 1646/3560/4536 1648/3561/4537 1655/3562/4538
g default
v 47.791046 -1.164992 -0.494177
v 47.650848 -1.164992 -0.494177
v 47.650848 -1.263223 -0.860780
v 47.791046 -1.263223 -0.860780
v 47.650848 -0.581273 -0.650584
v 47.650848 -0.679504 -1.017187
v 47.791046 -0.619801 -0.640260
v 47.791046 -0.718032 -1.006864
v 48.090782 -1.164992 -0.494177
v 47.950584 -1.164992 -0.494177
v 47.950584 -1.263223 -0.860780
v 48.090782 -1.263223 -0.860780
v 47.651505 -0.563779 -0.655271
v 47.651505 -0.662009 -1.021875
v 47.653419 -0.546394 -0.659930
v 47.653419 -0.644624 -1.026533
v 47.656448 -0.529231 -0.664528
v 47.656448 -0.627462 -1.031132
v 47.660515 -0.512396 -0.669039
v 47.660515 -0.610626 -1.035643
v 47.666145 -0.496419 -0.673320
v 47.666145 -0.594650 -1.039923
v 47.950584 -0.583610 -0.649957
v 47.950584 -0.681840 -1.016562
v 47.673813 -0.481750 -0.677251
v 47.673813 -0.579980 -1.043855
v 47.683289 -0.468396 -0.680829
v 47.683289 -0.566628 -1.047432
v 47.791748 -0.601631 -0.645128
v 47.791748 -0.699862 -1.011732
v 47.694359 -0.456358 -0.684054
v 47.694359 -0.554590 -1.050658
v 47.793915 -0.585651 -0.649410
v 47.793915 -0.683882 -1.016014
v 47.707687 -0.446491 -0.686698
v 47.707687 -0.544721 -1.053302
v 47.797676 -0.571859 -0.653106
v 47.797676 -0.670090 -1.019710
v 47.803131 -0.560260 -0.656214
v 47.803131 -0.658491 -1.022818
v 47.723969 -0.439578 -0.688550
v 47.723969 -0.537809 -1.055155
v 47.810860 -0.551067 -0.658677
v 47.810860 -0.649297 -1.025281
v 47.742973 -0.435510 -0.689641
v 47.742973 -0.533741 -1.056244
v 47.821419 -0.544500 -0.660437
v 47.821419 -0.642731 -1.027041
v 47.834915 -0.540561 -0.661492
v 47.834915 -0.638792 -1.028096
v 47.764458 -0.434176 -0.689998
v 47.764458 -0.532408 -1.056601
v 47.851479 -0.539246 -0.661844
v 47.851479 -0.637477 -1.028448
v 47.791878 -0.435524 -0.689637
v 47.791878 -0.533755 -1.056240
v 47.863464 -0.540104 -0.661615
v 47.863464 -0.638336 -1.028218
v 47.875801 -0.542599 -0.660946
v 47.875801 -0.640830 -1.027550
v 47.888359 -0.546637 -0.659864
v 47.888359 -0.644868 -1.026468
v 47.817940 -0.439721 -0.688512
v 47.817940 -0.537952 -1.055116
v 47.901024 -0.552087 -0.658404
v 47.901024 -0.650318 -1.025008
v 47.913704 -0.558819 -0.656600
v 47.913704 -0.657050 -1.023203
v 48.090782 -0.443517 -0.687495
v 48.090782 -0.541748 -1.054099
v 47.842636 -0.446980 -0.686567
v 47.842636 -0.545211 -1.053171
v 47.926254 -0.566534 -0.654533
v 47.926254 -0.664765 -1.021137
v 47.938591 -0.574910 -0.652289
v 47.938591 -0.673141 -1.018893
v 47.865974 -0.457526 -0.683741
v 47.865974 -0.555757 -1.050345
v 47.888893 -0.469749 -0.680466
v 47.888893 -0.567979 -1.047071
v 47.910545 -0.483503 -0.676781
v 47.910545 -0.581734 -1.043384
v 47.931076 -0.498570 -0.672744
v 47.931076 -0.596801 -1.039348
v 47.950584 -0.514732 -0.668413
v 47.950584 -0.612962 -1.035017
v 47.950584 -0.443517 -0.687495
v 47.950584 -0.541748 -1.054099
vt 0.481916 0.735769
vt 0.469920 0.735769
vt 0.469920 0.720158
vt 0.481916 0.720158
vt 0.236006 0.647934
vt 0.236006 0.699644
vt 0.220394 0.699644
vt 0.220394 0.647934
vt 0.312288 0.713193
vt 0.312288 0.664895
vt 0.327899 0.664895
vt 0.327899 0.713193
vt 0.541200 0.751495
vt 0.529203 0.751495
vt 0.529203 0.735884
vt 0.541200 0.735884
vt 0.236006 0.701194
vt 0.220394 0.701194
vt 0.236006 0.702734
vt 0.220394 0.702734
vt 0.236006 0.704254
vt 0.220394 0.704254
vt 0.236006 0.705746
vt 0.220394 0.705746
vt 0.236006 0.707161
vt 0.220394 0.707161
vt 0.396819 0.664894
vt 0.396819 0.716397
vt 0.381208 0.716397
vt 0.381208 0.664894
vt 0.236006 0.708461
vt 0.220394 0.708461
vt 0.833312 0.952815
vt 0.833312 0.953626
vt 0.817701 0.953626
vt 0.817701 0.952815
vt 0.312288 0.714802
vt 0.327899 0.714802
vt 0.833312 0.954573
vt 0.817701 0.954573
vt 0.312288 0.716218
vt 0.327899 0.716218
vt 0.833312 0.955713
vt 0.817701 0.955713
vt 0.312288 0.717439
vt 0.327899 0.717439
vt 0.312288 0.718467
vt 0.327899 0.718467
vt 0.833312 0.957106
vt 0.817701 0.957106
vt 0.438257 0.736265
vt 0.437595 0.736265
vt 0.437595 0.720654
vt 0.438257 0.720654
vt 0.833312 0.958732
vt 0.817701 0.958732
vt 0.439160 0.736265
vt 0.439160 0.720654
vt 0.440315 0.736265
vt 0.440315 0.720654
vt 0.833312 0.960571
vt 0.817701 0.960571
vt 0.441732 0.736265
vt 0.441732 0.720654
vt 0.833312 0.962917
vt 0.817701 0.962917
vt 0.442758 0.736265
vt 0.442758 0.720654
vt 0.443813 0.736265
vt 0.443813 0.720654
vt 0.444888 0.736265
vt 0.444888 0.720654
vt 0.833312 0.965147
vt 0.817701 0.965147
vt 0.445972 0.736265
vt 0.445972 0.720654
vt 0.447057 0.736265
vt 0.447057 0.720654
vt 0.174448 0.709883
vt 0.174448 0.645969
vt 0.190059 0.645969
vt 0.190059 0.709883
vt 0.833312 0.967261
vt 0.817701 0.967261
vt 0.448131 0.736265
vt 0.448131 0.720654
vt 0.449187 0.736265
vt 0.449187 0.720654
vt 0.450213 0.736265
vt 0.450213 0.720654
vt 0.833312 0.969258
vt 0.817701 0.969258
vt 0.833312 0.971219
vt 0.817701 0.971219
vt 0.833312 0.973072
vt 0.817701 0.973072
vt 0.833312 0.974828
vt 0.817701 0.974828
vt 0.833312 0.976498
vt 0.817701 0.976498
vt 0.413545 0.737634
vt 0.407237 0.737634
vt 0.407237 0.722022
vt 0.413545 0.722022
vt 0.431569 0.737634
vt 0.419573 0.737634
vt 0.419573 0.722022
vt 0.431569 0.722022
vt 0.142412 0.645969
vt 0.142412 0.697472
vt 0.143438 0.698243
vt 0.144494 0.698985
vt 0.145568 0.699668
vt 0.146652 0.700265
vt 0.147736 0.700747
vt 0.148811 0.701105
vt 0.149866 0.701326
vt 0.150892 0.701402
vt 0.152310 0.701286
vt 0.153465 0.700937
vt 0.154368 0.700355
vt 0.155029 0.699540
vt 0.155496 0.698513
vt 0.155818 0.697291
vt 0.156003 0.695875
vt 0.156064 0.694266
vt 0.156064 0.645969
vt 0.168060 0.645969
vt 0.168060 0.697679
vt 0.168004 0.699229
vt 0.167840 0.700769
vt 0.167581 0.702290
vt 0.167233 0.703781
vt 0.166751 0.705196
vt 0.166095 0.706496
vt 0.165284 0.707679
vt 0.164337 0.708745
vt 0.163196 0.709620
vt 0.161803 0.710232
vt 0.160177 0.710592
vt 0.158339 0.710710
vt 0.155992 0.710590
vt 0.153762 0.710219
vt 0.151649 0.709576
vt 0.149652 0.708642
vt 0.147691 0.707559
vt 0.145838 0.706341
vt 0.144082 0.705006
vt 0.142412 0.703574
vt 0.142412 0.709883
vt 0.130416 0.709883
vt 0.130416 0.645969
vt 0.124028 0.645969
vt 0.124028 0.709883
vt 0.112032 0.709883
vt 0.112032 0.703575
vt 0.110362 0.705006
vt 0.108605 0.706341
vt 0.106752 0.707559
vt 0.104792 0.708642
vt 0.102795 0.709576
vt 0.100681 0.710220
vt 0.098451 0.710591
vt 0.096105 0.710710
vt 0.094266 0.710593
vt 0.092640 0.710232
vt 0.091247 0.709620
vt 0.090107 0.708746
vt 0.089159 0.707679
vt 0.088348 0.706496
vt 0.087692 0.705196
vt 0.087211 0.703781
vt 0.086863 0.702290
vt 0.086603 0.700769
vt 0.086440 0.699229
vt 0.086384 0.697680
vt 0.086384 0.645969
vt 0.098380 0.645969
vt 0.098380 0.694266
vt 0.098440 0.695876
vt 0.098625 0.697292
vt 0.098947 0.698514
vt 0.099414 0.699541
vt 0.100076 0.700355
vt 0.100979 0.700938
vt 0.102134 0.701286
vt 0.103551 0.701403
vt 0.104577 0.701326
vt 0.105632 0.701106
vt 0.106707 0.700748
vt 0.107791 0.700265
vt 0.108876 0.699668
vt 0.109950 0.698986
vt 0.111006 0.698243
vt 0.112032 0.697472
vt 0.112032 0.645969
vn 0.000000 -0.965926 0.258819
vn 0.000000 -0.965926 0.258819
vn 0.000000 -0.965926 0.258819
vn 0.000000 -0.965926 0.258819
vn -1.000000 0.000000 0.000000
vn -0.999999 0.001026 -0.000275
vn -0.999999 0.001026 -0.000275
vn -1.000000 0.000000 0.000000
vn 0.999999 -0.001157 0.000310
vn 1.000000 0.000000 0.000000
vn 1.000000 0.000000 0.000000
vn 0.999999 -0.001157 0.000310
vn 0.000000 -0.965926 0.258819
vn 0.000000 -0.965926 0.258819
vn 0.000000 -0.965926 0.258819
vn 0.000000 -0.965926 0.258819
vn -0.999999 0.001026 -0.000275
vn -0.997480 0.068533 -0.018363
vn -0.997480 0.068533 -0.018363
vn -0.999999 0.001026 -0.000275
vn -0.997480 0.068533 -0.018363
vn -0.990567 0.132363 -0.035466
vn -0.990567 0.132363 -0.035466
vn -0.997480 0.068533 -0.018363
vn -0.990567 0.132363 -0.035466
vn -0.980255 0.191000 -0.051178
vn -0.980255 0.191000 -0.051178
vn -0.990567 0.132363 -0.035466
vn -0.980255 0.191000 -0.051178
vn -0.961667 0.264877 -0.070974
vn -0.961667 0.264877 -0.070974
vn -0.980255 0.191000 -0.051178
vn -0.961667 0.264877 -0.070974
vn -0.922299 0.373309 -0.100028
vn -0.922299 0.373309 -0.100028
vn -0.961667 0.264877 -0.070974
vn -1.000000 0.000000 0.000000
vn -1.000000 0.000000 0.000000
vn -1.000000 0.000000 0.000000
vn -1.000000 0.000000 0.000000
vn -0.922299 0.373309 -0.100028
vn -0.860838 0.491539 -0.131708
vn -0.860838 0.491539 -0.131708
vn -0.922299 0.373309 -0.100028
vn -0.860838 0.491539 -0.131708
vn -0.787888 0.594835 -0.159386
vn -0.787888 0.594835 -0.159386
vn -0.860838 0.491539 -0.131708
vn 0.996720 -0.078170 0.020946
vn 0.999999 -0.001157 0.000310
vn 0.999999 -0.001157 0.000310
vn 0.996720 -0.078170 0.020946
vn -0.787888 0.594835 -0.159386
vn -0.680840 0.707475 -0.189567
vn -0.680840 0.707475 -0.189567
vn -0.787888 0.594835 -0.159386
vn 0.981989 -0.182501 0.048901
vn 0.996720 -0.078170 0.020946
vn 0.996720 -0.078170 0.020946
vn 0.981989 -0.182501 0.048901
vn -0.680840 0.707475 -0.189567
vn -0.506053 0.833113 -0.223232
vn -0.506053 0.833113 -0.223232
vn -0.680840 0.707475 -0.189567
vn 0.943688 -0.319563 0.085627
vn 0.981989 -0.182501 0.048901
vn 0.981989 -0.182501 0.048901
vn 0.943688 -0.319563 0.085627
vn 0.852838 -0.504383 0.135149
vn 0.943688 -0.319563 0.085627
vn 0.943688 -0.319563 0.085627
vn 0.852838 -0.504383 0.135149
vn -0.506053 0.833113 -0.223232
vn -0.306734 0.919364 -0.246343
vn -0.306734 0.919364 -0.246343
vn -0.506053 0.833113 -0.223232
vn 0.665894 -0.720625 0.193091
vn 0.852838 -0.504383 0.135149
vn 0.852838 -0.504383 0.135149
vn 0.665894 -0.720625 0.193091
vn -0.306734 0.919364 -0.246343
vn -0.136763 0.956850 -0.256387
vn -0.136763 0.956850 -0.256387
vn -0.306734 0.919364 -0.246343
vn 0.411974 -0.880147 0.235835
vn 0.665894 -0.720625 0.193091
vn 0.665894 -0.720625 0.193091
vn 0.411974 -0.880147 0.235835
vn 0.178016 -0.950498 0.254685
vn 0.411974 -0.880147 0.235835
vn 0.411974 -0.880147 0.235835
vn 0.178016 -0.950498 0.254685
vn -0.136763 0.956850 -0.256387
vn 0.000387 0.965926 -0.258819
vn 0.000387 0.965926 -0.258819
vn -0.136763 0.956850 -0.256387
vn 0.016529 -0.965794 0.258784
vn 0.178016 -0.950498 0.254685
vn 0.178016 -0.950498 0.254685
vn 0.016529 -0.965794 0.258784
vn 0.000387 0.965926 -0.258819
vn 0.106731 0.960408 -0.257341
vn 0.106731 0.960408 -0.257341
vn 0.000387 0.965926 -0.258819
vn -0.141422 -0.956218 0.256218
vn 0.016529 -0.965794 0.258784
vn 0.016529 -0.965794 0.258784
vn -0.141422 -0.956218 0.256218
vn -0.262126 -0.932151 0.249769
vn -0.141422 -0.956218 0.256218
vn -0.141422 -0.956218 0.256218
vn -0.262126 -0.932151 0.249769
vn -0.362712 -0.900148 0.241194
vn -0.262126 -0.932151 0.249769
vn -0.262126 -0.932151 0.249769
vn -0.362712 -0.900148 0.241194
vn 0.106731 0.960408 -0.257341
vn 0.227503 0.940597 -0.252032
vn 0.227503 0.940597 -0.252032
vn 0.106731 0.960408 -0.257341
vn -0.445610 -0.864723 0.231702
vn -0.362712 -0.900148 0.241194
vn -0.362712 -0.900148 0.241194
vn -0.445610 -0.864723 0.231702
vn -0.509945 -0.830896 0.222638
vn -0.445610 -0.864723 0.231702
vn -0.445610 -0.864723 0.231702
vn -0.509945 -0.830896 0.222638
vn 1.000000 0.000000 0.000000
vn 1.000000 0.000000 0.000000
vn 1.000000 0.000000 0.000000
vn 1.000000 0.000000 0.000000
vn 0.227503 0.940597 -0.252032
vn 0.358192 0.901835 -0.241646
vn 0.358192 0.901835 -0.241646
vn 0.227503 0.940597 -0.252032
vn -0.556157 -0.802759 0.215099
vn -0.509945 -0.830896 0.222638
vn -0.509945 -0.830896 0.222638
vn -0.556157 -0.802759 0.215099
vn -0.587877 -0.781386 0.209372
vn -0.556157 -0.802759 0.215099
vn -0.556157 -0.802759 0.215099
vn -0.587877 -0.781386 0.209372
vn -0.600605 -0.772302 0.206938
vn -0.587877 -0.781386 0.209372
vn -0.587877 -0.781386 0.209372
vn -0.600605 -0.772302 0.206938
vn 0.358192 0.901835 -0.241646
vn 0.454040 0.860622 -0.230603
vn 0.454040 0.860622 -0.230603
vn 0.358192 0.901835 -0.241646
vn 0.454040 0.860622 -0.230603
vn 0.516627 0.827036 -0.221604
vn 0.516627 0.827036 -0.221604
vn 0.454040 0.860622 -0.230603
vn 0.516627 0.827036 -0.221604
vn 0.577430 0.788621 -0.211310
vn 0.577430 0.788621 -0.211310
vn 0.516627 0.827036 -0.221604
vn 0.577430 0.788621 -0.211310
vn 0.628271 0.751485 -0.201360
vn 0.628271 0.751485 -0.201360
vn 0.577430 0.788621 -0.211310
vn 0.628271 0.751485 -0.201360
vn 0.651038 0.733181 -0.196455
vn 0.651038 0.733181 -0.196455
vn 0.628271 0.751485 -0.201360
vn -1.000000 0.000000 0.000000
vn -1.000000 0.000000 0.000000
vn -1.000000 0.000000 0.000000
vn -1.000000 0.000000 0.000000
vn 0.000000 0.965926 -0.258819
vn 0.000000 0.965926 -0.258819
vn 0.000000 0.965926 -0.258819
vn 0.000000 0.965926 -0.258819
vn 0.000000 -0.258819 -0.965926
vn 0.000000 -0.258819 -0.965926
vn 0.000000 -0.258819 -0.965926
vn 0.000000 -0.258819 -0.965926
vn 0.000000 -0.258819 -0.965926
vn 0.000000 -0.258819 -0.965926
vn 0.000000 -0.258819 -0.965926
vn 0.000000 -0.258819 -0.965926
vn 0.000000 -0.258819 -0.965926
vn 0.000000 -0.258819 -0.965926
vn 0.000000 -0.258819 -0.965926
vn 0.000000 -0.258819 -0.965926
vn 0.000000 -0.258819 -0.965926
vn 0.000000 -0.258819 -0.965926
vn 0.000000 -0.258819 -0.965926
vn 0.000000 -0.258819 -0.965926
vn 0.000000 -0.258819 -0.965926
vn 0.000000 -0.258819 -0.965926
vn 0.000000 -0.258819 -0.965926
vn 0.000000 -0.258819 -0.965926
vn 0.000000 -0.258819 -0.965926
vn 0.000000 -0.258819 -0.965926
vn 0.000000 -0.258819 -0.965926
vn 0.000000 -0.258819 -0.965926
vn 0.000000 -0.258819 -0.965926
vn 0.000000 -0.258819 -0.965926
vn 0.000000 -0.258819 -0.965926
vn 0.000000 -0.258819 -0.965926
vn 0.000000 -0.258819 -0.965926
vn 0.000000 -0.258819 -0.965926
vn 0.000000 -0.258819 -0.965926
vn 0.000000 -0.258819 -0.965926
vn 0.000000 -0.258819 -0.965926
vn 0.000000 -0.258819 -0.965926
vn 0.000000 -0.258819 -0.965926
vn 0.000000 -0.258819 -0.965926
vn 0.000000 -0.258819 -0.965926
vn 0.000000 -0.258819 -0.965926
vn 0.000000 -0.258819 -0.965926
vn 0.000000 -0.258819 -0.965926
vn 0.000000 -0.258819 -0.965926
vn 0.000000 -0.258819 -0.965926
vn 0.000000 -0.258819 -0.965926
vn 0.000000 -0.258819 -0.965926
vn 0.000000 0.258819 0.965926
vn 0.000000 0.258819 0.965926
vn 0.000000 0.258819 0.965926
vn 0.000000 0.258819 0.965926
vn 0.000000 0.258819 0.965926
vn 0.000000 0.258819 0.965926
vn 0.000000 0.258819 0.965926
vn 0.000000 0.258819 0.965926
vn 0.000000 0.258819 0.965926
vn 0.000000 0.258819 0.965926
vn 0.000000 0.258819 0.965926
vn 0.000000 0.258819 0.965926
vn 0.000000 0.258819 0.965926
vn 0.000000 0.258819 0.965926
vn 0.000000 0.258819 0.965926
vn 0.000000 0.258819 0.965926
vn 0.000000 0.258819 0.965926
vn 0.000000 0.258819 0.965926
vn 0.000000 0.258819 0.965926
vn 0.000000 0.258819 0.965926
vn 0.000000 0.258819 0.965926
vn 0.000000 0.258819 0.965926
vn 0.000000 0.258819 0.965926
vn 0.000000 0.258819 0.965926
vn 0.000000 0.258819 0.965926
vn 0.000000 0.258819 0.965926
vn 0.000000 0.258819 0.965926
vn 0.000000 0.258819 0.965926
vn 0.000000 0.258819 0.965926
vn 0.000000 0.258819 0.965926
vn 0.000000 0.258819 0.965926
vn 0.000000 0.258819 0.965926
vn 0.000000 0.258819 0.965926
vn 0.000000 0.258819 0.965926
vn 0.000000 0.258819 0.965926
vn 0.000000 0.258819 0.965926
vn 0.000000 0.258819 0.965926
vn 0.000000 0.258819 0.965926
vn 0.000000 0.258819 0.965926
vn 0.000000 0.258819 0.965926
vn 0.000000 0.258819 0.965926
vn 0.000000 0.258819 0.965926
vn 0.000000 0.258819 0.965926
vn 0.000000 0.258819 0.965926
s off
g polySurface20 polySurface39
usemtl blinn3SG
f 1659/3563/4539 1660/3564/4540 1661/3565/4541 1662/3566/4542
f 1660/3567/4543 1663/3568/4544 1664/3569/4545 1661/3570/4546
f 1665/3571/4547 1659/3572/4548 1662/3573/4549 1666/3574/4550
f 1667/3575/4551 1668/3576/4552 1669/3577/4553 1670/3578/4554
f 1663/3568/4555 1671/3579/4556 1672/3580/4557 1664/3569/4558
f 1671/3579/4559 1673/3581/4560 1674/3582/4561 1672/3580/4562
f 1673/3581/4563 1675/3583/4564 1676/3584/4565 1674/3582/4566
f 1675/3583/4567 1677/3585/4568 1678/3586/4569 1676/3584/4570
f 1677/3585/4571 1679/3587/4572 1680/3588/4573 1678/3586/4574
f 1668/3589/4575 1681/3590/4576 1682/3591/4577 1669/3592/4578
f 1679/3587/4579 1683/3593/4580 1684/3594/4581 1680/3588/4582
f 1683/3595/4583 1685/3596/4584 1686/3597/4585 1684/3598/4586
f 1687/3599/4587 1665/3571/4588 1666/3574/4589 1688/3600/4590
f 1685/3596/4591 1689/3601/4592 1690/3602/4593 1686/3597/4594
f 1691/3603/4595 1687/3599/4596 1688/3600/4597 1692/3604/4598
f 1689/3601/4599 1693/3605/4600 1694/3606/4601 1690/3602/4602
f 1695/3607/4603 1691/3603/4604 1692/3604/4605 1696/3608/4606
f 1697/3609/4607 1695/3607/4608 1696/3608/4609 1698/3610/4610
f 1693/3605/4611 1699/3611/4612 1700/3612/4613 1694/3606/4614
f 1701/3613/4615 1697/3614/4616 1698/3615/4617 1702/3616/4618
f 1699/3611/4619 1703/3617/4620 1704/3618/4621 1700/3612/4622
f 1705/3619/4623 1701/3613/4624 1702/3616/4625 1706/3620/4626
f 1707/3621/4627 1705/3619/4628 1706/3620/4629 1708/3622/4630
f 1703/3617/4631 1709/3623/4632 1710/3624/4633 1704/3618/4634
f 1711/3625/4635 1707/3621/4636 1708/3622/4637 1712/3626/4638
f 1709/3623/4639 1713/3627/4640 1714/3628/4641 1710/3624/4642
f 1715/3629/4643 1711/3625/4644 1712/3626/4645 1716/3630/4646
f 1717/3631/4647 1715/3629/4648 1716/3630/4649 1718/3632/4650
f 1719/3633/4651 1717/3631/4652 1718/3632/4653 1720/3634/4654
f 1713/3627/4655 1721/3635/4656 1722/3636/4657 1714/3628/4658
f 1723/3637/4659 1719/3633/4660 1720/3634/4661 1724/3638/4662
f 1725/3639/4663 1723/3637/4664 1724/3638/4665 1726/3640/4666
f 1727/3641/4667 1667/3642/4668 1670/3643/4669 1728/3644/4670
f 1721/3635/4671 1729/3645/4672 1730/3646/4673 1722/3636/4674
f 1731/3647/4675 1725/3639/4676 1726/3640/4677 1732/3648/4678
f 1733/3649/4679 1731/3647/4680 1732/3648/4681 1734/3650/4682
f 1681/3651/4683 1733/3649/4684 1734/3650/4685 1682/3652/4686
f 1729/3645/4687 1735/3653/4688 1736/3654/4689 1730/3646/4690
f 1735/3653/4691 1737/3655/4692 1738/3656/4693 1736/3654/4694
f 1737/3655/4695 1739/3657/4696 1740/3658/4697 1738/3656/4698
f 1739/3657/4699 1741/3659/4700 1742/3660/4701 1740/3658/4702
f 1741/3659/4703 1743/3661/4704 1744/3662/4705 1742/3660/4706
f 1743/3663/4707 1745/3664/4708 1746/3665/4709 1744/3666/4710
f 1745/3667/4711 1727/3668/4712 1728/3669/4713 1746/3670/4714
f 1669/3671/4715 1682/3672/4716 1734/3673/4717 1732/3674/4718 1726/3675/4719 1724/3676/4720 1720/3677/4721 1718/3678/4722 1716/3679/4723 1712/3680/4724 1708/3681/4725 1706/3682/4726 1702/3683/4727 1698/3684/4728 1696/3685/4729 1692/3686/4730 1688/3687/4731 1666/3688/4732 1662/3689/4733 1661/3690/4734 1664/3691/4735 1672/3692/4736 1674/3693/4737 1676/3694/4738 1678/3695/4739 1680/3696/4740 1684/3697/4741 1686/3698/4742 1690/3699/4743 1694/3700/4744 1700/3701/4745 1704/3702/4746 1710/3703/4747 1714/3704/4748 1722/3705/4749 1730/3706/4750 1736/3707/4751 1738/3708/4752 1740/3709/4753 1742/3710/4754 1744/3711/4755 1746/3712/4756 1728/3713/4757 1670/3714/4758
f 1667/3715/4759 1727/3716/4760 1745/3717/4761 1743/3718/4762 1741/3719/4763 1739/3720/4764 1737/3721/4765 1735/3722/4766 1729/3723/4767 1721/3724/4768 1713/3725/4769 1709/3726/4770 1703/3727/4771 1699/3728/4772 1693/3729/4773 1689/3730/4774 1685/3731/4775 1683/3732/4776 1679/3733/4777 1677/3734/4778 1675/3735/4779 1673/3736/4780 1671/3737/4781 1663/3738/4782 1660/3739/4783 1659/3740/4784 1665/3741/4785 1687/3742/4786 1691/3743/4787 1695/3744/4788 1697/3745/4789 1701/3746/4790 1705/3747/4791 1707/3748/4792 1711/3749/4793 1715/3750/4794 1717/3751/4795 1719/3752/4796 1723/3753/4797 1725/3754/4798 1731/3755/4799 1733/3756/4800 1681/3757/4801 1668/3758/4802
g default
v 51.373375 -1.270999 -0.857125
v 51.320801 -1.170361 -0.491162
v 51.320801 -1.268593 -0.857769
v 51.254013 -1.122441 -0.896931
v 51.269440 -1.040850 -0.525864
v 51.269440 -1.139081 -0.892472
v 51.289604 -1.053964 -0.522351
v 51.289604 -1.152196 -0.888958
v 51.373375 -1.172766 -0.490518
v 51.254013 -1.024209 -0.530324
v 51.137848 -1.086961 -0.513510
v 51.242096 -1.004077 -0.535718
v 51.116005 -1.056757 -0.521603
v 51.164459 -1.112794 -0.506587
v 51.099022 -1.022167 -0.530871
v 51.195709 -1.134243 -0.500840
v 51.233574 -0.980436 -0.542053
v 51.086334 -0.983224 -0.541306
v 51.231979 -1.151101 -0.496323
v 51.228348 -0.953290 -0.549326
v 51.077271 -0.940009 -0.552885
v 51.273666 -1.163138 -0.493098
v 51.225174 -0.923050 -0.557429
v 51.071831 -0.892640 -0.565577
v 51.315674 -1.063467 -0.519804
v 51.221550 -0.853803 -0.575984
v 51.070023 -0.841220 -0.579355
v 51.222908 -0.889958 -0.566296
v 51.347626 -1.069248 -0.518255
v 51.221092 -0.814369 -0.586550
v 51.385468 -1.071201 -0.517732
v 51.468857 -1.071201 -0.517732
v 51.070023 -0.468806 -0.679143
v 51.616310 -1.071201 -0.517732
v 51.616310 -1.172766 -0.490518
v 51.221092 -0.486315 -0.674452
v 51.221771 -0.448868 -0.684486
v 51.071831 -0.419338 -0.692399
v 51.223816 -0.415248 -0.693495
v 51.077271 -0.374245 -0.704481
v 51.227219 -0.385354 -0.701505
v 51.086334 -0.333528 -0.715391
v 51.231979 -0.359068 -0.708548
v 51.099022 -0.297198 -0.725126
v 51.238976 -0.336285 -0.714652
v 51.116714 -0.265056 -0.733738
v 51.139061 -0.237070 -0.741237
v 51.249046 -0.316892 -0.719848
v 51.166153 -0.213466 -0.747562
v 51.468857 -0.920603 -0.558085
v 51.616310 -0.920603 -0.558085
v 51.468857 -0.265675 -0.733572
v 51.262054 -0.300786 -0.724164
v 51.198128 -0.194460 -0.752654
v 51.277901 -0.287856 -0.727629
v 51.235725 -0.179814 -0.756579
v 51.298332 -0.277985 -0.730274
v 51.279564 -0.169212 -0.759419
v 51.323524 -0.271072 -0.732126
v 51.329514 -0.162776 -0.761144
v 51.353699 -0.267004 -0.733217
v 51.389091 -0.265675 -0.733572
v 51.385468 -0.160605 -0.761725
v 51.616310 -0.160605 -0.761725
v 51.116005 -1.154989 -0.888210
v 51.137848 -1.185192 -0.880117
v 51.164459 -1.211026 -0.873194
v 51.099022 -1.120399 -0.897478
v 51.195709 -1.232474 -0.867447
v 51.086334 -1.081456 -0.907913
v 51.231979 -1.249333 -0.862930
v 51.077271 -1.038241 -0.919492
v 51.071831 -0.990872 -0.932184
v 51.273666 -1.261370 -0.859705
v 51.070023 -0.939452 -0.945963
v 51.242096 -1.102309 -0.902326
v 51.233574 -1.078668 -0.908660
v 51.228348 -1.051522 -0.915933
v 51.315674 -1.161699 -0.886411
v 51.225174 -1.021282 -0.924036
v 51.347626 -1.167480 -0.884863
v 51.222908 -0.988190 -0.932903
v 51.385468 -1.169433 -0.884339
v 51.221550 -0.952035 -0.942590
v 51.070023 -0.567037 -1.045751
v 51.221092 -0.912601 -0.953157
v 51.616310 -1.270999 -0.857125
v 51.468857 -1.169433 -0.884339
v 51.221092 -0.584548 -1.041059
v 51.071831 -0.517570 -1.059006
v 51.616310 -1.169433 -0.884339
v 51.077271 -0.472476 -1.071089
v 51.086334 -0.431760 -1.081998
v 51.099022 -0.395429 -1.091733
v 51.468857 -1.018835 -0.924691
v 51.616310 -1.018835 -0.924691
v 51.221771 -0.547099 -1.051093
v 51.116714 -0.363288 -1.100345
v 51.223816 -0.513480 -1.060102
v 51.227219 -0.483586 -1.068112
v 51.139061 -0.335302 -1.107844
v 51.231979 -0.457299 -1.075155
v 51.238976 -0.434517 -1.081259
v 51.166153 -0.311698 -1.114169
v 51.249046 -0.415124 -1.086456
v 51.262054 -0.399019 -1.090771
v 51.198128 -0.292692 -1.119262
v 51.468857 -0.363906 -1.100180
v 51.277901 -0.386088 -1.094236
v 51.235725 -0.278045 -1.123186
v 51.298332 -0.376217 -1.096881
v 51.323524 -0.369304 -1.098733
v 51.279564 -0.267444 -1.126026
v 51.353699 -0.365236 -1.099823
v 51.389091 -0.363906 -1.100180
v 51.329514 -0.261008 -1.127751
v 51.616310 -0.258837 -1.128333
v 51.385468 -0.258837 -1.128333
vt 0.488712 0.694938
vt 0.473101 0.694938
vt 0.473101 0.690439
vt 0.488712 0.690439
vt 0.603579 0.741530
vt 0.587968 0.741530
vt 0.587968 0.740210
vt 0.603579 0.740210
vt 0.603579 0.743255
vt 0.587968 0.743255
vt 0.502044 0.665731
vt 0.497257 0.665539
vt 0.492982 0.664969
vt 0.489232 0.664029
vt 0.486014 0.662731
vt 0.483278 0.661048
vt 0.480960 0.658957
vt 0.479048 0.656478
vt 0.477535 0.653631
vt 0.476448 0.650412
vt 0.475673 0.646805
vt 0.475207 0.642810
vt 0.475052 0.638428
vt 0.475052 0.605437
vt 0.475207 0.600882
vt 0.475673 0.596685
vt 0.476448 0.592857
vt 0.477535 0.589408
vt 0.478987 0.586343
vt 0.480856 0.583667
vt 0.483133 0.581379
vt 0.485808 0.579479
vt 0.488911 0.577986
vt 0.492478 0.576919
vt 0.496511 0.576279
vt 0.501010 0.576066
vt 0.521798 0.576066
vt 0.521798 0.585063
vt 0.509180 0.585063
vt 0.502044 0.585063
vt 0.498807 0.585237
vt 0.496072 0.585749
vt 0.493842 0.586591
vt 0.492117 0.587753
vt 0.490796 0.589226
vt 0.489777 0.591010
vt 0.489048 0.593104
vt 0.488600 0.595509
vt 0.488328 0.598188
vt 0.488135 0.601120
vt 0.488019 0.604323
vt 0.487980 0.607816
vt 0.487980 0.636877
vt 0.488038 0.640194
vt 0.488212 0.643172
vt 0.488503 0.645821
vt 0.488911 0.648149
vt 0.489510 0.650168
vt 0.490371 0.651886
vt 0.491484 0.653313
vt 0.492840 0.654458
vt 0.494589 0.655332
vt 0.496744 0.655945
vt 0.499327 0.656305
vt 0.502355 0.656423
vt 0.509180 0.656423
vt 0.509180 0.598404
vt 0.521798 0.598404
vt 0.521798 0.665731
vt 0.488712 0.710593
vt 0.488712 0.712462
vt 0.473101 0.712462
vt 0.473101 0.710593
vt 0.488712 0.708316
vt 0.473101 0.708316
vt 0.287000 0.576067
vt 0.287000 0.579131
vt 0.271389 0.579131
vt 0.271389 0.576067
vt 0.488712 0.705642
vt 0.473101 0.705642
vt 0.287000 0.582581
vt 0.271389 0.582581
vt 0.488712 0.702539
vt 0.473101 0.702539
vt 0.287000 0.586409
vt 0.271389 0.586409
vt 0.287000 0.590605
vt 0.271389 0.590605
vt 0.488712 0.698972
vt 0.473101 0.698972
vt 0.287000 0.595161
vt 0.271389 0.595161
vt 0.197421 0.649097
vt 0.197421 0.647313
vt 0.213032 0.647313
vt 0.213032 0.649097
vt 0.197421 0.651191
vt 0.213032 0.651191
vt 0.197421 0.653596
vt 0.213032 0.653596
vt 0.603579 0.745486
vt 0.587968 0.745486
vt 0.197421 0.656275
vt 0.213032 0.656275
vt 0.603579 0.748220
vt 0.587968 0.748220
vt 0.197421 0.659207
vt 0.213032 0.659207
vt 0.603579 0.751458
vt 0.587968 0.751458
vt 0.197421 0.662409
vt 0.213032 0.662409
vt 0.287000 0.628152
vt 0.271389 0.628152
vt 0.197421 0.665903
vt 0.213032 0.665903
vt 0.488712 0.669652
vt 0.473101 0.669652
vt 0.603579 0.758594
vt 0.587968 0.758594
vt 0.197421 0.694964
vt 0.213032 0.694964
vt 0.287000 0.632534
vt 0.271389 0.632534
vt 0.603579 0.771211
vt 0.587968 0.771211
vt 0.287000 0.636529
vt 0.271389 0.636529
vt 0.928063 0.979243
vt 0.937060 0.979243
vt 0.937060 0.994853
vt 0.928063 0.994853
vt 0.287000 0.640136
vt 0.271389 0.640136
vt 0.287000 0.643354
vt 0.271389 0.643354
vt 0.922036 0.994853
vt 0.909418 0.994853
vt 0.909418 0.979243
vt 0.922036 0.979243
vt 0.197421 0.698282
vt 0.213032 0.698282
vt 0.287000 0.646202
vt 0.271389 0.646202
vt 0.197421 0.701260
vt 0.213032 0.701260
vt 0.197421 0.703908
vt 0.213032 0.703908
vt 0.511685 0.669652
vt 0.511685 0.671564
vt 0.496074 0.671564
vt 0.496074 0.669652
vt 0.197421 0.706237
vt 0.213032 0.706237
vt 0.197421 0.708255
vt 0.213032 0.708255
vt 0.511685 0.673882
vt 0.496074 0.673882
vt 0.197421 0.709973
vt 0.213032 0.709973
vt 0.971151 0.970511
vt 0.971151 0.971624
vt 0.955540 0.971624
vt 0.955540 0.970511
vt 0.511685 0.676618
vt 0.496074 0.676618
vt 0.281952 0.650123
vt 0.281952 0.708141
vt 0.266341 0.708141
vt 0.266341 0.650123
vt 0.971151 0.969155
vt 0.955540 0.969155
vt 0.511685 0.679835
vt 0.496074 0.679835
vt 0.971151 0.967407
vt 0.955540 0.967407
vt 0.971151 0.965251
vt 0.955540 0.965251
vt 0.511685 0.683586
vt 0.496074 0.683586
vt 0.971151 0.962669
vt 0.955540 0.962669
vt 0.971151 0.959640
vt 0.955540 0.959640
vt 0.511685 0.687861
vt 0.496074 0.687861
vt 0.206475 0.643393
vt 0.206475 0.576067
vt 0.222086 0.576067
vt 0.222086 0.643393
vt 0.971151 0.952815
vt 0.955540 0.952815
vt 0.511685 0.692648
vt 0.496074 0.692648
vt 0.511685 0.712401
vt 0.496074 0.712401
vt 0.434897 0.585063
vt 0.422280 0.585063
vt 0.422280 0.576066
vt 0.443067 0.576066
vt 0.447566 0.576279
vt 0.451599 0.576919
vt 0.455167 0.577985
vt 0.458270 0.579479
vt 0.460944 0.581378
vt 0.463221 0.583667
vt 0.465090 0.586343
vt 0.466543 0.589407
vt 0.467629 0.592857
vt 0.468405 0.596685
vt 0.468870 0.600881
vt 0.469025 0.605437
vt 0.469025 0.638428
vt 0.468870 0.642810
vt 0.468405 0.646805
vt 0.467629 0.650412
vt 0.466543 0.653630
vt 0.465029 0.656477
vt 0.463117 0.658957
vt 0.460799 0.661048
vt 0.458063 0.662731
vt 0.454845 0.664029
vt 0.451095 0.664968
vt 0.446820 0.665539
vt 0.442033 0.665730
vt 0.422280 0.665730
vt 0.422280 0.598404
vt 0.434897 0.598404
vt 0.434897 0.656422
vt 0.441722 0.656422
vt 0.444751 0.656305
vt 0.447333 0.655945
vt 0.449489 0.655332
vt 0.451237 0.654458
vt 0.452593 0.653312
vt 0.453706 0.651886
vt 0.454567 0.650168
vt 0.455167 0.648149
vt 0.455574 0.645821
vt 0.455865 0.643172
vt 0.456040 0.640194
vt 0.456098 0.636877
vt 0.456098 0.607815
vt 0.456059 0.604322
vt 0.455942 0.601119
vt 0.455749 0.598188
vt 0.455477 0.595509
vt 0.455030 0.593104
vt 0.454300 0.591010
vt 0.453281 0.589226
vt 0.451961 0.587753
vt 0.450235 0.586591
vt 0.448005 0.585748
vt 0.445271 0.585236
vt 0.442033 0.585063
vn -0.099504 -0.961132 0.257535
vn -0.099504 -0.961132 0.257535
vn -0.008435 -0.965891 0.258810
vn -0.008435 -0.965891 0.258810
vn 0.654319 0.730451 -0.195724
vn 0.654319 0.730451 -0.195724
vn 0.812206 0.563492 -0.150987
vn 0.812206 0.563492 -0.150987
vn 0.451872 0.861686 -0.230888
vn 0.451872 0.861686 -0.230888
vn 0.654319 0.730451 -0.195724
vn 0.654319 0.730451 -0.195724
vn 0.000000 0.258819 0.965926
vn 0.000000 0.258819 0.965926
vn 0.000000 0.258819 0.965926
vn 0.000000 0.258819 0.965926
vn 0.000000 0.258819 0.965926
vn 0.000000 0.258819 0.965926
vn 0.000000 0.258819 0.965926
vn 0.000000 0.258819 0.965926
vn 0.000000 0.258819 0.965926
vn 0.000000 0.258819 0.965926
vn 0.000000 0.258819 0.965926
vn 0.000000 0.258819 0.965926
vn 0.000000 0.258819 0.965926
vn 0.000000 0.258819 0.965926
vn 0.000000 0.258819 0.965926
vn 0.000000 0.258819 0.965926
vn 0.000000 0.258819 0.965926
vn 0.000000 0.258819 0.965926
vn 0.000000 0.258819 0.965926
vn 0.000000 0.258819 0.965926
vn 0.000000 0.258819 0.965926
vn 0.000000 0.258819 0.965926
vn 0.000000 0.258819 0.965926
vn 0.000000 0.258819 0.965926
vn 0.000000 0.258819 0.965926
vn 0.000000 0.258819 0.965926
vn 0.000000 0.258819 0.965926
vn 0.000000 0.258819 0.965926
vn 0.000000 0.258819 0.965926
vn 0.000000 0.258819 0.965926
vn 0.000000 0.258819 0.965926
vn 0.000000 0.258819 0.965926
vn 0.000000 0.258819 0.965926
vn 0.000000 0.258819 0.965926
vn 0.000000 0.258819 0.965926
vn 0.000000 0.258819 0.965926
vn 0.000000 0.258819 0.965926
vn 0.000000 0.258819 0.965926
vn 0.000000 0.258819 0.965926
vn 0.000000 0.258819 0.965926
vn 0.000000 0.258819 0.965926
vn 0.000000 0.258819 0.965926
vn 0.000000 0.258819 0.965926
vn 0.000000 0.258819 0.965926
vn 0.000000 0.258819 0.965926
vn 0.000000 0.258819 0.965926
vn 0.000000 0.258819 0.965926
vn 0.000000 0.258819 0.965926
vn 0.000000 0.258819 0.965926
vn 0.000000 0.258819 0.965926
vn 0.000000 0.258819 0.965926
vn 0.000000 0.258819 0.965926
vn 0.000000 0.258819 0.965926
vn 0.000000 0.258819 0.965926
vn 0.000000 0.258819 0.965926
vn 0.000000 0.258819 0.965926
vn 0.000000 0.258819 0.965926
vn 0.000000 0.258819 0.965926
vn 0.000000 0.258819 0.965926
vn -0.767483 -0.619225 0.165921
vn -0.865471 -0.483890 0.129658
vn -0.865471 -0.483890 0.129658
vn -0.767483 -0.619225 0.165921
vn -0.645853 -0.737448 0.197599
vn -0.767483 -0.619225 0.165921
vn -0.767483 -0.619225 0.165921
vn -0.645853 -0.737448 0.197599
vn -0.865471 -0.483890 0.129658
vn -0.931740 -0.350754 0.093984
vn -0.931740 -0.350754 0.093984
vn -0.865471 -0.483890 0.129658
vn -0.506493 -0.832864 0.223165
vn -0.645853 -0.737448 0.197599
vn -0.645853 -0.737448 0.197599
vn -0.506493 -0.832864 0.223165
vn -0.931740 -0.350754 0.093984
vn -0.968812 -0.239353 0.064134
vn -0.968812 -0.239353 0.064134
vn -0.931740 -0.350754 0.093984
vn -0.358252 -0.901812 0.241640
vn -0.506493 -0.832864 0.223165
vn -0.506493 -0.832864 0.223165
vn -0.358252 -0.901812 0.241640
vn -0.968812 -0.239353 0.064134
vn -0.988252 -0.147627 0.039557
vn -0.988252 -0.147627 0.039557
vn -0.968812 -0.239353 0.064134
vn -0.988252 -0.147627 0.039557
vn -0.997496 -0.068314 0.018305
vn -0.997496 -0.068314 0.018305
vn -0.988252 -0.147627 0.039557
vn -0.219038 -0.942470 0.252534
vn -0.358252 -0.901812 0.241640
vn -0.358252 -0.901812 0.241640
vn -0.219038 -0.942470 0.252534
vn -0.997496 -0.068314 0.018305
vn -0.999991 -0.003991 0.001069
vn -0.999991 -0.003991 0.001069
vn -0.997496 -0.068314 0.018305
vn -0.099504 -0.961132 0.257535
vn -0.219038 -0.942470 0.252534
vn -0.219038 -0.942470 0.252534
vn -0.099504 -0.961132 0.257535
vn 0.911637 0.396992 -0.106374
vn 0.812206 0.563492 -0.150987
vn 0.812206 0.563492 -0.150987
vn 0.911637 0.396992 -0.106374
vn 0.967470 0.244368 -0.065478
vn 0.911637 0.396992 -0.106374
vn 0.911637 0.396992 -0.106374
vn 0.967470 0.244368 -0.065478
vn 0.990144 0.135283 -0.036249
vn 0.967470 0.244368 -0.065478
vn 0.967470 0.244368 -0.065478
vn 0.990144 0.135283 -0.036249
vn 0.451872 0.861686 -0.230888
vn 0.263170 0.931876 -0.249696
vn 0.263170 0.931876 -0.249696
vn 0.451872 0.861686 -0.230888
vn 0.996577 0.079848 -0.021395
vn 0.990144 0.135283 -0.036249
vn 0.990144 0.135283 -0.036249
vn 0.996577 0.079848 -0.021395
vn 0.263170 0.931876 -0.249696
vn 0.113971 0.959632 -0.257133
vn 0.113971 0.959632 -0.257133
vn 0.263170 0.931876 -0.249696
vn 0.998723 0.048794 -0.013074
vn 0.996577 0.079848 -0.021395
vn 0.996577 0.079848 -0.021395
vn 0.998723 0.048794 -0.013074
vn 0.113971 0.959632 -0.257133
vn 0.016664 0.965792 -0.258783
vn 0.016664 0.965792 -0.258783
vn 0.113971 0.959632 -0.257133
vn 0.999732 0.022371 -0.005994
vn 0.998723 0.048794 -0.013074
vn 0.998723 0.048794 -0.013074
vn 0.999732 0.022371 -0.005994
vn -0.999991 -0.003991 0.001069
vn -0.999991 0.004010 -0.001074
vn -0.999991 0.004010 -0.001074
vn -0.999991 -0.003991 0.001069
vn 0.999999 0.001150 -0.000308
vn 0.999732 0.022371 -0.005994
vn 0.999732 0.022371 -0.005994
vn 0.999999 0.001150 -0.000308
vn 0.000000 -0.965926 0.258819
vn -0.008435 -0.965891 0.258810
vn -0.008435 -0.965891 0.258810
vn 0.000000 -0.965926 0.258819
vn 0.016664 0.965792 -0.258783
vn 0.000000 0.965926 -0.258819
vn 0.000000 0.965926 -0.258819
vn 0.016664 0.965792 -0.258783
vn 0.999998 -0.001736 0.000465
vn 0.999999 0.001150 -0.000308
vn 0.999999 0.001150 -0.000308
vn 0.999998 -0.001736 0.000465
vn -0.999991 0.004010 -0.001074
vn -0.997268 0.071355 -0.019119
vn -0.997268 0.071355 -0.019119
vn -0.999991 0.004010 -0.001074
vn 0.000000 0.965926 -0.258819
vn 0.000000 0.965926 -0.258819
vn 0.000000 0.965926 -0.258819
vn 0.000000 0.965926 -0.258819
vn -0.997268 0.071355 -0.019119
vn -0.986933 0.155642 -0.041704
vn -0.986933 0.155642 -0.041704
vn -0.997268 0.071355 -0.019119
vn 1.000000 -0.000048 0.000000
vn 1.000000 -0.000048 0.000000
vn 1.000000 -0.000048 0.000000
vn 1.000000 -0.000048 0.000000
vn -0.986933 0.155642 -0.041704
vn -0.964764 0.254151 -0.068100
vn -0.964764 0.254151 -0.068100
vn -0.986933 0.155642 -0.041704
vn -0.964764 0.254151 -0.068100
vn -0.919132 0.380526 -0.101962
vn -0.919132 0.380526 -0.101962
vn -0.964764 0.254151 -0.068100
vn 0.000000 -0.965926 0.258819
vn 0.000000 -0.965926 0.258819
vn 0.000000 -0.965926 0.258819
vn 0.000000 -0.965926 0.258819
vn 0.999318 -0.035677 0.009560
vn 0.999998 -0.001736 0.000465
vn 0.999998 -0.001736 0.000465
vn 0.999318 -0.035677 0.009560
vn -0.919132 0.380526 -0.101962
vn -0.841046 0.522531 -0.140012
vn -0.841046 0.522531 -0.140012
vn -0.919132 0.380526 -0.101962
vn 0.996597 -0.079621 0.021334
vn 0.999318 -0.035677 0.009560
vn 0.999318 -0.035677 0.009560
vn 0.996597 -0.079621 0.021334
vn 0.990306 -0.134167 0.035950
vn 0.996597 -0.079621 0.021334
vn 0.996597 -0.079621 0.021334
vn 0.990306 -0.134167 0.035950
vn -0.841046 0.522531 -0.140012
vn -0.733828 0.656187 -0.175825
vn -0.733828 0.656187 -0.175825
vn -0.841046 0.522531 -0.140012
vn 0.974214 -0.217938 0.058396
vn 0.990306 -0.134167 0.035950
vn 0.990306 -0.134167 0.035950
vn 0.974214 -0.217938 0.058396
vn 0.931338 -0.351748 0.094251
vn 0.974214 -0.217938 0.058396
vn 0.974214 -0.217938 0.058396
vn 0.931338 -0.351748 0.094251
vn -0.733828 0.656187 -0.175825
vn -0.598360 0.773926 -0.207373
vn -0.598360 0.773926 -0.207373
vn -0.733828 0.656187 -0.175825
vn 0.846872 -0.513676 0.137639
vn 0.931338 -0.351748 0.094251
vn 0.931338 -0.351748 0.094251
vn 0.846872 -0.513676 0.137639
vn 0.721460 -0.668861 0.179221
vn 0.846872 -0.513676 0.137639
vn 0.846872 -0.513676 0.137639
vn 0.721460 -0.668861 0.179221
vn -0.598360 0.773926 -0.207373
vn -0.447795 0.863669 -0.231419
vn -0.447795 0.863669 -0.231419
vn -0.598360 0.773926 -0.207373
vn -1.000000 0.000000 0.000000
vn -1.000000 0.000000 0.000000
vn -1.000000 0.000000 0.000000
vn -1.000000 0.000000 0.000000
vn 0.545402 -0.809615 0.216936
vn 0.721460 -0.668861 0.179221
vn 0.721460 -0.668861 0.179221
vn 0.545402 -0.809615 0.216936
vn -0.447795 0.863669 -0.231419
vn -0.305609 0.919713 -0.246436
vn -0.305609 0.919713 -0.246436
vn -0.447795 0.863669 -0.231419
vn 0.355866 -0.902693 0.241876
vn 0.545402 -0.809615 0.216936
vn 0.545402 -0.809615 0.216936
vn 0.355866 -0.902693 0.241876
vn 0.201125 -0.946188 0.253530
vn 0.355866 -0.902693 0.241876
vn 0.355866 -0.902693 0.241876
vn 0.201125 -0.946188 0.253530
vn -0.305609 0.919713 -0.246436
vn -0.184839 0.949282 -0.254359
vn -0.184839 0.949282 -0.254359
vn -0.305609 0.919713 -0.246436
vn 0.084945 -0.962435 0.257884
vn 0.201125 -0.946188 0.253530
vn 0.201125 -0.946188 0.253530
vn 0.084945 -0.962435 0.257884
vn 0.011970 -0.965857 0.258800
vn 0.084945 -0.962435 0.257884
vn 0.084945 -0.962435 0.257884
vn 0.011970 -0.965857 0.258800
vn -0.184839 0.949282 -0.254359
vn -0.083869 0.962523 -0.257907
vn -0.083869 0.962523 -0.257907
vn -0.184839 0.949282 -0.254359
vn 1.000000 0.000000 0.000000
vn 1.000000 0.000000 0.000000
vn 1.000000 0.000000 0.000000
vn 1.000000 0.000000 0.000000
vn 0.000000 -0.965926 0.258819
vn 0.011970 -0.965857 0.258800
vn 0.011970 -0.965857 0.258800
vn 0.000000 -0.965926 0.258819
vn -0.083869 0.962523 -0.257907
vn -0.007836 0.965896 -0.258811
vn -0.007836 0.965896 -0.258811
vn -0.083869 0.962523 -0.257907
vn -0.007836 0.965896 -0.258811
vn 0.000000 0.965926 -0.258819
vn 0.000000 0.965926 -0.258819
vn -0.007836 0.965896 -0.258811
vn 0.000000 -0.258819 -0.965926
vn 0.000000 -0.258819 -0.965926
vn 0.000000 -0.258819 -0.965926
vn 0.000000 -0.258819 -0.965926
vn 0.000000 -0.258819 -0.965926
vn 0.000000 -0.258819 -0.965926
vn 0.000000 -0.258819 -0.965926
vn 0.000000 -0.258819 -0.965926
vn 0.000000 -0.258819 -0.965926
vn 0.000000 -0.258819 -0.965926
vn 0.000000 -0.258819 -0.965926
vn 0.000000 -0.258819 -0.965926
vn 0.000000 -0.258819 -0.965926
vn 0.000000 -0.258819 -0.965926
vn 0.000000 -0.258819 -0.965926
vn 0.000000 -0.258819 -0.965926
vn 0.000000 -0.258819 -0.965926
vn 0.000000 -0.258819 -0.965926
vn 0.000000 -0.258819 -0.965926
vn 0.000000 -0.258819 -0.965926
vn 0.000000 -0.258819 -0.965926
vn 0.000000 -0.258819 -0.965926
vn 0.000000 -0.258819 -0.965926
vn 0.000000 -0.258819 -0.965926
vn 0.000000 -0.258819 -0.965926
vn 0.000000 -0.258819 -0.965926
vn 0.000000 -0.258819 -0.965926
vn 0.000000 -0.258819 -0.965926
vn 0.000000 -0.258819 -0.965926
vn 0.000000 -0.258819 -0.965926
vn 0.000000 -0.258819 -0.965926
vn 0.000000 -0.258819 -0.965926
vn 0.000000 -0.258819 -0.965926
vn 0.000000 -0.258819 -0.965926
vn 0.000000 -0.258819 -0.965926
vn 0.000000 -0.258819 -0.965926
vn 0.000000 -0.258819 -0.965926
vn 0.000000 -0.258819 -0.965926
vn 0.000000 -0.258819 -0.965926
vn 0.000000 -0.258819 -0.965926
vn 0.000000 -0.258819 -0.965926
vn 0.000000 -0.258819 -0.965926
vn 0.000000 -0.258819 -0.965926
vn 0.000000 -0.258819 -0.965926
vn 0.000000 -0.258819 -0.965926
vn 0.000000 -0.258819 -0.965926
vn 0.000000 -0.258819 -0.965926
vn 0.000000 -0.258819 -0.965926
vn 0.000000 -0.258819 -0.965926
vn 0.000000 -0.258819 -0.965926
vn 0.000000 -0.258819 -0.965926
vn 0.000000 -0.258819 -0.965926
vn 0.000000 -0.258819 -0.965926
vn 0.000000 -0.258819 -0.965926
vn 0.000000 -0.258819 -0.965926
vn 0.000000 -0.258819 -0.965926
vn 0.000000 -0.258819 -0.965926
vn 0.000000 -0.258819 -0.965926
vn 0.000000 -0.258819 -0.965926
s off
g polySurface20 polySurface31
usemtl blinn3SG
f 1748/3759/4803 1749/3760/4804 1747/3761/4805 1755/3762/4806
f 1751/3763/4807 1752/3764/4808 1750/3765/4809 1756/3766/4810
f 1753/3767/4811 1754/3768/4812 1752/3764/4813 1751/3763/4814
f 1809/3769/4815 1806/3770/4816 1804/3771/4817 1802/3772/4818 1800/3773/4819 1795/3774/4820 1793/3775/4821 1792/3776/4822 1790/3777/4823 1788/3778/4824 1786/3779/4825 1784/3780/4826 1779/3781/4827 1773/3782/4828 1770/3783/4829 1767/3784/4830 1764/3785/4831 1761/3786/4832 1759/3787/4833 1757/3788/4834 1760/3789/4835 1762/3790/4836 1765/3791/4837 1768/3792/4838 1748/3793/4839 1755/3794/4840 1781/3795/4841 1780/3796/4842 1778/3797/4843 1777/3798/4844 1775/3799/4845 1771/3800/4846 1753/3801/4847 1751/3802/4848 1756/3803/4849 1758/3804/4850 1763/3805/4851 1766/3806/4852 1769/3807/4853 1774/3808/4854 1772/3809/4855 1776/3810/4856 1782/3811/4857 1783/3812/4858 1785/3813/4859 1787/3814/4860 1789/3815/4861 1791/3816/4862 1794/3817/4863 1799/3818/4864 1801/3819/4865 1803/3820/4866 1805/3821/4867 1807/3822/4868 1808/3823/4869 1798/3824/4870 1796/3825/4871 1797/3826/4872 1810/3827/4873
f 1757/3828/4874 1759/3829/4875 1811/3830/4876 1812/3831/4877
f 1760/3832/4878 1757/3828/4879 1812/3831/4880 1813/3833/4881
f 1759/3834/4882 1761/3835/4883 1814/3836/4884 1811/3837/4885
f 1762/3838/4886 1760/3832/4887 1813/3833/4888 1815/3839/4889
f 1761/3835/4890 1764/3840/4891 1816/3841/4892 1814/3836/4893
f 1765/3842/4894 1762/3838/4895 1815/3839/4896 1817/3843/4897
f 1764/3840/4898 1767/3844/4899 1818/3845/4900 1816/3841/4901
f 1767/3844/4902 1770/3846/4903 1819/3847/4904 1818/3845/4905
f 1768/3848/4906 1765/3842/4907 1817/3843/4908 1820/3849/4909
f 1770/3846/4910 1773/3850/4911 1821/3851/4912 1819/3847/4913
f 1748/3759/4914 1768/3848/4915 1820/3849/4916 1749/3760/4917
f 1758/3852/4918 1756/3853/4919 1750/3854/4920 1822/3855/4921
f 1763/3856/4922 1758/3852/4923 1822/3855/4924 1823/3857/4925
f 1766/3858/4926 1763/3856/4927 1823/3857/4928 1824/3859/4929
f 1753/3767/4930 1771/3860/4931 1825/3861/4932 1754/3768/4933
f 1769/3862/4934 1766/3858/4935 1824/3859/4936 1826/3863/4937
f 1771/3860/4938 1775/3864/4939 1827/3865/4940 1825/3861/4941
f 1774/3866/4942 1769/3862/4943 1826/3863/4944 1828/3867/4945
f 1775/3864/4946 1777/3868/4947 1829/3869/4948 1827/3865/4949
f 1772/3870/4950 1774/3866/4951 1828/3867/4952 1830/3871/4953
f 1773/3850/4954 1779/3872/4955 1831/3873/4956 1821/3851/4957
f 1776/3874/4958 1772/3870/4959 1830/3871/4960 1832/3875/4961
f 1781/3876/4962 1755/3762/4963 1747/3761/4964 1833/3877/4965
f 1777/3868/4966 1778/3878/4967 1834/3879/4968 1829/3869/4969
f 1782/3880/4970 1776/3874/4971 1832/3875/4972 1835/3881/4973
f 1779/3872/4974 1784/3882/4975 1836/3883/4976 1831/3873/4977
f 1778/3878/4978 1780/3884/4979 1837/3885/4980 1834/3879/4981
f 1784/3882/4982 1786/3886/4983 1838/3887/4984 1836/3883/4985
f 1780/3888/4986 1781/3889/4987 1833/3890/4988 1837/3891/4989
f 1786/3886/4990 1788/3892/4991 1839/3893/4992 1838/3887/4993
f 1788/3892/4994 1790/3894/4995 1840/3895/4996 1839/3893/4997
f 1797/3896/4998 1796/3897/4999 1841/3898/5000 1842/3899/5001
f 1783/3900/5002 1782/3880/5003 1835/3881/5004 1843/3901/5005
f 1790/3894/5006 1792/3902/5007 1844/3903/5008 1840/3895/5009
f 1785/3904/5010 1783/3900/5011 1843/3901/5012 1845/3905/5013
f 1787/3906/5014 1785/3904/5015 1845/3905/5016 1846/3907/5017
f 1792/3908/5018 1793/3909/5019 1847/3910/5020 1844/3911/5021
f 1789/3912/5022 1787/3906/5023 1846/3907/5024 1848/3913/5025
f 1791/3914/5026 1789/3912/5027 1848/3913/5028 1849/3915/5029
f 1793/3909/5030 1795/3916/5031 1850/3917/5032 1847/3910/5033
f 1794/3918/5034 1791/3914/5035 1849/3915/5036 1851/3919/5037
f 1799/3920/5038 1794/3921/5039 1851/3922/5040 1852/3923/5041
f 1795/3916/5042 1800/3924/5043 1853/3925/5044 1850/3917/5045
f 1796/3926/5046 1798/3927/5047 1854/3928/5048 1841/3929/5049
f 1801/3930/5050 1799/3920/5051 1852/3923/5052 1855/3931/5053
f 1800/3924/5054 1802/3932/5055 1856/3933/5056 1853/3925/5057
f 1803/3934/5058 1801/3930/5059 1855/3931/5060 1857/3935/5061
f 1805/3936/5062 1803/3934/5063 1857/3935/5064 1858/3937/5065
f 1802/3932/5066 1804/3938/5067 1859/3939/5068 1856/3933/5069
f 1807/3940/5070 1805/3936/5071 1858/3937/5072 1860/3941/5073
f 1808/3942/5074 1807/3940/5075 1860/3941/5076 1861/3943/5077
f 1804/3938/5078 1806/3944/5079 1862/3945/5080 1859/3939/5081
f 1810/3946/5082 1797/3947/5083 1842/3948/5084 1863/3949/5085
f 1798/3950/5086 1808/3942/5087 1861/3943/5088 1854/3951/5089
f 1806/3944/5090 1809/3952/5091 1864/3953/5092 1862/3945/5093
f 1809/3952/5094 1810/3954/5095 1863/3955/5096 1864/3953/5097
f 1834/3956/5098 1837/3957/5099 1833/3958/5100 1747/3959/5101 1749/3960/5102 1820/3961/5103 1817/3962/5104 1815/3963/5105 1813/3964/5106 1812/3965/5107 1811/3966/5108 1814/3967/5109 1816/3968/5110 1818/3969/5111 1819/3970/5112 1821/3971/5113 1831/3972/5114 1836/3973/5115 1838/3974/5116 1839/3975/5117 1840/3976/5118 1844/3977/5119 1847/3978/5120 1850/3979/5121 1853/3980/5122 1856/3981/5123 1859/3982/5124 1862/3983/5125 1864/3984/5126 1863/3985/5127 1842/3986/5128 1841/3987/5129 1854/3988/5130 1861/3989/5131 1860/3990/5132 1858/3991/5133 1857/3992/5134 1855/3993/5135 1852/3994/5136 1851/3995/5137 1849/3996/5138 1848/3997/5139 1846/3998/5140 1845/3999/5141 1843/4000/5142 1835/4001/5143 1832/4002/5144 1830/4003/5145 1828/4004/5146 1826/4005/5147 1824/4006/5148 1823/4007/5149 1822/4008/5150 1750/4009/5151 1752/4010/5152 1754/4011/5153 1825/4012/5154 1827/4013/5155 1829/4014/5156
g default
v 39.958141 -12.865890 3.558510
v 39.515633 -12.226191 3.387101
v 40.221806 -12.709014 3.184739
v 39.780998 -12.084368 3.029919
v 40.653732 -12.420465 2.683834
v 40.620407 -13.293324 3.673038
v 39.360241 -11.471610 3.184913
v 40.266716 -11.844229 2.536397
v 40.842625 -13.145587 3.333171
v 39.577564 -11.365911 2.899173
v 41.218822 -12.810901 2.805196
v 41.144211 -12.035738 2.316492
v 40.104412 -11.164952 2.386909
v 41.401604 -13.443419 3.713256
v 40.869484 -11.579251 2.196308
v 41.551544 -13.332708 3.461595
v 41.575092 -12.326735 2.398902
v 40.757671 -11.007636 2.051532
v 41.885586 -12.964006 2.887035
v 41.664711 -11.577297 2.103769
v 41.547928 -11.307451 2.031463
v 42.129417 -12.431879 2.437715
v 41.885681 -11.727468 2.144007
v 41.479977 -10.908399 1.924538
v 42.257751 -11.785358 2.159518
v 42.295135 -13.281134 4.318911
v 42.486656 -13.300382 4.247078
v 42.154930 -13.228548 4.515163
v 42.103615 -13.156714 4.783250
v 44.341698 -13.300382 4.247078
v 39.515633 -11.614930 5.668359
v 39.856701 -11.250710 5.543422
v 39.360241 -10.860351 5.466169
v 40.620407 -12.682062 5.954295
v 40.859077 -12.218933 5.802856
v 39.958141 -12.254629 5.839766
v 40.258198 -11.831119 5.698941
v 39.720287 -11.271645 5.683616
v 40.153790 -11.898377 5.851321
v 40.153790 -11.898314 5.851562
v 39.720287 -11.271699 5.683404
v 39.717163 -10.551891 5.356174
v 39.757298 -11.206718 5.869687
v 41.401604 -12.832157 5.994514
v 40.182442 -11.820798 6.034247
v 40.802570 -12.316979 5.964003
v 39.568062 -10.532486 5.485332
v 39.856701 -11.217120 5.668778
v 40.859077 -12.185344 5.928214
v 40.258198 -11.797529 5.824299
v 39.568062 -10.532267 5.486150
v 40.802570 -12.317109 5.963519
v 39.717163 -10.518305 5.481532
v 39.862694 -11.123552 6.019895
v 40.818752 -12.230987 6.144317
v 39.607086 -10.478683 5.675012
v 40.264030 -11.701780 6.174838
v 41.567863 -12.464147 6.002919
v 41.582546 -12.353718 5.838971
v 45.867664 -13.232143 4.501745
v 41.567863 -12.463931 6.003709
v 40.864830 -12.087776 6.278342
v 40.020435 -11.034813 6.111373
v 39.718224 -10.427691 5.833629
v 40.386139 -11.559381 6.251931
v 41.582546 -12.320128 5.964329
v 42.486656 -12.556532 4.047764
v 44.341698 -12.269168 5.120216
v 42.295135 -12.537285 4.119596
v 42.154930 -12.484701 4.315850
v 41.572372 -12.375513 6.183246
v 42.103615 -12.412864 4.583936
v 40.933792 -11.909149 6.345672
v 40.206497 -10.954008 6.130195
v 39.884548 -10.387064 5.937858
v 42.103615 -12.412834 4.584043
v 45.922955 -13.266690 4.372815
v 46.056431 -13.280999 4.319412
v 40.530178 -11.415276 6.253789
v 41.585209 -12.225317 6.315293
v 42.154930 -12.341005 4.852131
v 44.341698 -12.556532 4.047764
v 44.673424 -12.484701 4.315850
v 41.015137 -11.722302 6.336057
v 40.080742 -10.362978 5.971828
v 42.295135 -12.288420 5.048383
v 41.604427 -12.036215 6.379745
v 44.724739 -12.412864 4.583936
v 42.486656 -12.269168 5.120216
v 41.627094 -11.837003 6.366790
v 44.724739 -12.412834 4.584043
v 44.533218 -13.281134 4.318911
v 44.673424 -12.341005 4.852131
v 44.533218 -12.537285 4.119596
v 44.533218 -12.288420 5.048383
v 44.673424 -13.228548 4.515163
v 44.724739 -13.156714 4.783250
v 44.724739 -13.156686 4.783357
v 44.673424 -13.084852 5.051444
v 44.533218 -13.032267 5.247696
v 57.584595 -13.332718 3.461614
v 57.247349 -12.957957 2.884769
v 56.854919 -11.734299 2.145836
v 53.054638 -13.280999 4.319412
v 40.098598 17.445679 -5.278879
v 39.360241 18.108768 -4.741127
v 40.735134 17.144611 -5.491973
v 45.922955 -11.954323 4.883908
v 45.867664 -11.988868 4.754979
v 46.056431 -11.940014 4.937312
v 41.431816 17.000435 -5.553612
v 41.782204 6.648184 1.413699
v 42.318764 6.488905 1.456377
v 57.568260 -12.463933 6.003694
v 46.056431 -12.184317 4.025559
v 53.054638 -11.940014 4.937312
v 45.922955 -12.170008 4.078962
v 45.867664 -12.135459 4.207891
v 57.565205 -12.375372 6.183199
v 42.951679 6.432975 1.471364
v 57.556492 -12.224770 6.315141
v 44.900196 -6.270146 4.876520
v 45.934364 -7.422971 5.185418
v 44.244164 -4.882583 4.504724
v 57.543457 -12.035063 6.379434
v 47.262890 -8.247673 5.406397
v 44.019421 -3.372703 4.100152
v 39.607002 18.492798 -2.087870
v 48.778141 -8.677430 5.521550
v 39.717892 18.524761 -1.924158
v 56.995892 -12.408088 2.431412
v 45.934364 -7.838102 3.636131
v 44.900196 -6.685276 3.327231
v 39.883850 18.536921 -1.812300
v 57.734520 -13.443419 3.713256
v 40.079613 18.527420 -1.769333
v 53.054638 -12.184317 4.025559
v 53.243401 -12.135459 4.207891
v 47.262890 -8.662802 3.857108
v 50.357361 -8.677430 5.521550
v 53.243401 -11.988868 4.754979
v 53.188114 -11.954323 4.883908
v 51.872608 -8.247673 5.406397
v 57.705063 16.995275 -5.552232
v 41.423683 6.886564 1.349826
v 53.188114 -12.170008 4.078962
v 39.577568 17.874359 -4.935735
v 57.528080 -11.835131 6.366288
v 57.568260 -12.464147 6.002919
v 54.235306 -0.890393 1.774498
v 44.244164 -5.297713 2.955436
v 42.281204 17.816723 -5.772336
v 44.019421 -3.787833 2.550865
v 48.778141 -9.092560 3.972261
v 44.244167 -1.862820 3.695580
v 57.542194 -12.303782 2.392889
v 57.209515 -11.678128 2.130785
v 44.244167 -2.277951 2.146292
v 57.912224 -12.805182 2.803043
v 57.465988 -11.579844 2.104451
v 57.704308 -10.918008 1.927112
v 57.989429 -12.036887 2.316807
v 57.637733 -11.332052 2.038056
v 50.357361 -9.092560 3.972261
v 58.293537 -13.145611 3.333226
v 55.393925 -12.999103 5.371464
v 55.393925 -11.027136 4.843068
v 44.900200 -0.475260 3.323784
v 58.481762 -12.420760 2.683898
v 44.900200 -0.890390 1.774496
v 58.289680 -11.590633 2.199205
v 55.494896 -12.966332 5.493764
v 55.494896 -10.994367 4.965360
v 58.515717 -13.293324 3.673038
v 55.233356 -11.290940 3.858537
v 55.494896 -11.375821 3.541749
v 56.504326 -10.973683 5.042550
v 55.872833 -11.422929 3.365946
v 39.568062 18.445892 -2.278520
v 58.400990 -11.012049 2.052580
v 58.875294 -11.847197 2.537663
v 55.140015 -11.185093 4.253564
v 58.914322 -12.709016 3.184745
v 56.292313 -11.422931 3.365946
v 51.872608 -8.662802 3.857108
v 55.233356 -11.079247 4.648590
v 56.670250 -11.375821 3.541749
v 41.423683 6.791782 0.996094
v 41.782204 6.553403 1.059968
v 41.297791 7.072969 0.920751
v 59.177982 -12.865890 3.558510
v 45.934368 0.677567 3.014885
v 59.355118 -12.084362 3.029906
v 45.934368 0.262438 1.465598
v 59.037525 -11.166236 2.387660
v 56.504326 -12.945652 5.570946
v 56.931789 -11.290940 3.858537
v 56.670250 -12.966333 5.493763
v 56.670250 -10.994362 4.965375
v 56.292313 -10.947260 5.141164
v 55.872833 -10.947260 5.141164
v 59.620491 -12.226191 3.387101
v 57.025131 -11.185093 4.253564
v 59.558556 -11.365910 2.899171
v 53.201134 -7.838103 3.636130
v 56.931789 -11.079247 4.648590
v 47.262894 1.502266 2.793908
v 53.201134 -7.422975 5.185420
v 47.262894 1.087136 1.244620
v 59.775883 -11.471610 3.184913
v 54.235302 -6.685279 3.327232
v 54.235302 -6.270148 4.876521
v 57.553577 -12.353718 5.838971
v 57.734520 -12.832157 5.994514
v 58.277046 -12.218933 5.802856
v 58.333553 -12.317109 5.963519
v 57.553577 -12.320128 5.964329
v 58.277046 -12.185344 5.928214
v 58.515717 -12.682062 5.954295
v 58.319382 -12.230172 6.144084
v 58.333553 -12.316986 5.963979
v 58.279037 -12.084637 6.277492
v 56.878372 17.867786 -5.786018
v 48.778145 1.932022 2.678755
v 41.297791 18.095879 -2.032829
v 48.778145 1.516891 1.129467
v 58.218651 -11.902520 6.343894
v 42.318764 6.394124 1.102648
v 58.147419 -11.711566 6.333179
v 58.982334 -11.898377 5.851321
v 58.982334 -11.898320 5.851516
v 40.846443 17.718990 -5.654284
v 42.951679 6.338194 1.117635
v 40.260830 18.110405 -5.489453
v 58.954948 -11.819546 6.033879
v 54.891335 -5.297717 2.955437
v 54.891335 -4.882584 4.504724
v 39.781006 18.561924 -5.181741
v 58.876961 -11.696936 6.173526
v 41.498390 17.414478 -5.664555
v 58.760242 -11.549164 6.249190
v 50.357365 1.932021 2.678756
v 39.515633 18.863340 -4.943312
v 41.146694 18.164251 -5.775564
v 50.357365 1.516891 1.129469
v 59.279423 -11.217121 5.668778
v 58.877926 -11.797529 5.824300
v 59.415836 -11.271700 5.683404
v 58.622562 -11.398725 6.249354
v 40.654362 18.680239 -5.649589
v 41.670135 17.662273 -5.730951
v 59.415836 -11.271640 5.683627
v 41.926609 17.760551 -5.757285
v 59.379337 -11.205546 5.869380
v 40.221802 19.180300 -5.359973
v 59.275402 -11.119054 6.018692
v 59.119850 -11.025331 6.108831
v 41.593929 18.433435 -5.843123
v 55.116081 -3.787835 2.550865
v 59.620491 -11.614930 5.668359
v 59.775883 -10.860351 5.466169
v 59.279423 -11.250710 5.543422
v 41.223900 19.072737 -5.738619
v 58.936363 -10.938646 6.126077
v 39.958141 19.503038 -5.114720
v 51.872612 1.624642 2.761117
v 59.418961 -10.551891 5.356174
v 51.872612 1.209512 1.211830
v 53.201138 0.384813 1.432807
v 59.568062 -10.532255 5.486195
v 55.116081 -3.372704 4.100153
v 40.842587 19.632648 -5.449683
v 42.140232 18.543030 -5.861914
v 59.529171 -10.477162 5.674632
v 59.252663 -10.374780 5.934569
v 59.418415 -10.421864 5.832081
v 59.057140 -10.343079 5.966495
v 40.620407 19.930471 -5.229249
v 54.891335 -2.277955 2.146293
v 41.888775 19.245909 -5.744230
v 54.891335 -1.862824 3.695581
v 39.958141 20.114305 -2.833441
v 41.551529 19.858883 -5.432048
v 41.401604 20.080566 -5.269467
v 39.515633 19.474607 -2.662058
v 39.717163 18.397900 -2.400900
v 39.856701 19.096712 -2.588148
v 39.360241 18.720032 -2.459870
v 39.856701 19.130308 -2.462790
v 39.717163 18.431488 -2.275543
v 58.401421 17.142212 -5.491368
v 39.756897 19.220921 -2.283249
v 39.720287 19.184994 -2.477011
v 39.861153 19.221537 -2.110989
v 40.258198 19.677130 -2.743643
v 40.017185 19.186754 -1.986459
v 40.153790 19.811567 -2.645306
v 39.720287 19.184885 -2.477415
v 40.258198 19.710720 -2.618283
v 41.401604 20.691833 -2.988213
v 40.181389 19.834812 -2.447976
v 57.250443 17.809895 -5.770506
v 40.201237 19.121859 -1.928612
v 59.037590 17.445000 -5.278777
v 57.588196 17.389877 -5.657961
v 57.471413 17.659725 -5.730268
v 56.184444 6.432975 1.471364
v 56.184444 6.338194 1.117635
v 40.259983 19.799231 -2.265891
v 40.377605 19.710239 -2.126753
v 40.859077 20.064938 -2.847582
v 40.620407 20.541733 -2.947994
v 40.516354 19.581387 -2.051744
v 40.802570 20.230291 -2.757529
v 41.297791 18.190659 -1.679098
v 41.423683 18.471848 -1.754441
v 40.817432 20.245617 -2.557955
v 57.712440 6.886564 1.349826
v 56.817360 6.488905 1.456377
v 59.558559 17.874359 -4.935733
v 40.859077 20.098528 -2.722224
v 40.802570 20.230337 -2.757337
v 40.859756 20.187393 -2.369855
v 41.782204 18.615444 -2.172046
v 41.423683 18.377068 -2.108171
v 40.923103 20.064529 -2.221674
v 40.997818 19.895727 -2.135968
v 41.782204 18.710226 -1.818317
v 41.582546 20.233313 -2.758339
v 41.567863 20.377319 -2.796929
v 41.567863 20.377602 -2.795916
v 42.318764 18.774723 -2.214725
v 41.582546 20.199717 -2.883695
v 41.571350 20.390648 -2.596273
v 42.318764 18.869507 -1.860994
v 41.613705 20.014616 -2.167825
v 41.581287 20.326254 -2.406805
v 41.596161 20.194208 -2.256355
v 53.201138 0.799943 2.982095
v 42.951679 18.830654 -2.229710
v 54.235306 -0.475263 3.323785
v 57.006706 18.566778 -5.868351
v 42.951679 18.925442 -1.875981
v 42.103615 -13.156686 4.783357
v 57.250538 19.252274 -5.745291
v 42.154930 -13.084852 5.051444
v 42.295135 -13.032267 5.247696
v 59.418961 18.431488 -2.275542
v 59.568062 -10.532486 5.485332
v 59.418961 -10.518305 5.481531
v 59.568062 18.445904 -2.278474
v 59.250954 18.544802 -1.814408
v 59.528961 18.493776 -2.088102
v 59.417606 18.528503 -1.925146
v 42.486656 -13.013019 5.319530
v 57.838333 7.167750 1.274482
v 55.259266 20.366922 -4.200774
v 56.817360 6.394124 1.102648
v 57.353920 6.553403 1.059968
v 57.712440 6.791782 0.996094
v 57.838333 7.072969 0.920751
v 44.341698 -13.013019 5.319530
v 57.568260 20.377319 -2.796929
v 57.564182 20.390722 -2.596242
v 57.552559 20.326490 -2.406843
v 57.514652 20.015423 -2.168041
v 57.535168 20.194708 -2.256481
v 56.184444 18.830654 -2.229710
v 55.340797 20.274473 -4.545822
v 55.569248 20.200325 -4.822525
v 55.899368 20.159182 -4.976088
v 56.265774 20.159182 -4.976088
v 57.584579 19.858866 -5.432061
v 57.734520 20.080566 -5.269467
v 45.867664 -13.085552 5.048832
v 55.340797 20.459383 -3.855728
v 55.569248 20.533527 -3.579020
v 45.922955 -13.051005 5.177761
v 55.899368 20.574667 -3.425460
v 57.838333 18.190659 -1.679098
v 59.054375 18.540184 -1.772753
v 56.265778 20.574667 -3.425460
v 46.056431 -13.036695 5.231165
v 59.568062 18.445671 -2.279344
v 57.734520 20.691833 -2.988213
v 57.561031 18.456326 -5.849396
v 58.266640 17.707687 -5.651105
v 57.568260 20.377617 -2.795837
v 57.991913 18.163101 -5.775263
v 55.340797 18.503323 -4.071244
v 55.569248 18.429176 -4.347950
v 56.595894 18.762377 -3.104443
v 55.899368 18.388035 -4.501513
v 57.917301 19.078760 -5.739615
v 56.817360 18.774723 -2.214725
v 55.259266 18.595779 -3.726196
v 58.869408 18.107201 -5.489063
v 56.265774 18.388035 -4.501513
v 57.353920 18.615444 -2.172046
v 55.340797 18.688236 -3.381150
v 56.595894 18.429176 -4.347951
v 58.482391 18.679953 -5.649500
v 57.838333 18.095879 -2.032829
v 56.824345 18.503323 -4.071244
v 56.595894 20.200325 -4.822526
v 55.569248 18.762377 -3.104443
v 55.899368 18.803524 -2.950883
v 58.293499 19.632601 -5.449718
v 56.905880 18.595779 -3.726197
v 59.355125 18.561935 -5.181732
v 56.824345 20.274473 -4.545822
v 56.265778 18.803524 -2.950883
v 56.824345 18.688236 -3.381150
v 58.914318 19.180302 -5.359977
v 56.595894 20.533527 -3.579021
v 58.515717 19.930471 -5.229249
v 59.775883 18.108768 -4.741127
v 59.620491 18.863340 -4.943312
v 56.184444 18.925442 -1.875981
v 59.177982 19.503038 -5.114720
v 56.817360 18.869507 -1.860994
v 56.905880 20.366922 -4.200774
v 57.712440 18.377068 -2.108171
v 57.353920 18.710226 -1.818317
v 58.515717 20.541733 -2.947994
v 56.824345 20.459383 -3.855728
v 57.712440 18.471848 -1.754441
v 59.620491 19.474607 -2.662058
v 58.603245 19.596420 -2.055771
v 58.929478 19.132221 -1.931388
v 53.054638 -13.036695 5.231165
v 58.277046 20.098528 -2.722224
v 57.553577 20.199717 -2.883695
v 57.553577 20.233313 -2.758339
v 58.277046 20.064938 -2.847582
v 59.177982 20.114300 -2.833464
v 58.317795 20.245972 -2.557884
v 58.333553 20.230291 -2.757529
v 58.126549 19.899857 -2.137076
v 59.279423 19.096712 -2.588148
v 59.418961 18.397900 -2.400899
v 58.272923 20.188620 -2.370107
v 58.333553 20.230412 -2.757086
v 58.205765 20.067087 -2.222339
v 59.775883 18.720032 -2.459870
v 59.279423 19.130306 -2.462790
v 58.877926 19.677116 -2.743666
v 58.982334 19.811556 -2.645332
v 58.877926 19.710707 -2.618309
v 58.982334 19.811646 -2.644993
v 59.378815 19.221769 -2.283239
v 58.953476 19.836000 -2.448104
v 59.415836 19.185089 -2.476651
v 59.115601 19.193157 -1.988144
v 59.273384 19.224600 -2.111696
v 58.748314 19.719528 -2.129219
v 58.871300 19.803658 -2.266989
v 53.188114 -13.266690 4.372815
v 53.243401 -13.232143 4.501745
v 39.568062 18.445671 -2.279344
v 53.243401 -13.085552 5.048832
v 53.188114 -13.051005 5.177761
v 55.872833 -13.394899 3.894333
v 56.292313 -13.394899 3.894333
v 55.233356 -13.051216 5.176976
v 55.140015 -13.157063 4.781950
v 41.297791 7.167750 1.274482
v 56.670250 -13.347793 4.070137
v 56.931789 -13.262910 4.386924
v 57.025131 -13.157063 4.781950
v 56.931789 -13.051216 5.176976
v 56.292313 -12.919226 5.669569
v 59.177982 -12.254629 5.839766
v 58.877926 -11.831119 5.698942
v 57.353920 6.648184 1.413699
v 55.494896 -13.347793 4.070137
v 55.233356 -13.262910 4.386924
v 59.415836 19.184885 -2.477415
v 55.872833 -12.919226 5.669569
v 55.609421 -12.952058 5.547038
v 56.191330 -12.919226 5.669569
vt 0.605099 0.008359
vt 0.605099 0.017915
vt 0.600475 0.011941
vt 0.600650 0.021226
vt 0.310635 0.490586
vt 0.304275 0.481301
vt 0.316868 0.484693
vt 0.306831 0.494169
vt 0.316387 0.500554
vt 0.605099 0.029188
vt 0.311284 0.476111
vt 0.319594 0.497226
vt 0.601511 0.031729
vt 0.594668 0.026417
vt 0.325023 0.490589
vt 0.323946 0.477959
vt 0.595122 0.036443
vt 0.327660 0.502797
vt 0.308941 0.466084
vt 0.319982 0.471147
vt 0.329824 0.500313
vt 0.330164 0.482323
vt 0.318368 0.462639
vt 0.334644 0.493028
vt 0.331457 0.470774
vt 0.329772 0.466743
vt 0.338163 0.483933
vt 0.334646 0.473018
vt 0.328791 0.460782
vt 0.340015 0.473883
vt 0.415383 0.547545
vt 0.405775 0.537298
vt 0.443223 0.569782
vt 0.481904 0.598125
vt 0.417918 0.514158
vt 0.004234 0.020158
vt 0.009156 0.025701
vt 0.001992 0.031430
vt 0.020176 0.004215
vt 0.023621 0.011236
vt 0.010620 0.010601
vt 0.014950 0.017030
vt 0.704874 0.512209
vt 0.704870 0.502847
vt 0.704874 0.502847
vt 0.704870 0.512209
vt 0.007142 0.036141
vt 0.707710 0.512419
vt 0.031449 0.001973
vt 0.707710 0.503245
vt 0.704878 0.496592
vt 0.698211 0.474786
vt 0.696014 0.463743
vt 0.700179 0.473971
vt 0.714644 0.488435
vt 0.704466 0.484148
vt 0.705973 0.482641
vt 0.704883 0.523253
vt 0.713828 0.490404
vt 0.698166 0.463531
vt 0.710114 0.513017
vt 0.707712 0.497117
vt 0.707715 0.523294
vt 0.722493 0.504880
vt 0.731675 0.498752
vt 0.723670 0.506014
vt 0.710114 0.504379
vt 0.586457 0.748720
vt 0.586464 0.759764
vt 0.586457 0.759764
vt 0.034060 0.009223
vt 0.462437 0.518737
vt 0.724871 0.492600
vt 0.586469 0.748720
vt 0.589299 0.759530
vt 0.732340 0.500247
vt 0.717879 0.514652
vt 0.720155 0.515547
vt 0.710117 0.523412
vt 0.725432 0.507711
vt 0.725083 0.490449
vt 0.711720 0.513913
vt 0.031421 0.647913
vt 0.047443 0.621144
vt 0.032494 0.650677
vt 0.035426 0.652700
vt 0.742550 0.496592
vt 0.589301 0.748655
vt 0.039431 0.653441
vt 0.733335 0.502485
vt 0.722840 0.516603
vt 0.711721 0.523589
vt 0.039433 0.653441
vt 0.454323 0.515700
vt 0.451894 0.513285
vt 0.727511 0.509712
vt 0.718194 0.525224
vt 0.742735 0.498192
vt 0.043438 0.652700
vt 0.031421 0.621145
vt 0.035426 0.616358
vt 0.734509 0.505126
vt 0.721025 0.525433
vt 0.046370 0.650677
vt 0.743012 0.500587
vt 0.039431 0.615617
vt 0.047443 0.647913
vt 0.743339 0.503412
vt 0.039433 0.615617
vt 0.427461 0.516883
vt 0.043438 0.616358
vt 0.032494 0.618381
vt 0.046370 0.618381
vt 0.448186 0.526074
vt 0.473944 0.538632
vt 0.473954 0.538638
vt 0.499132 0.552576
vt 0.518923 0.566225
vt 0.561184 0.500314
vt 0.556318 0.492936
vt 0.550655 0.473120
vt 0.504203 0.432924
vt 0.595127 0.463863
vt 0.605099 0.471097
vt 0.318043 0.042065
vt 0.092889 0.612424
vt 0.090963 0.613221
vt 0.093687 0.610497
vt 0.328096 0.043845
vt 0.745578 0.779567
vt 0.753320 0.777188
vt 0.586468 0.517831
vt 0.080066 0.610497
vt 0.093687 0.509512
vt 0.080864 0.612424
vt 0.082790 0.613221
vt 0.973330 0.496594
vt 0.762453 0.776352
vt 0.973204 0.498200
vt 0.790571 0.586572
vt 0.805494 0.569349
vt 0.781104 0.607301
vt 0.973016 0.500604
vt 0.824665 0.557029
vt 0.777861 0.629857
vt 0.707715 0.956106
vt 0.846530 0.550609
vt 0.710117 0.955940
vt 0.552689 0.483578
vt 0.099823 0.640124
vt 0.099823 0.622902
vt 0.122968 0.640124
vt 0.711721 0.955692
vt 0.563348 0.502796
vt 0.721009 0.957034
vt 0.080066 0.509512
vt 0.082790 0.506788
vt 0.099823 0.652445
vt 0.122968 0.652445
vt 0.122968 0.622902
vt 0.869319 0.550609
vt 0.090963 0.506788
vt 0.092889 0.507586
vt 0.891184 0.557029
vt 0.562923 0.043922
vt 0.740404 0.783128
vt 0.080864 0.507586
vt 0.601511 0.468556
vt 0.308858 0.038665
vt 0.972794 0.503440
vt 0.586457 0.517831
vt 0.589301 0.517875
vt 0.194347 0.654205
vt 0.177124 0.639282
vt 0.280918 0.519498
vt 0.215076 0.663672
vt 0.164804 0.620111
vt 0.340353 0.031650
vt 0.237632 0.666915
vt 0.158383 0.598246
vt 0.635652 0.513576
vt 0.781104 0.652414
vt 0.560572 0.481980
vt 0.555772 0.472281
vt 0.260189 0.663672
vt 0.565912 0.490501
vt 0.559473 0.470812
vt 0.562912 0.460925
vt 0.567026 0.477976
vt 0.561951 0.467111
vt 0.158383 0.575457
vt 0.571414 0.497226
vt 0.209405 0.694445
vt 0.209405 0.694445
vt 0.790571 0.673143
vt 0.574130 0.484698
vt 0.280918 0.654205
vt 0.571359 0.471317
vt 0.211232 0.692988
vt 0.211232 0.692988
vt 0.574620 0.500554
vt 0.194696 0.696762
vt 0.189964 0.692988
vt 0.212385 0.678422
vt 0.187337 0.687535
vt 0.704883 0.956165
vt 0.572965 0.462705
vt 0.579809 0.476157
vt 0.200598 0.698109
vt 0.580372 0.490586
vt 0.187337 0.681481
vt 0.164804 0.553592
vt 0.206499 0.696762
vt 0.189964 0.676028
vt 0.007611 0.036309
vt 0.029286 0.017227
vt 0.000000 0.058818
vt 0.584177 0.494169
vt 0.805494 0.690365
vt 0.586733 0.481301
vt 0.298140 0.639282
vt 0.582150 0.466105
vt 0.212385 0.678422
vt 0.718184 0.957327
vt 0.194696 0.672254
vt 0.211232 0.676028
vt 0.211232 0.676028
vt 0.213858 0.681481
vt 0.213858 0.687535
vt 0.655772 0.491926
vt 0.651148 0.488344
vt 0.655772 0.482370
vt 0.200598 0.670907
vt 0.651323 0.479059
vt 0.645800 0.463863
vt 0.652184 0.468556
vt 0.645348 0.473915
vt 0.177124 0.534421
vt 0.206499 0.672254
vt 0.824665 0.702686
vt 0.910355 0.569349
vt 0.310461 0.620111
vt 0.655772 0.471097
vt 0.129103 0.536331
vt 0.129103 0.519108
vt 0.152248 0.536331
vt 0.152248 0.519108
vt 0.264526 0.009223
vt 0.267137 0.001973
vt 0.274965 0.011236
vt 0.586457 0.506788
vt 0.955549 0.490449
vt 0.965989 0.488435
vt 0.955761 0.492600
vt 0.278410 0.004215
vt 0.589298 0.506992
vt 0.194347 0.519498
vt 0.586464 0.506788
vt 0.966804 0.490404
vt 0.983630 0.500294
vt 0.550993 0.030887
vt 0.846530 0.709106
vt 0.925278 0.586572
vt 0.000000 0.941182
vt 0.984213 0.498764
vt 0.316881 0.598246
vt 0.982759 0.502585
vt 0.061725 0.004477
vt 0.981731 0.505286
vt 0.691884 0.982282
vt 0.691891 0.988537
vt 0.691884 0.988537
vt 0.691887 0.982282
vt 0.694726 0.988000
vt 0.319649 0.033453
vt 0.099990 0.000000
vt 0.594675 0.473915
vt 0.993384 0.504899
vt 0.129103 0.557060
vt 0.152248 0.557060
vt 0.311199 0.028613
vt 0.694723 0.981865
vt 0.600650 0.479059
vt 0.992258 0.506086
vt 0.329057 0.037659
vt 0.215076 0.510031
vt 0.990574 0.507863
vt 0.869319 0.709106
vt 0.605099 0.482370
vt 0.323982 0.026794
vt 0.934745 0.607301
vt 0.316881 0.575457
vt 0.980453 0.473971
vt 0.976166 0.484148
vt 0.974659 0.482641
vt 0.691884 0.972919
vt 0.988587 0.509960
vt 0.304275 0.023469
vt 0.316877 0.020072
vt 0.331535 0.033957
vt 0.691888 0.972919
vt 0.335236 0.032489
vt 0.982422 0.474786
vt 0.694724 0.972692
vt 0.697128 0.980677
vt 0.600476 0.488344
vt 0.310635 0.014184
vt 0.998008 0.514719
vt 0.995763 0.515689
vt 0.330435 0.022789
vt 0.237632 0.506788
vt 0.697128 0.972044
vt 0.294352 0.020158
vt 0.296594 0.031430
vt 0.289430 0.025701
vt 0.325096 0.014269
vt 0.993116 0.516833
vt 0.605099 0.491926
vt 0.891184 0.704514
vt 0.291444 0.036141
vt 0.312289 0.553592
vt 0.299968 0.534421
vt 0.691897 0.961876
vt 0.937988 0.629857
vt 0.319594 0.007543
vt 0.338319 0.021192
vt 0.694730 0.961812
vt 0.997680 0.525408
vt 0.697131 0.961629
vt 0.698734 0.971074
vt 0.994859 0.525730
vt 0.306831 0.010601
vt 0.316387 0.004215
vt 0.260189 0.510031
vt 0.698735 0.961356
vt 0.334690 0.011834
vt 0.934745 0.652414
vt 0.639180 0.491926
vt 0.329824 0.004456
vt 0.327660 0.001973
vt 0.639180 0.482370
vt 0.007142 0.468629
vt 0.009156 0.479069
vt 0.001992 0.473339
vt 0.685749 0.970136
vt 0.683876 0.959696
vt 0.685749 0.959696
vt 0.572971 0.042101
vt 0.004234 0.484612
vt 0.707711 0.966985
vt 0.683876 0.970136
vt 0.704876 0.967208
vt 0.710115 0.966350
vt 0.014950 0.487739
vt 0.711721 0.965400
vt 0.704871 0.976570
vt 0.704870 0.967208
vt 0.685749 0.978806
vt 0.704466 0.010425
vt 0.700179 0.020603
vt 0.698211 0.019787
vt 0.629517 0.749264
vt 0.629517 0.760536
vt 0.595437 0.749264
vt 0.707708 0.976157
vt 0.556362 0.031752
vt 0.010620 0.494169
vt 0.722764 0.965914
vt 0.582151 0.038674
vt 0.683876 0.978806
vt 0.561236 0.038026
vt 0.559551 0.033995
vt 0.705973 0.011932
vt 0.953405 0.776352
vt 0.720108 0.967035
vt 0.639180 0.008359
vt 0.639180 0.017915
vt 0.900010 0.000000
vt 0.710113 0.974981
vt 0.605099 0.001973
vt 0.639180 0.001973
vt 0.725309 0.974856
vt 0.717856 0.967985
vt 0.639180 0.029188
vt 0.023621 0.493533
vt 0.595437 0.760536
vt 0.727311 0.972779
vt 0.723612 0.976616
vt 0.713828 0.004170
vt 0.738587 0.952003
vt 0.740404 0.956204
vt 0.707709 0.982294
vt 0.020176 0.500554
vt 0.975454 0.783128
vt 0.962538 0.777188
vt 0.652184 0.031729
vt 0.714644 0.006138
vt 0.704873 0.982825
vt 0.704870 0.982825
vt 0.732266 0.982414
vt 0.722477 0.977792
vt 0.323016 0.506788
vt 0.328301 0.510349
vt 0.323016 0.510349
vt 0.733181 0.980148
vt 0.731656 0.983929
vt 0.734259 0.977475
vt 0.635652 0.760536
vt 0.635652 0.749264
vt 0.669733 0.749264
vt 0.669733 0.760536
vt 0.328301 0.506788
vt 0.561458 0.747693
vt 0.563331 0.758133
vt 0.561458 0.758133
vt 0.031449 0.502796
vt 0.745578 0.959765
vt 0.724871 0.001973
vt 0.580307 0.748720
vt 0.580322 0.759764
vt 0.580319 0.759764
vt 0.345856 0.723748
vt 0.351140 0.731491
vt 0.345856 0.731491
vt 0.577483 0.759549
vt 0.563331 0.747693
vt 0.034060 0.495547
vt 0.725083 0.004125
vt 0.742535 0.986093
vt 0.580322 0.748720
vt 0.351140 0.723748
vt 0.743146 0.979252
vt 0.742678 0.984488
vt 0.577475 0.748670
vt 0.742893 0.982085
vt 0.910355 0.692194
vt 0.753320 0.962144
vt 0.345856 0.714615
vt 0.925278 0.673143
vt 0.007611 0.963691
vt 0.552845 0.020836
vt 0.351140 0.714615
vt 0.032494 0.650677
vt 0.031421 0.647913
vt 0.035426 0.652700
vt 0.029286 0.982773
vt 0.039431 0.653441
vt 0.061725 0.995523
vt 0.039433 0.653441
vt 0.099990 1.000000
vt 0.556364 0.011741
vt 0.043438 0.652700
vt 0.683876 0.516768
vt 0.683876 0.508097
vt 0.685749 0.508097
vt 0.685749 0.516768
vt 0.704870 0.496592
vt 0.704870 0.523253
vt 0.683876 0.502303
vt 0.685749 0.502303
vt 0.683876 0.527208
vt 0.685749 0.527208
vt 0.046370 0.650677
vt 0.982467 0.031043
vt 0.984618 0.463743
vt 0.982467 0.463531
vt 0.031421 0.621145
vt 0.691897 0.528964
vt 0.997655 0.957445
vt 0.694730 0.529008
vt 0.697131 0.529132
vt 0.569466 0.758133
vt 0.569466 0.747693
vt 0.571339 0.747693
vt 0.571339 0.758133
vt 0.047443 0.647913
vt 0.977271 0.787329
vt 0.613551 0.549295
vt 0.938275 0.004477
vt 0.970714 0.017227
vt 0.992389 0.036309
vt 0.032494 0.618381
vt 1.000000 0.058818
vt 0.047443 0.621145
vt 0.035426 0.616358
vt 0.580322 0.517831
vt 0.577474 0.517890
vt 0.645799 0.036432
vt 0.039431 0.615617
vt 0.973147 0.984491
vt 0.972600 0.979264
vt 0.972896 0.982093
vt 0.039433 0.615617
vt 0.043438 0.616358
vt 0.046370 0.618381
vt 0.900010 1.000000
vt 0.618706 0.548118
vt 0.622840 0.544822
vt 0.625134 0.540058
vt 0.625134 0.534770
vt 0.561184 0.004456
vt 0.080864 0.612424
vt 0.080066 0.610497
vt 0.082790 0.613221
vt 0.629517 0.513576
vt 0.090963 0.613221
vt 0.608397 0.548118
vt 0.604263 0.544821
vt 0.092889 0.612424
vt 0.601969 0.540058
vt 0.977271 0.952003
vt 0.994819 0.957225
vt 0.601969 0.534770
vt 0.093687 0.610497
vt 0.984618 0.030831
vt 0.698735 0.529319
vt 0.595437 0.513576
vt 0.560844 0.022447
vt 0.571026 0.033622
vt 0.580305 0.517831
vt 0.567062 0.026811
vt 0.973315 0.986094
vt 0.271378 0.697366
vt 0.267244 0.697366
vt 0.271378 0.670907
vt 0.267244 0.670907
vt 0.334890 0.710265
vt 0.330757 0.713562
vt 0.316313 0.695450
vt 0.337184 0.705501
vt 0.565985 0.014181
vt 0.938275 0.995523
vt 0.325602 0.714738
vt 0.579724 0.028659
vt 0.337184 0.700214
vt 0.970714 0.982773
vt 0.320447 0.713562
vt 0.334890 0.695450
vt 0.574140 0.020076
vt 1.000000 0.941182
vt 0.220470 0.670907
vt 0.224603 0.670907
vt 0.220470 0.697366
vt 0.316313 0.710265
vt 0.330757 0.692154
vt 0.645341 0.026417
vt 0.314019 0.705501
vt 0.571414 0.007544
vt 0.325602 0.690977
vt 0.586733 0.023468
vt 0.224603 0.697366
vt 0.622840 0.530007
vt 0.250570 0.697366
vt 0.245806 0.697366
vt 0.250570 0.670907
vt 0.314019 0.700214
vt 0.320447 0.692154
vt 0.651323 0.021226
vt 0.580372 0.014184
vt 0.245806 0.670907
vt 0.563348 0.001973
vt 0.618706 0.526710
vt 0.260621 0.697366
vt 0.255857 0.697366
vt 0.260621 0.670907
vt 0.574620 0.004215
vt 0.655772 0.029188
vt 0.080066 0.509512
vt 0.651148 0.011941
vt 0.655772 0.017915
vt 0.255857 0.670907
vt 0.345856 0.514531
vt 0.351140 0.523664
vt 0.345856 0.523664
vt 0.584177 0.010601
vt 0.655772 0.008359
vt 0.351140 0.514531
vt 0.345856 0.506788
vt 0.613551 0.525534
vt 0.992389 0.963691
vt 0.351140 0.506788
vt 0.629517 0.502303
vt 0.595437 0.502303
vt 0.608397 0.526710
vt 0.334436 0.686986
vt 0.334436 0.683425
vt 0.339720 0.686986
vt 0.604263 0.530007
vt 0.339720 0.683425
vt 0.689853 0.017915
vt 0.962538 0.962144
vt 0.970281 0.959765
vt 0.988309 0.973004
vt 0.975454 0.956204
vt 0.993016 0.966069
vt 0.093687 0.509512
vt 0.561458 0.506788
vt 0.563331 0.517228
vt 0.561458 0.517228
vt 0.264526 0.495547
vt 0.274965 0.493533
vt 0.267137 0.502796
vt 0.955549 0.004125
vt 0.955761 0.001973
vt 0.965989 0.006138
vt 0.563331 0.506788
vt 0.689853 0.008359
vt 0.577480 0.507015
vt 0.966804 0.004170
vt 0.981430 0.977537
vt 0.675868 0.516768
vt 0.677741 0.527208
vt 0.675868 0.527208
vt 0.983542 0.982432
vt 0.580315 0.506788
vt 0.982573 0.980186
vt 0.278410 0.500554
vt 0.291444 0.468629
vt 0.296594 0.473339
vt 0.289430 0.479069
vt 0.677741 0.516768
vt 0.984190 0.983933
vt 0.675868 0.508097
vt 0.976166 0.010425
vt 0.677741 0.508097
vt 0.122968 0.602173
vt 0.099823 0.602173
vt 0.691889 0.508559
vt 0.691884 0.502303
vt 0.691891 0.502303
vt 0.974659 0.011932
vt 0.694729 0.518132
vt 0.294352 0.484612
vt 0.283636 0.487739
vt 0.691884 0.508559
vt 0.694726 0.502830
vt 0.694725 0.508955
vt 0.691896 0.517921
vt 0.698735 0.519633
vt 0.697130 0.518733
vt 0.995702 0.967131
vt 0.990402 0.974994
vt 0.992177 0.976681
vt 0.287966 0.494169
vt 0.993363 0.977809
vt 0.997979 0.968030
vt 0.697128 0.510082
vt 0.571339 0.517228
vt 0.569466 0.517228
vt 0.122968 0.579616
vt 0.099823 0.579616
vt 0.639180 0.471097
vt 0.001992 0.643818
vt 0.001992 0.621953
vt 0.025137 0.621953
vt 0.025137 0.643818
vt 0.122968 0.557060
vt 0.099823 0.557060
vt 0.080864 0.507586
vt 0.082790 0.506788
vt 0.704870 0.956165
vt 0.696014 0.030831
vt 0.698166 0.031043
vt 0.501181 0.424329
vt 0.090963 0.506788
vt 0.001992 0.599164
vt 0.025137 0.599164
vt 0.092889 0.507586
vt 0.122968 0.536331
vt 0.099823 0.536331
vt 0.001992 0.577299
vt 0.025137 0.577299
vt 0.187337 0.687535
vt 0.187337 0.681481
vt 0.122968 0.519108
vt 0.099823 0.519108
vt 0.206499 0.696762
vt 0.200598 0.698109
vt 0.738587 0.787329
vt 0.189964 0.676028
vt 0.194696 0.672254
vt 0.152248 0.506788
vt 0.129103 0.506788
vt 0.200598 0.670907
vt 0.328301 0.679224
vt 0.328301 0.683425
vt 0.323016 0.683425
vt 0.323016 0.679224
vt 0.328301 0.686986
vt 0.323016 0.686986
vt 0.206499 0.672254
vt 0.122968 0.506788
vt 0.099823 0.506788
vt 0.213858 0.681481
vt 0.357275 0.731491
vt 0.357275 0.723748
vt 0.362560 0.723748
vt 0.362560 0.731491
vt 0.635652 0.502303
vt 0.669733 0.502303
vt 0.669733 0.513576
vt 0.357275 0.714615
vt 0.362560 0.714615
vt 0.655772 0.498312
vt 0.689853 0.491926
vt 0.689853 0.498312
vt 0.033138 0.551442
vt 0.033138 0.573307
vt 0.009993 0.573307
vt 0.009993 0.551442
vt 0.569466 0.506788
vt 0.571339 0.506788
vt 0.689853 0.482370
vt 0.287966 0.010601
vt 0.283636 0.017030
vt 0.675868 0.984600
vt 0.675868 0.978806
vt 0.677741 0.978806
vt 0.677741 0.984600
vt 0.689853 0.471097
vt 0.033138 0.528653
vt 0.009993 0.528653
vt 0.675868 0.970136
vt 0.677741 0.970136
vt 0.328301 0.514550
vt 0.323016 0.514550
vt 0.675868 0.959696
vt 0.677741 0.959696
vt 0.691884 0.961876
vt 0.152248 0.579616
vt 0.129103 0.579616
vt 0.033138 0.506788
vt 0.009993 0.506788
vt 0.152248 0.602173
vt 0.129103 0.602173
vt 0.152248 0.641953
vt 0.152248 0.654273
vt 0.129103 0.654273
vt 0.129103 0.641953
vt 0.152248 0.622902
vt 0.129103 0.622902
vt 0.639180 0.498312
vt 0.605099 0.498312
vt 0.357275 0.523664
vt 0.362560 0.523664
vt 0.685749 0.984600
vt 0.683876 0.984600
vt 0.970281 0.779567
vt 0.762453 0.962980
vt 0.689853 0.029188
vt 0.357275 0.514531
vt 0.362560 0.514531
vt 0.357275 0.506788
vt 0.362560 0.506788
vt 0.691884 0.528964
vt 0.339720 0.506788
vt 0.339720 0.510349
vt 0.334436 0.510349
vt 0.334436 0.506788
vt 0.339720 0.514550
vt 0.334436 0.514550
vt 0.339720 0.679224
vt 0.334436 0.679224
vt 0.297345 0.697366
vt 0.292581 0.697366
vt 0.292581 0.670907
vt 0.297345 0.670907
vt 0.276533 0.670907
vt 0.276533 0.697366
vt 0.302632 0.697366
vt 0.302632 0.670907
vt 0.281688 0.670907
vt 0.281688 0.697366
vt 0.307396 0.697366
vt 0.307396 0.670907
vt 0.491635 0.406375
vt 0.566799 0.465167
vt 0.953405 0.962980
vt 0.449303 0.332805
vt 0.537299 0.422333
vt 0.285821 0.670907
vt 0.285821 0.697366
vt 0.229758 0.697366
vt 0.229758 0.670907
vt 0.234913 0.697366
vt 0.234913 0.670907
vt 0.239047 0.697366
vt 0.239047 0.670907
vt 0.194696 0.696762
vt 0.189964 0.692988
vt 0.689853 0.001973
vt 0.655772 0.001973
vt 0.580322 0.506788
vt 0.677741 0.502303
vt 0.675868 0.502303
vt 0.982422 0.019787
vt 0.980453 0.020603
vt 0.691884 0.517921
vt 0.213858 0.687535
vt 0.212028 0.691336
vt 0.213858 0.682939
vt 0.595551 0.489454
vt 0.587641 0.489177
vt 0.353334 0.158515
vt 0.479999 0.342508
vt 0.415576 0.251450
vt 0.383107 0.203588
vt 0.362689 0.173491
vt 0.329731 0.115650
vt 0.329070 0.112980
vt 0.343613 0.129492
vt 0.354995 0.142414
vt 0.404457 0.206542
vt 0.467659 0.292664
vt 0.532083 0.383722
vt 0.584969 0.461681
vt 0.481920 0.598135
vt 0.519915 0.623749
vt 0.545947 0.638602
vt 0.553095 0.638771
vt 0.528108 0.576020
vt 0.498697 0.529010
vt 0.506711 0.529789
vt 0.508800 0.526648
vt 0.437175 0.314071
vt 0.439857 0.317108
vt 0.337548 0.130186
vn -0.434391 -0.618741 -0.654571
vn -0.472783 -0.642287 -0.603277
vn -0.612964 -0.465749 -0.638242
vn -0.578760 -0.427634 -0.694382
vn -0.345259 -0.552244 -0.758830
vn -0.465433 -0.385450 -0.796744
vn -0.299680 -0.786392 -0.540167
vn -0.244500 -0.768698 -0.591036
vn -0.750452 -0.177998 -0.636506
vn -0.696332 -0.189080 -0.692366
vn -0.177988 -0.687286 -0.704244
vn -0.555910 -0.216880 -0.802451
vn -0.200232 -0.431484 -0.879619
vn -0.263446 -0.328149 -0.907146
vn -0.093419 -0.515962 -0.851502
vn -0.014311 -0.911997 -0.409947
vn -0.006675 -0.873138 -0.487427
vn -0.291050 -0.248403 -0.923897
vn -0.003025 -0.771335 -0.636423
vn -0.000796 -0.541658 -0.840598
vn -0.000077 -0.258883 -0.965909
vn -0.000096 -0.258843 -0.965919
vn -0.000032 -0.258918 -0.965899
vn -0.003278 -0.258827 -0.965918
vn -0.000000 -0.260552 -0.965460
vn -0.000000 -0.965926 0.258820
vn -0.000000 -0.965926 0.258820
vn -0.000000 -0.965926 0.258820
vn -0.000000 -0.965926 0.258820
vn -0.000000 -0.965926 0.258820
vn -0.000000 -0.965926 0.258820
vn -0.000000 -0.965926 0.258820
vn -0.000000 -0.965926 0.258820
vn -0.000000 -0.965926 0.258820
vn -0.000000 -0.965926 0.258820
vn -0.000000 -0.965926 0.258820
vn 0.000000 -0.965926 0.258820
vn -0.000000 -0.965926 0.258820
vn 0.073054 0.258949 0.963125
vn 0.049720 0.281989 0.958129
vn 0.055155 0.277166 0.959238
vn 0.073663 0.258267 0.963261
vn 0.034211 0.293437 0.955366
vn 0.018932 0.301811 0.953180
vn 0.018196 0.302150 0.953087
vn 0.036301 0.292070 0.955708
vn -0.673712 -0.714363 0.189202
vn -0.693252 -0.618008 0.370768
vn -0.905776 -0.310669 0.288192
vn -0.950778 -0.299707 0.078722
vn -0.856155 -0.244901 0.454998
vn -0.655094 -0.535752 0.532749
vn 0.000629 0.308973 0.951071
vn 0.000342 0.309065 0.951041
vn -0.375336 -0.823422 0.425557
vn -0.354124 -0.729587 0.585063
vn -0.000003 -0.258823 -0.965925
vn -0.000003 -0.258823 -0.965925
vn 0.000004 -0.258824 -0.965925
vn 0.000004 -0.258824 -0.965924
vn -0.000001 -0.258817 -0.965926
vn -0.000001 -0.258817 -0.965926
vn 0.000001 -0.258816 -0.965927
vn 0.000001 -0.258816 -0.965927
vn -0.980977 0.045595 0.188693
vn -0.925434 0.093722 0.367136
vn -0.663428 -0.085226 0.743371
vn -0.507097 -0.311596 0.803593
vn -0.272646 -0.461307 0.844310
vn -0.712321 0.178397 0.678803
vn -0.331432 -0.911141 0.244898
vn -0.007441 -0.964370 0.264453
vn -0.008870 -0.897189 0.441558
vn 0.000000 -0.258824 -0.965925
vn 0.000000 -0.258824 -0.965925
vn -0.008249 -0.796793 0.604196
vn -0.375174 0.086179 0.922940
vn -0.286615 -0.043141 0.957074
vn -0.152491 -0.126999 0.980111
vn -0.391274 0.236454 0.889379
vn -0.006084 -0.509083 0.860696
vn -0.177144 0.182782 0.967063
vn -0.134339 0.121864 0.983414
vn -0.070933 0.081793 0.994122
vn -0.195312 0.252989 0.947549
vn -0.003141 -0.144109 0.989557
vn 0.000000 -0.965926 0.258819
vn 0.000000 -0.965926 0.258819
vn 0.000000 -0.965926 0.258819
vn 0.000000 -0.965926 0.258819
vn 0.000000 -0.965926 0.258819
vn 0.000000 -0.965926 0.258819
vn 0.000000 -0.965926 0.258819
vn 0.000000 -0.965926 0.258819
vn 0.000000 -0.965926 0.258819
vn 0.000000 -0.965926 0.258819
vn 0.000000 -0.965926 0.258819
vn 0.000000 -0.965926 0.258819
vn 0.000000 -0.965926 0.258819
vn 0.000000 -0.965926 0.258819
vn 0.000000 -0.965926 0.258819
vn 0.000000 -0.965926 0.258819
vn -0.001425 0.065373 0.997860
vn 0.006783 -0.873031 -0.487618
vn 0.014310 -0.911998 -0.409946
vn 0.003434 -0.771138 -0.636659
vn 0.001539 -0.541667 -0.840591
vn 0.000009 -0.260551 -0.965460
vn -0.556233 -0.213540 -0.803123
vn -0.696432 -0.182462 -0.694039
vn -0.750452 -0.164112 -0.640226
vn -0.291331 -0.247143 -0.924146
vn -0.003276 -0.258816 -0.965921
vn -0.000001 0.258818 0.965926
vn -0.000001 0.258818 0.965926
vn -0.000001 0.258818 0.965926
vn -0.000001 0.258818 0.965926
vn 0.000003 0.258819 0.965926
vn 0.000003 0.258819 0.965926
vn 0.000003 0.258819 0.965926
vn 0.000003 0.258819 0.965926
vn 0.008820 -0.897173 0.441591
vn 0.007223 -0.964347 0.264543
vn 0.008263 -0.795758 0.605559
vn 0.006228 -0.506379 0.862289
vn 0.003335 -0.140109 0.990130
vn 0.000014 0.258581 0.965990
vn 0.000014 0.258581 0.965990
vn 0.000014 0.258581 0.965990
vn 0.000014 0.258581 0.965990
vn 0.000014 0.258581 0.965990
vn 0.000014 0.258581 0.965990
vn 0.000014 0.258581 0.965990
vn 0.000014 0.258581 0.965990
vn 0.000014 0.258581 0.965990
vn 0.000014 0.258581 0.965990
vn 0.000014 0.258581 0.965990
vn -0.000007 0.258933 0.965895
vn -0.000001 0.258839 0.965920
vn 0.000010 0.258662 0.965968
vn -0.000008 0.258953 0.965890
vn 0.001623 0.065428 0.997856
vn -0.925953 0.102071 0.363583
vn -0.980979 0.054885 0.186196
vn -0.714096 0.184404 0.675324
vn 0.654860 0.729999 -0.195602
vn 0.654860 0.729999 -0.195602
vn 0.841253 0.522221 -0.139928
vn 0.841253 0.522221 -0.139928
vn -0.394300 0.239530 0.887216
vn -0.195323 0.254606 0.947114
vn -0.000000 -0.965926 0.258818
vn -0.000000 -0.965926 0.258818
vn -0.000000 -0.965926 0.258818
vn -0.000000 -0.965926 0.258818
vn -0.000000 -0.965926 0.258818
vn -0.000000 -0.965926 0.258818
vn -0.000000 -0.965926 0.258818
vn -0.000000 -0.965926 0.258818
vn -0.000000 -0.965926 0.258818
vn -0.000000 -0.965926 0.258818
vn -0.000000 -0.965926 0.258818
vn -0.000000 -0.965926 0.258818
vn 0.415416 0.878637 -0.235430
vn 0.415416 0.878637 -0.235430
vn 0.085140 -0.512061 -0.854719
vn 0.173003 -0.684623 -0.708069
vn 0.000022 -0.258906 -0.965903
vn 0.242871 -0.767902 -0.592739
vn 0.000068 -0.258895 -0.965905
vn 0.191333 -0.439537 -0.877610
vn 0.340969 -0.555989 -0.758034
vn 0.299682 -0.786390 -0.540167
vn 0.781826 -0.161374 -0.602251
vn 0.781826 -0.161374 -0.602251
vn 0.923283 -0.099419 -0.371032
vn 0.923283 -0.099419 -0.371032
vn 0.433276 -0.619684 -0.654419
vn 0.267477 -0.334301 -0.903714
vn 0.000107 -0.258851 -0.965917
vn 0.541684 -0.217563 -0.811939
vn 0.541683 -0.217563 -0.811940
vn 0.003270 -0.258823 -0.965919
vn 0.295512 -0.247893 -0.922617
vn 0.468553 -0.388916 -0.793223
vn 0.472788 -0.642281 -0.603279
vn 0.000000 0.258819 0.965926
vn 0.000000 0.258819 0.965926
vn 0.000000 0.258819 0.965926
vn 0.000000 0.258819 0.965926
vn 0.000000 0.258819 0.965926
vn 0.000000 0.258819 0.965926
vn 0.000000 0.258819 0.965926
vn 0.000000 0.258819 0.965926
vn 0.000000 0.258819 0.965926
vn 0.000000 0.258819 0.965926
vn 0.000000 0.258819 0.965926
vn 0.000000 0.258819 0.965926
vn 0.000000 0.258819 0.965926
vn 0.000000 0.258819 0.965926
vn 0.000000 0.258819 0.965926
vn 0.000000 0.258819 0.965926
vn 0.000000 0.258819 0.965926
vn 0.000000 0.258819 0.965926
vn 0.000000 0.258819 0.965926
vn 0.000000 0.258819 0.965926
vn 0.579765 -0.428677 -0.692899
vn 0.559558 -0.216166 -0.800104
vn -0.433871 -0.233196 -0.870273
vn -0.433871 -0.233196 -0.870273
vn -0.159603 -0.255509 -0.953542
vn -0.159603 -0.255509 -0.953542
vn -0.690325 -0.187257 -0.698847
vn -0.690325 -0.187257 -0.698847
vn -0.000000 -0.965926 0.258820
vn 0.000000 -0.965926 0.258820
vn 0.000000 -0.965926 0.258820
vn -0.000000 -0.965926 0.258820
vn -0.000000 -0.965926 0.258820
vn 0.612966 -0.465747 -0.638242
vn 0.697472 -0.188779 -0.691300
vn 0.000000 -0.965926 0.258820
vn 0.000000 -0.965926 0.258820
vn 0.000000 -0.965926 0.258820
vn 0.000000 -0.965926 0.258820
vn 0.000000 -0.965926 0.258820
vn 0.000000 -0.965926 0.258820
vn 0.000000 -0.965926 0.258820
vn 0.000000 -0.965926 0.258820
vn 0.000000 -0.965926 0.258820
vn 0.000000 -0.965926 0.258820
vn 0.000000 -0.965926 0.258820
vn 0.750452 -0.177994 -0.636506
vn -0.841253 0.522219 -0.139928
vn -0.841253 0.522219 -0.139928
vn -0.654861 0.729998 -0.195602
vn -0.654861 0.729998 -0.195602
vn -0.018196 0.302149 0.953087
vn -0.000342 0.309065 0.951041
vn -0.000629 0.308973 0.951071
vn -0.018931 0.301810 0.953180
vn 0.325856 -0.911636 0.250477
vn 0.374398 -0.823629 0.425982
vn -0.000000 -0.258824 -0.965925
vn -0.000000 -0.258823 -0.965925
vn -0.000002 -0.258816 -0.965927
vn -0.000002 -0.258816 -0.965927
vn 0.354032 -0.729214 0.585583
vn 0.274445 -0.459660 0.844626
vn 0.155526 -0.124834 0.979912
vn 0.073859 0.083424 0.993773
vn 0.674231 -0.711032 0.199612
vn 0.692776 -0.618530 0.370786
vn 0.655415 -0.535748 0.532359
vn -0.267477 -0.162344 -0.949790
vn -0.468552 -0.059799 -0.881410
vn -0.579764 0.024797 -0.814407
vn 0.509231 -0.310253 0.802762
vn -0.959493 0.272133 -0.072918
vn -0.959493 0.272133 -0.072918
vn -0.612967 0.084228 -0.785606
vn 0.289746 -0.040891 0.956230
vn -0.000107 -0.258787 -0.965935
vn 0.136989 0.124104 0.982768
vn -0.191334 -0.058152 -0.979801
vn -0.340968 0.102483 -0.934472
vn -0.000002 -0.258818 -0.965926
vn -0.000002 -0.258818 -0.965926
vn 0.000004 -0.258824 -0.965925
vn 0.000004 -0.258824 -0.965925
vn 0.953750 -0.289674 0.080315
vn 0.905646 -0.311136 0.288097
vn -0.433276 0.209455 -0.876585
vn -0.000069 -0.258743 -0.965946
vn 0.856440 -0.244746 0.454544
vn -0.000022 -0.258732 -0.965949
vn -0.000009 -0.257086 -0.966388
vn 0.000000 -0.257085 -0.966389
vn 0.000031 -0.258720 -0.965952
vn 0.000077 -0.258755 -0.965943
vn 0.000088 -0.258793 -0.965933
vn 0.003419 -0.258808 -0.965923
vn 0.664694 -0.083578 0.742426
vn -0.472791 0.254600 -0.843592
vn 0.376887 0.088750 0.921998
vn 0.178468 0.185178 0.966363
vn -0.085142 0.016099 -0.996239
vn -0.055154 0.277166 0.959238
vn -0.049719 0.281987 0.958129
vn -0.073053 0.258950 0.963124
vn -0.073662 0.258269 0.963261
vn -0.173005 0.238863 -0.955518
vn 0.000000 0.258819 0.965926
vn 0.000000 0.258819 0.965926
vn 0.000000 0.258819 0.965926
vn 0.000000 0.258819 0.965926
vn 0.000000 0.258819 0.965926
vn 0.000000 0.258819 0.965926
vn 0.000000 0.258819 0.965926
vn 0.000000 0.258819 0.965926
vn 0.000000 0.258819 0.965926
vn 0.000000 0.258819 0.965926
vn 0.000000 0.258819 0.965926
vn 0.000000 0.258819 0.965926
vn 0.000000 0.258819 0.965926
vn 0.000000 0.258819 0.965926
vn 0.000000 0.258819 0.965926
vn 0.000000 0.258819 0.965926
vn 0.000000 0.258819 0.965926
vn 0.000000 0.258819 0.965926
vn 0.000000 0.258819 0.965926
vn 0.000000 0.258819 0.965926
vn 0.000000 0.258819 0.965926
vn 0.000000 0.258819 0.965926
vn 0.980972 0.045565 0.188729
vn 0.926079 0.093307 0.365611
vn -0.242873 0.368655 -0.897277
vn -0.001539 0.048803 -0.998807
vn 0.714575 0.177851 0.676574
vn 0.395235 0.236090 0.887722
vn 0.195239 0.253087 0.947538
vn -0.299687 0.410961 -0.860987
vn -0.003434 0.349494 -0.936933
vn -0.707107 0.683013 -0.183013
vn -0.707107 0.683013 -0.183013
vn -0.923879 0.369646 -0.099047
vn -0.923878 0.369648 -0.099047
vn -0.006783 0.512266 -0.858800
vn -0.014310 0.584863 -0.811006
vn 0.073054 0.257306 0.963565
vn 0.073663 0.257964 0.963342
vn 0.055146 0.239581 0.969309
vn 0.049702 0.234844 0.970762
vn -0.999990 0.004398 -0.001177
vn -0.999990 0.004397 -0.001177
vn -0.925726 0.365307 -0.097891
vn -0.925732 0.365293 -0.097888
vn 0.295705 -0.246456 -0.922940
vn -0.856436 0.439270 0.271217
vn -0.905714 0.413360 0.093888
vn -0.664582 0.443972 0.601016
vn 0.036299 0.224912 0.973703
vn 0.034215 0.223562 0.974089
vn -0.376687 0.384713 0.842676
vn -0.692780 0.721050 0.011932
vn -0.957558 0.278555 -0.074089
vn -0.707108 0.683008 -0.183025
vn -0.707109 0.683008 -0.183024
vn 0.000017 -0.258811 -0.965928
vn 0.000017 -0.258811 -0.965928
vn -0.000001 -0.258817 -0.965926
vn -0.000001 -0.258817 -0.965926
vn -0.013542 0.965837 -0.258797
vn -0.013102 0.965843 -0.258798
vn -0.382684 0.892399 -0.239118
vn -0.382686 0.892398 -0.239117
vn -0.655307 0.730327 0.192858
vn -0.178263 0.323318 0.929348
vn 0.559563 -0.212736 -0.801020
vn -0.923880 -0.369644 0.099045
vn -0.707108 -0.683011 0.183013
vn -0.707108 -0.683011 0.183013
vn -0.923880 -0.369644 0.099045
vn -0.508826 0.670706 0.539675
vn -0.382683 -0.892399 0.239118
vn -0.382683 -0.892399 0.239118
vn -0.289103 0.514308 0.807407
vn -0.999988 -0.004779 0.001281
vn -0.999988 -0.004779 0.001281
vn 0.018209 0.214881 0.976470
vn 0.018945 0.215222 0.976381
vn -0.136461 0.384595 0.912943
vn -0.000014 -0.258833 -0.965922
vn -0.000014 -0.258833 -0.965922
vn -0.000000 0.258818 0.965926
vn -0.000000 0.258818 0.965926
vn -0.000000 0.258818 0.965926
vn -0.000000 0.258818 0.965926
vn -0.354286 0.924307 0.141910
vn -0.374778 0.926113 -0.043093
vn 0.000004 0.258813 0.965927
vn 0.000004 0.258813 0.965927
vn 0.000004 0.258813 0.965927
vn 0.000004 0.258813 0.965927
vn -0.000008 0.258961 0.965888
vn -0.000008 0.258961 0.965888
vn -0.000008 0.258961 0.965888
vn -0.000008 0.258961 0.965888
vn -0.000008 0.258961 0.965888
vn -0.000008 0.258961 0.965888
vn -0.000008 0.258961 0.965888
vn -0.000008 0.258961 0.965888
vn -0.000008 0.258961 0.965888
vn -0.000008 0.258961 0.965888
vn -0.000008 0.258961 0.965888
vn -0.000008 0.258961 0.965888
vn -0.000008 0.258961 0.965888
vn 0.697430 -0.182131 -0.693123
vn -0.246196 0.936216 -0.250771
vn -0.274188 0.820989 0.500797
vn 0.567006 -0.795646 0.213195
vn 0.567006 -0.795646 0.213195
vn 0.417864 -0.877552 0.235143
vn 0.417864 -0.877552 0.235143
vn -0.154813 0.598989 0.785649
vn -0.073030 0.425275 0.902113
vn -0.195090 -0.947366 0.253846
vn -0.195090 -0.947366 0.253846
vn -0.000000 0.258820 0.965926
vn -0.000000 0.258820 0.965926
vn -0.000000 0.258820 0.965926
vn -0.000000 0.258820 0.965926
vn -0.378185 0.894183 -0.239611
vn -0.378189 0.894181 -0.239611
vn -0.008358 0.965876 -0.258870
vn -0.008358 0.965876 -0.258870
vn 0.000629 0.207957 0.978138
vn 0.000342 0.207862 0.978158
vn 0.000000 -0.258837 -0.965921
vn 0.000000 -0.258837 -0.965921
vn -0.008831 0.997761 -0.066297
vn -0.005306 0.964088 -0.265531
vn 0.187151 -0.948857 0.254255
vn 0.187150 -0.948857 0.254254
vn -0.008258 0.991952 0.126345
vn -0.006168 0.869943 0.493113
vn -0.000001 0.258817 0.965926
vn -0.000001 0.258817 0.965926
vn -0.000001 0.258817 0.965926
vn -0.000001 0.258817 0.965926
vn -0.003253 0.617113 0.786868
vn -0.001542 0.442145 0.896942
vn 0.004176 -0.965913 0.258833
vn 0.004176 -0.965913 0.258833
vn 0.000796 0.048792 -0.998809
vn 0.361966 0.241269 0.900428
vn 0.036313 0.258649 0.965289
vn 0.036313 0.258648 0.965289
vn 0.361966 0.241269 0.900428
vn 0.928987 0.095795 0.357500
vn 0.823054 0.147003 0.548610
vn 0.823054 0.147003 0.548610
vn 0.928987 0.095794 0.357500
vn 0.003025 0.349782 -0.936826
vn 0.983347 0.047039 0.175547
vn 0.983347 0.047039 0.175546
vn 0.983347 -0.047035 -0.175547
vn 0.983347 -0.047035 -0.175547
vn 0.006675 0.512454 -0.858689
vn 0.928987 -0.095790 -0.357501
vn 0.928988 -0.095790 -0.357500
vn -0.925728 -0.365304 0.097883
vn -0.707107 -0.683011 0.183019
vn -0.707107 -0.683011 0.183019
vn -0.925728 -0.365304 0.097883
vn -0.999995 -0.003041 0.000801
vn -0.378187 -0.894185 0.239599
vn -0.378187 -0.894185 0.239599
vn -0.999990 -0.004385 0.001177
vn -0.999990 -0.004385 0.001177
vn 0.823052 -0.146999 -0.548613
vn 0.823052 -0.146999 -0.548613
vn -0.000004 -0.258815 -0.965927
vn -0.000004 -0.258815 -0.965927
vn -0.000004 -0.258815 -0.965927
vn -0.000004 -0.258815 -0.965927
vn -0.036313 0.258649 0.965289
vn -0.036313 0.258649 0.965289
vn 0.980970 0.054874 0.186247
vn 0.925436 0.102398 0.364806
vn 0.391493 0.239895 0.888360
vn 0.195217 0.254681 0.947116
vn 0.712376 0.184894 0.677004
vn -0.008358 -0.965893 0.258808
vn -0.008358 -0.965893 0.258808
vn 0.036314 -0.258648 -0.965289
vn 0.361975 -0.241268 -0.900424
vn 0.361975 -0.241268 -0.900424
vn 0.036314 -0.258648 -0.965289
vn -0.361966 0.241274 0.900426
vn -0.361966 0.241274 0.900426
vn -0.036314 -0.258648 -0.965289
vn -0.036314 -0.258648 -0.965289
vn -0.823054 0.146998 0.548610
vn -0.928987 0.095792 0.357500
vn -0.928987 0.095792 0.357500
vn -0.823054 0.146998 0.548610
vn 0.006705 0.964087 -0.265501
vn 0.008852 0.997760 -0.066314
vn 0.008247 0.992039 0.125661
vn -0.983347 0.047039 0.175547
vn -0.983347 0.047039 0.175546
vn 0.006106 0.870568 0.492010
vn 0.001463 0.442159 0.896935
vn 0.003174 0.618403 0.785855
vn -0.983347 -0.047039 -0.175546
vn -0.983347 -0.047039 -0.175547
vn -0.928987 -0.095792 -0.357501
vn -0.928987 -0.095792 -0.357500
vn -0.823052 -0.146999 -0.548613
vn -0.823052 -0.146999 -0.548613
vn -0.361975 -0.241268 -0.900424
vn -0.361975 -0.241268 -0.900424
vn 0.013102 0.965843 -0.258798
vn 0.000000 0.965925 -0.258822
vn 0.000000 0.965926 -0.258820
vn 0.000000 0.965925 -0.258821
vn 0.000000 0.965925 -0.258821
vn 0.000000 0.965925 -0.258821
vn 0.000000 0.965925 -0.258821
vn 0.000000 0.965925 -0.258821
vn 0.021124 0.965710 -0.258764
vn 0.382678 0.239118 0.892401
vn 0.007752 0.258809 0.965897
vn 0.007752 0.258809 0.965897
vn 0.382678 0.239118 0.892401
vn 0.996894 0.020384 0.076073
vn 0.923875 0.099045 0.369655
vn 0.923875 0.099045 0.369655
vn 0.996894 0.020384 0.076072
vn 0.996894 -0.020382 -0.076072
vn 0.996894 -0.020382 -0.076072
vn -0.000000 0.965924 -0.258825
vn -0.000000 0.965924 -0.258825
vn -0.000000 0.965924 -0.258825
vn -0.000000 0.965924 -0.258825
vn -0.000000 0.965924 -0.258825
vn -0.000000 0.965924 -0.258825
vn -0.000000 0.965924 -0.258825
vn 0.923874 -0.099046 -0.369657
vn 0.923874 -0.099046 -0.369657
vn -0.000000 0.258816 0.965927
vn -0.000000 0.258816 0.965927
vn -0.000000 0.258816 0.965927
vn -0.000000 0.258816 0.965927
vn 0.007752 -0.258810 -0.965897
vn 0.382683 -0.239118 -0.892399
vn 0.382683 -0.239118 -0.892399
vn 0.007752 -0.258810 -0.965897
vn 0.093418 0.021088 -0.995404
vn 0.262073 -0.164735 -0.950884
vn 0.200232 -0.066135 -0.977514
vn 0.900969 0.112299 0.419099
vn 0.900969 0.112299 0.419100
vn 0.623491 0.202351 0.755191
vn 0.623491 0.202351 0.755191
vn 0.177988 0.243083 -0.953536
vn 0.465502 -0.061855 -0.882883
vn -0.000000 0.965926 -0.258819
vn -0.000000 0.965926 -0.258819
vn -0.000000 0.965926 -0.258819
vn -0.000000 0.965926 -0.258819
vn -0.000000 0.965926 -0.258819
vn -0.000000 0.965926 -0.258819
vn -0.000000 0.965926 -0.258819
vn -0.000000 0.965926 -0.258819
vn -0.000000 0.965926 -0.258819
vn -0.000000 0.965926 -0.258819
vn -0.000000 0.965926 -0.258819
vn -0.000000 0.965926 -0.258819
vn -0.000000 0.965926 -0.258819
vn -0.000000 0.965926 -0.258819
vn 0.345260 0.098844 -0.933288
vn -0.623492 0.202351 0.755190
vn -0.623491 0.202351 0.755190
vn -0.900967 0.112297 0.419104
vn -0.900967 0.112296 0.419103
vn 0.244500 0.370197 -0.896200
vn 0.578896 0.023949 -0.815050
vn 0.434392 0.208563 -0.876245
vn 0.222520 -0.252332 -0.941708
vn 0.222518 -0.252332 -0.941708
vn 0.623489 -0.202355 -0.755191
vn 0.623490 -0.202354 -0.755190
vn 0.014312 0.584862 -0.811006
vn 0.299684 0.410963 -0.860987
vn -0.623493 -0.202352 -0.755189
vn -0.623492 -0.202352 -0.755190
vn -0.222520 -0.252331 -0.941708
vn -0.222521 -0.252331 -0.941708
vn 0.750452 -0.164107 -0.640227
vn 0.612967 0.084229 -0.785606
vn 0.472788 0.254603 -0.843593
vn -0.007752 0.258809 0.965897
vn -0.007752 0.258809 0.965897
vn -0.004176 -0.965913 0.258833
vn -0.004176 -0.965913 0.258833
vn -0.187151 -0.948857 0.254255
vn -0.187150 -0.948857 0.254255
vn -0.417863 -0.877553 0.235142
vn -0.417863 -0.877553 0.235142
vn 0.382683 0.892400 -0.239117
vn 0.382683 0.892400 -0.239117
vn -0.567002 -0.795649 0.213194
vn -0.567002 -0.795649 0.213194
vn 0.923878 0.369648 -0.099046
vn 0.923878 0.369648 -0.099046
vn 0.707104 0.683015 -0.183013
vn 0.707104 0.683015 -0.183013
vn 0.000000 0.258817 0.965927
vn 0.000000 0.258817 0.965927
vn 0.000000 0.258817 0.965927
vn 0.000000 0.258817 0.965927
vn -0.000001 0.258820 0.965926
vn -0.000001 0.258820 0.965926
vn -0.000001 0.258820 0.965926
vn -0.000001 0.258820 0.965926
vn -0.007752 -0.258810 -0.965897
vn -0.007752 -0.258810 -0.965897
vn 0.008358 0.965876 -0.258870
vn 0.008358 0.965876 -0.258870
vn 0.378190 0.894182 -0.239607
vn 0.378191 0.894181 -0.239607
vn -0.000629 0.207957 0.978138
vn -0.000342 0.207862 0.978158
vn -0.018196 0.214872 0.976473
vn -0.018931 0.215211 0.976384
vn -0.000001 -0.258820 -0.965926
vn 0.000000 -0.258837 -0.965921
vn 0.000000 -0.258837 -0.965921
vn -0.000001 -0.258820 -0.965926
vn 0.354074 0.924444 0.141545
vn 0.375118 0.925961 -0.043400
vn 0.071287 0.426181 0.901825
vn 0.152980 0.600276 0.785026
vn 0.999990 0.004384 -0.001177
vn 0.999990 0.004384 -0.001177
vn 0.925729 0.365299 -0.097888
vn 0.925726 0.365306 -0.097890
vn 0.272919 0.821835 0.500103
vn -0.055158 0.239587 0.969307
vn -0.073662 0.257966 0.963342
vn -0.073053 0.257307 0.963564
vn -0.049723 0.234857 0.970757
vn 0.707109 0.683008 -0.183020
vn 0.707108 0.683009 -0.183020
vn -0.000004 -0.258820 -0.965926
vn -0.000004 -0.258820 -0.965926
vn 0.959493 0.272131 -0.072918
vn 0.959493 0.272131 -0.072918
vn 0.322326 0.913685 -0.247559
vn 0.693438 0.720417 0.012008
vn 0.730014 0.659994 -0.177448
vn 0.176728 0.325050 0.929037
vn 0.374379 0.386579 0.842851
vn 0.855834 0.439699 0.272419
vn 0.905737 0.413203 0.094359
vn -0.036302 0.224914 0.973702
vn -0.034212 0.223559 0.974090
vn 0.134557 0.385958 0.912651
vn 0.286894 0.515631 0.807352
vn 0.655230 0.730215 0.193548
vn 0.662620 0.445394 0.602128
vn 0.507344 0.671405 0.540201
vn -0.000001 0.258817 0.965926
vn -0.000001 0.258817 0.965926
vn -0.000001 0.258817 0.965926
vn -0.000001 0.258817 0.965926
vn 0.008358 -0.965893 0.258808
vn 0.008358 -0.965893 0.258808
vn 1.000000 -0.000003 0.000000
vn 1.000000 -0.000003 0.000000
vn -0.999988 0.004780 -0.001281
vn -0.999988 0.004780 -0.001281
vn 0.142315 0.956094 -0.256184
vn 0.142315 0.956094 -0.256184
vn 0.959493 -0.272133 0.072918
vn 0.959493 -0.272133 0.072918
vn -0.382678 0.239118 0.892401
vn -0.382678 0.239118 0.892401
vn -0.923884 0.099046 0.369632
vn -0.996894 0.020382 0.076067
vn -0.996894 0.020381 0.076067
vn -0.923884 0.099046 0.369632
vn -0.999993 0.003608 -0.000972
vn 0.000004 -0.258824 -0.965924
vn 0.000004 -0.258824 -0.965924
vn -0.000000 -0.965926 0.258820
vn 0.000000 -0.965926 0.258820
vn 0.000000 -0.965926 0.258820
vn 0.000000 -0.965926 0.258820
vn 0.000000 -0.965926 0.258820
vn 0.000000 -0.965926 0.258820
vn 0.000000 -0.965926 0.258820
vn 0.000000 -0.965926 0.258820
vn -0.000000 -0.965926 0.258820
vn 0.000000 -0.965926 0.258820
vn 0.000000 -0.965926 0.258820
vn 0.000000 -0.965926 0.258820
vn 0.000000 -0.965926 0.258820
vn 0.000000 -0.965926 0.258820
vn 0.000000 -0.965926 0.258820
vn 0.000000 -0.965926 0.258820
vn 0.000000 -0.965926 0.258820
vn 0.000000 -0.965926 0.258820
vn 0.000000 -0.965926 0.258820
vn 0.000000 -0.965926 0.258820
vn 0.000000 -0.965926 0.258820
vn 0.000000 -0.965926 0.258820
vn 0.000000 -0.965926 0.258820
vn 0.000000 -0.965926 0.258820
vn -0.000000 -0.965926 0.258820
vn -0.996894 -0.020383 -0.076067
vn -0.996894 -0.020383 -0.076067
vn -0.142315 0.956095 -0.256184
vn -0.142315 0.956095 -0.256184
vn -0.923883 -0.099041 -0.369636
vn -0.923883 -0.099041 -0.369636
vn -0.382683 -0.239118 -0.892399
vn -0.382683 -0.239118 -0.892399
vn 0.841254 -0.522219 0.139928
vn 0.841254 -0.522219 0.139928
vn -0.415415 0.878637 -0.235429
vn -0.415415 0.878637 -0.235429
vn 0.222522 0.252331 0.941708
vn -0.222522 0.252331 0.941708
vn -0.222522 0.252331 0.941708
vn 0.222522 0.252331 0.941708
vn 0.654861 -0.729998 0.195602
vn 0.654861 -0.729998 0.195602
vn 1.000000 -0.000001 0.000000
vn 1.000000 -0.000001 0.000000
vn 0.000000 0.258818 0.965926
vn 0.000000 0.258818 0.965926
vn 0.000000 0.258818 0.965926
vn 0.000000 0.258818 0.965926
vn -0.623492 0.202353 0.755189
vn -0.900970 0.112296 0.419097
vn -0.900970 0.112296 0.419097
vn -0.623492 0.202353 0.755189
vn -1.000000 -0.000001 0.000000
vn -1.000000 -0.000001 0.000000
vn 0.999942 0.010391 -0.002784
vn 0.917848 0.383408 -0.102734
vn 0.917848 0.383408 -0.102734
vn 0.999942 0.010391 -0.002784
vn 0.567007 0.795646 -0.213192
vn 0.417864 0.877553 -0.235138
vn 0.417864 0.877553 -0.235138
vn 0.567007 0.795646 -0.213192
vn -0.900970 -0.112297 -0.419098
vn -0.900969 -0.112297 -0.419098
vn 0.415414 -0.878638 0.235430
vn 0.415414 -0.878638 0.235430
vn 0.187148 0.948860 -0.254245
vn 0.187148 0.948860 -0.254245
vn 0.195091 -0.947365 0.253847
vn 0.382685 -0.892398 0.239119
vn 0.382685 -0.892398 0.239119
vn 0.195091 -0.947365 0.253847
vn 0.004176 0.965918 -0.258815
vn 0.004176 0.965918 -0.258815
vn 0.707107 -0.683013 0.183012
vn 0.707107 -0.683013 0.183012
vn 0.142314 -0.956094 0.256185
vn 0.142314 -0.956094 0.256185
vn 0.378187 -0.894185 0.239599
vn 0.378187 -0.894185 0.239599
vn 0.923878 -0.369647 0.099045
vn 0.923878 -0.369647 0.099045
vn -0.034211 0.293435 0.955367
vn -0.036301 0.292068 0.955709
vn 0.707107 -0.683012 0.183016
vn 0.707107 -0.683012 0.183016
vn 0.999988 -0.004780 0.001281
vn 0.999988 -0.004780 0.001281
vn -0.102297 -0.960858 0.257462
vn -0.102297 -0.960858 0.257462
vn 0.925729 -0.365302 0.097880
vn 0.925728 -0.365303 0.097880
vn 0.999942 -0.010389 0.002784
vn 0.999942 -0.010389 0.002784
vn 0.999990 -0.004398 0.001176
vn 0.999990 -0.004398 0.001177
vn 0.999995 -0.003022 0.000815
vn -1.000000 0.000000 -0.000000
vn -1.000000 -0.000000 -0.000000
vn -0.381041 -0.893055 0.239293
vn -0.381041 -0.893055 0.239293
vn -0.959493 -0.272133 0.072918
vn -0.959493 -0.272133 0.072918
vn 0.000000 0.258818 0.965926
vn 0.000000 0.258818 0.965926
vn 0.000000 0.258818 0.965926
vn 0.000000 0.258818 0.965926
vn -0.677108 -0.710809 0.190461
vn -0.677108 -0.710809 0.190461
vn -0.852518 -0.504888 0.135284
vn -0.852518 -0.504888 0.135284
vn -0.004176 0.965918 -0.258815
vn -0.004176 0.965918 -0.258815
vn 0.917848 -0.383407 0.102732
vn 0.917848 -0.383407 0.102732
vn -0.000001 0.258820 0.965926
vn -0.000001 0.258820 0.965926
vn -0.000001 0.258820 0.965926
vn -0.000001 0.258820 0.965926
vn -0.000003 0.258819 0.965926
vn -0.000003 0.258819 0.965926
vn -0.000003 0.258819 0.965926
vn -0.000003 0.258819 0.965926
vn 0.000000 0.258825 0.965924
vn 0.000000 0.258825 0.965924
vn 0.000000 0.258825 0.965924
vn 0.000000 0.258825 0.965924
vn -0.000000 0.258821 0.965925
vn -0.000000 0.258821 0.965925
vn -0.000000 0.258821 0.965925
vn -0.000000 0.258821 0.965925
vn 0.999988 0.004779 -0.001281
vn 0.999988 0.004779 -0.001281
vn -0.187147 0.948860 -0.254244
vn -0.187147 0.948860 -0.254244
vn -0.417863 0.877554 -0.235138
vn -0.417863 0.877554 -0.235138
vn 0.999989 0.004508 -0.001212
vn -0.567007 0.795646 -0.213192
vn -0.567007 0.795646 -0.213192
vn -0.917850 0.383401 -0.102735
vn -0.999942 0.010391 -0.002784
vn -0.999942 0.010391 -0.002784
vn -0.917850 0.383401 -0.102735
vn -0.999942 -0.010389 0.002784
vn -0.999942 -0.010389 0.002784
vn 0.222523 0.252327 0.941708
vn 0.222525 0.252327 0.941708
vn 1.000000 0.000004 0.000000
vn 1.000000 0.000005 0.000001
vn -0.222521 0.252330 0.941708
vn -0.222522 0.252330 0.941708
vn 0.900969 -0.112295 -0.419099
vn 0.900970 -0.112295 -0.419098
vn 0.000000 0.258819 0.965926
vn 0.000000 0.258819 0.965926
vn 0.000000 0.258819 0.965926
vn 0.000000 0.258819 0.965926
vn -1.000000 0.000000 0.000000
vn -1.000000 0.000000 0.000001
vn -0.900967 -0.112298 -0.419104
vn -0.900967 -0.112298 -0.419103
vn 0.900970 0.112296 0.419097
vn 0.623492 0.202353 0.755190
vn 0.623492 0.202353 0.755190
vn 0.900970 0.112296 0.419097
vn -0.917851 -0.383400 0.102733
vn -0.917851 -0.383400 0.102733
vn 0.000001 0.258822 0.965925
vn 0.000001 0.258822 0.965925
vn 0.000001 0.258822 0.965925
vn 0.000001 0.258822 0.965925
vn -0.000008 -0.258829 -0.965923
vn -0.000008 -0.258829 -0.965923
vn 0.937894 0.335134 -0.089672
vn 0.222521 -0.252337 -0.941706
vn 0.433885 -0.233192 -0.870267
vn 0.222522 -0.252337 -0.941706
vn 0.000000 -0.258827 -0.965924
vn -0.000000 -0.965926 0.258820
vn -0.000000 -0.965926 0.258820
vn -0.000000 -0.965926 0.258820
vn -0.000000 -0.965926 0.258820
vn -0.000000 -0.965926 0.258820
vn -0.000000 -0.965926 0.258820
vn -0.000000 -0.965926 0.258820
vn -0.000000 -0.965926 0.258820
vn -0.000000 -0.965926 0.258820
vn -0.000000 -0.965926 0.258820
vn -0.000000 -0.965926 0.258820
vn -0.000000 -0.965926 0.258820
s 1
g polySurface43
usemtl initialShadingGroup
f 1867/4017/5157 1865/4015/5158 1866/4016/5159 1868/4018/5160
f 1869/4021/5161 1867/4019/5157 1868/4020/5160 1872/4025/5162
f 1870/4023/5163 1865/4022/5158 1867/4019/5157 1873/4026/5164
f 1868/4018/5160 1866/4016/5159 1871/4024/5165 1874/4027/5166
f 1873/4026/5164 1867/4019/5157 1869/4021/5161 1875/4029/5167
f 1872/4028/5162 1868/4018/5160 1874/4027/5166 1877/4031/5168
f 1876/4030/5169 1869/4021/5161 1872/4025/5162 1879/4034/5170
f 1875/4029/5167 1869/4021/5161 1876/4030/5169 1881/4036/5171
f 1878/4032/5172 1870/4023/5163 1873/4026/5164 1880/4035/5173
f 1879/4034/5170 1872/4025/5162 1877/4033/5168 1882/4037/5174
f 1880/4035/5173 1873/4026/5164 1875/4029/5167 1883/4038/5175
f 1883/4038/5175 1875/4029/5167 1881/4036/5171 1886/4041/5176
f 1884/4039/5177 1876/4030/5169 1879/4034/5170 1885/4040/5178
f 1881/4036/5171 1876/4030/5169 1884/4039/5177 1887/4042/5179
f 1885/4040/5178 1879/4034/5170 1882/4037/5174 1888/4043/5180
f 1886/4041/5176 1881/4036/5171 1887/4042/5179 1889/4044/5181
s 2
usemtl blinn4SG
f 1963/4131/5182 1962/4130/5183 1961/4129/5184 1960/4128/5185 1956/4124/5186 1894/4049/5187 1891/4046/5188 1890/4045/5189 1892/4047/5190 1893/4048/5191 1878/4032/5192 1924/4086/5193 1964/4132/5194
s 3
usemtl initialShadingGroup
f 1897/4052/5195 1895/4050/5196 1896/4051/5197 1906/4061/5198
f 1900/4055/5199 1898/4053/5200 1899/4054/5201 1901/4056/5202
s 5
f 1903/4058/5203 1904/4059/5204 1902/4057/5205 1905/4060/5206
f 1907/4062/5207 1902/4057/5205 1904/4059/5204 1909/4064/5208
s 3
f 1899/4054/5201 1898/4053/5200 1908/4063/5209 1923/4085/5210
s 5
f 1909/4064/5208 1904/4059/5204 1910/4065/5211 1919/4076/5212
s 6
f 1912/4068/5213 1905/4066/5214 1911/4067/5215 1917/4074/5216
f 1903/4070/5217 1914/4071/5218 1913/4069/5219 1916/4073/5220
s 5
f 1915/4072/5221 1902/4057/5205 1907/4062/5207 1920/4077/5222
f 1918/4075/5223 1907/4062/5207 1909/4064/5208 1921/4081/5224
f 1921/4080/5224 1909/4078/5208 1919/4079/5212 1926/4090/5225
f 1920/4077/5222 1907/4062/5207 1918/4075/5223 1928/4093/5226
f 1910/4083/5211 1916/4084/5227 1922/4082/5228 1925/4088/5229
s 6
f 1922/4087/5230 1916/4073/5220 1913/4069/5219 1930/4095/5231
s 5
f 1919/4089/5212 1910/4083/5211 1925/4088/5229 1935/4102/5232
f 1927/4092/5233 1918/4091/5223 1921/4080/5224 1929/4094/5234
f 1929/4094/5234 1921/4080/5224 1926/4090/5225 1937/4104/5235
f 1928/4093/5226 1918/4075/5223 1927/4096/5233 1939/4106/5236
f 1926/4090/5225 1919/4079/5212 1935/4101/5232 1944/4112/5237
f 1938/4105/5238 1927/4092/5233 1929/4094/5234 1943/4110/5239
f 1943/4110/5239 1929/4094/5234 1937/4104/5235 1948/4116/5240
f 1939/4111/5236 1927/4092/5233 1938/4105/5238 1949/4117/5241
f 1937/4104/5235 1926/4090/5225 1944/4112/5237 1951/4119/5242
s off
usemtl blinn1SG
f 1931/4097/5243 1946/4114/5244 1958/4126/5245 1947/4115/5246 1952/4120/5247 1955/4123/5248 1957/4125/5249 1959/4127/5250 1932/4098/5251 1953/4121/5252 1950/4118/5253 1945/4113/5254 1940/4107/5255 1936/4103/5256 1934/4100/5257 1933/4099/5258
s 5
usemtl initialShadingGroup
f 1948/4116/5240 1937/4104/5235 1951/4119/5242 1954/4122/5259
s 1
f 1878/4032/5172 1880/4035/5173 1965/4133/5260 1999/4168/5261
f 1966/4134/5262 1883/4038/5175 1886/4041/5176 1995/4163/5263
f 1965/4133/5260 1880/4035/5173 1883/4038/5175 1966/4134/5262
f 1886/4041/5176 1889/4044/5181 1967/4135/5264 1995/4163/5263
f 1969/4137/5265 1877/4031/5168 1874/4027/5166 2011/4182/5266
f 1874/4027/5166 1871/4024/5165 1970/4138/5267 2011/4182/5266
f 1971/4139/5268 1882/4037/5174 1877/4033/5168 1969/4183/5265
f 1975/4143/5269 1888/4043/5180 1882/4037/5174 1971/4139/5268
s off
f 1949/4117/5270 1938/4105/5271 1976/4144/5272 2009/4180/5273
f 1938/4105/5274 1943/4110/5275 1977/4145/5276 1976/4144/5277
s 5
f 1978/4146/5278 1925/4088/5229 1922/4082/5228 2013/4185/5279
f 1935/4102/5232 1925/4088/5229 1978/4146/5278 1983/4186/5280
f 1944/4112/5237 1935/4101/5232 1983/4151/5280 1985/4153/5281
f 1951/4119/5242 1944/4112/5237 1985/4153/5281 1989/4157/5282
s 7
f 2135/4338/5283 2101/4305/5284 2076/4277/5285 2072/4255/5286 2007/4178/5287 2004/4175/5288 1993/4161/5289 1990/4158/5290 1987/4155/5291 1986/4154/5292 1988/4156/5293 1991/4159/5294 1954/4122/5295 2012/4184/5296 2145/4351/5297
s 5
f 1954/4122/5259 1951/4119/5242 1989/4157/5282 2012/4184/5298
f 1915/4072/5221 1920/4077/5222 1992/4160/5299 2043/4220/5300
f 1920/4077/5222 1928/4093/5226 1994/4162/5301 1992/4160/5299
s 8
f 1987/4166/5302 1996/4164/5303 1997/4165/5304 1986/4174/5305
s 5
f 1928/4093/5226 1939/4106/5236 1998/4167/5306 1994/4162/5301
f 1939/4111/5236 1949/4117/5241 2000/4169/5307 1998/4238/5306
s off
usemtl lambert3SG
f 1979/4147/5308 2001/4170/5309 2010/4181/5310 2002/4171/5311 2005/4176/5312 2006/4177/5313 1980/4148/5314 1974/4142/5315 1972/4140/5316 1973/4141/5317 1982/4150/5318 1981/4149/5319
s 8
usemtl initialShadingGroup
f 1990/4173/5320 2003/4172/5321 1996/4164/5303 1987/4166/5302
s 1
f 1966/4134/5262 1995/4163/5263 2020/4197/5322 2023/4200/5323
f 1995/4163/5263 1967/4135/5264 2021/4198/5324 2020/4197/5322
f 1965/4133/5260 1966/4134/5262 2023/4200/5323 2029/4206/5325
f 2020/4197/5322 2021/4198/5324 2024/4201/5326 2026/4203/5327
f 2023/4200/5323 2020/4197/5322 2026/4203/5327 2033/4210/5328
f 1999/4168/5261 1965/4133/5260 2029/4206/5325 2038/4215/5329
s 9
f 2031/4208/5330 2030/4207/5331 2329/4691/5332 2050/4227/5333
s 1
f 2029/4206/5325 2023/4200/5323 2033/4210/5328 2047/4224/5334
f 2035/4212/5335 2026/4203/5327 2024/4201/5326 2027/4204/5336
s 9
f 2037/4214/5337 2036/4213/5338 2030/4207/5331 2031/4208/5330
s 1
f 2027/4204/5336 2025/4202/5339 2044/4221/5340 2035/4212/5335
f 2045/4222/5341 2033/4210/5328 2026/4203/5327 2035/4212/5335
f 2038/4215/5329 2029/4206/5325 2047/4224/5334 2055/4232/5342
s off
usemtl blinn2SG
f 2263/4550/5343 2259/4546/5344 2232/4510/5345 2204/4464/5346 2196/4462/5347 2188/4460/5348 2189/4454/5349 2089/4278/5350 2054/4231/5351 2052/4229/5352 2053/4230/5353 2092/4282/5354 2097/4290/5355 2172/4392/5356 2222/4493/5357 2223/4494/5358 2224/4495/5359 2225/4497/5360 2267/4554/5361 2287/4594/5362
s 1
usemtl initialShadingGroup
f 2057/4234/5363 2047/4224/5334 2033/4210/5328 2045/4222/5341
f 2035/4212/5335 2044/4221/5340 2059/4236/5364 2045/4222/5341
s 9
f 2041/4218/5365 2060/4237/5366 2336/4708/5367 2064/4242/5368
f 2063/4241/5369 2062/4240/5370 2060/4237/5366 2041/4218/5365
s 11
f 2037/4214/5371 2031/4208/5372 2041/4218/5373 2064/4242/5374 2065/4243/5375
s 1
f 2066/4246/5376 2055/4244/5342 2047/4245/5334 2057/4248/5363
f 2045/4251/5341 2059/4249/5364 2068/4250/5377 2057/4248/5363
s 11
f 2067/4247/5378 2070/4253/5379 2063/4241/5380 2041/4218/5373 2031/4208/5372 2050/4227/5381 2046/4223/5382 2039/4216/5383 2040/4217/5384 2042/4219/5385 2048/4225/5386 2051/4228/5387 2061/4239/5388
s 1
f 2074/4257/5389 2066/4246/5376 2057/4248/5363 2068/4250/5377
s 8
f 2076/4260/5390 2075/4258/5391 2069/4259/5392 2072/4261/5393
s 3
f 2079/4264/5394 2077/4262/5395 2078/4263/5396 2083/4269/5397
s 5
f 1978/4146/5278 2013/4185/5279 2080/4265/5398 2085/4272/5399
s 6
f 2013/4268/5400 2081/4266/5401 2082/4267/5402 2080/4273/5403
s 5
f 2084/4270/5404 1983/4186/5280 1978/4146/5278 2085/4272/5399
f 2086/4274/5405 1985/4153/5281 1983/4151/5280 2084/4279/5404
f 2091/4281/5406 1989/4157/5282 1985/4153/5281 2086/4274/5405
f 2093/4283/5407 2012/4184/5298 1989/4157/5282 2091/4281/5406
f 2085/4285/5399 2080/4286/5398 2094/4284/5408 2095/4287/5409
f 2084/4288/5404 2085/4285/5399 2095/4287/5409 2099/4296/5410
s 1
f 2096/4289/5411 1971/4139/5268 1969/4183/5265 2098/4295/5412
f 2098/4291/5412 1969/4137/5265 2011/4182/5266 2102/4297/5413
s 5
f 2086/4274/5405 2084/4279/5404 2099/4292/5410 2103/4298/5414
s 8
f 2101/4294/5415 2100/4293/5416 2075/4258/5391 2076/4260/5390
s 1
f 2102/4297/5413 2011/4182/5266 1970/4138/5267 2107/4303/5417
s 5
f 2091/4281/5406 2086/4274/5405 2103/4298/5414 2105/4301/5418
s 1
f 2104/4299/5419 1975/4143/5269 1971/4139/5268 2096/4289/5411
s 5
f 2093/4283/5407 2091/4281/5406 2105/4301/5418 2113/4311/5420
s 1
f 2108/4304/5421 2096/4289/5411 2098/4295/5412 2114/4313/5422
s 6
f 2094/4308/5423 2111/4309/5424 2110/4307/5425 2112/4317/5426
s 5
f 2095/4287/5409 2094/4284/5408 2112/4310/5427 2116/4315/5428
s 1
f 2114/4313/5422 2098/4295/5412 2102/4312/5413 2119/4321/5429
f 2115/4314/5430 2104/4299/5419 2096/4289/5411 2108/4304/5421
s 5
f 2099/4296/5410 2095/4287/5409 2116/4315/5428 2118/4318/5431
s 1
f 1888/4043/5180 1975/4143/5269 2104/4299/5419 2115/4314/5430 2117/4316/5432 2016/4192/5433 2087/4275/5434 2166/4380/5435 2170/4386/5436 2169/4385/5437 2008/4179/5438 2025/4202/5339 2027/4204/5336 2024/4201/5326 2021/4198/5324 1967/4135/5264 1889/4044/5181 1887/4042/5179 1884/4039/5177 1885/4040/5178
s 5
f 2103/4319/5414 2099/4296/5410 2118/4318/5431 2120/4326/5439
s 1
f 2119/4320/5429 2102/4297/5413 2107/4303/5417 2129/4332/5440
s 5
f 2105/4301/5418 2103/4298/5414 2120/4322/5439 2121/4323/5441
f 2113/4311/5420 2105/4301/5418 2121/4323/5441 2128/4331/5442
s 1
f 2115/4314/5430 2108/4304/5421 2122/4324/5443 2117/4316/5432
s 3
f 2126/4329/5444 2124/4327/5445 2125/4328/5446 2131/4334/5447
s 1
f 2108/4304/5421 2114/4313/5422 2127/4330/5448 2122/4324/5443
s off
f 2133/4336/5449 2132/4335/5450 2109/4306/5451 2090/4280/5452 2073/4256/5453 2058/4235/5454 2034/4211/5455 2022/4199/5456 2017/4193/5457 2015/4190/5458 1997/4187/5459 1996/4188/5460 2003/4191/5461 2018/4194/5462 2028/4205/5463 2049/4226/5464 2069/4252/5465 2075/4271/5466 2100/4300/5467 2123/4325/5468 2143/4348/5469 2014/4189/5470
s 5
f 2118/4318/5431 2116/4315/5428 2134/4337/5471 2138/4341/5472
s 1
f 2114/4313/5422 2119/4321/5429 2136/4339/5473 2127/4330/5448
f 2117/4316/5432 2122/4324/5443 2137/4340/5474 2016/4192/5433
s 5
f 2120/4326/5439 2118/4318/5431 2138/4341/5472 2140/4343/5475
f 2128/4331/5442 2121/4323/5441 2139/4342/5476 2141/4345/5477
f 2121/4344/5441 2120/4326/5439 2140/4343/5475 2139/4349/5476
s 1
f 2119/4321/5429 2129/4346/5440 2142/4347/5478 2136/4339/5473
f 2122/4324/5443 2127/4330/5448 2144/4350/5479 2137/4340/5474
s 14
usemtl blinn4SG
f 2146/4352/5480 2129/4332/5481 2107/4303/5482 2149/4355/5483
s 1
usemtl initialShadingGroup
f 2127/4330/5448 2136/4339/5473 2147/4353/5484 2144/4350/5479
f 2136/4339/5473 2142/4347/5478 2148/4354/5485 2147/4353/5484
s 3
f 2152/4358/5486 2150/4356/5487 2151/4357/5488 2149/4363/5489
s 15
f 2150/4360/5490 2154/4361/5491 2153/4359/5492 2151/4365/5493
s 1
f 2155/4362/5494 2044/4221/5340 2025/4202/5339 2008/4179/5438
s 5
f 2043/4220/5300 1992/4160/5299 2156/4364/5495 2157/4366/5496
f 1992/4160/5299 1994/4162/5301 2158/4367/5497 2156/4364/5495
s 3
f 2149/4363/5489 2151/4357/5488 2159/4368/5498 2146/4381/5499
s 5
f 1994/4162/5301 1998/4167/5306 2160/4369/5500 2158/4367/5497
f 2157/4366/5496 2161/4370/5501 2162/4371/5502
s 15
f 2151/4365/5493 2153/4359/5492 2163/4372/5503 2159/4384/5504
s 6
f 2153/4374/5505 2162/4375/5506 2161/4373/5507 2163/4387/5508
s 14
usemtl blinn4SG
f 2164/4378/5509 2148/4376/5510 2142/4377/5511 2176/4400/5512
s 5
usemtl initialShadingGroup
f 2157/4366/5496 2156/4364/5495 2165/4379/5513 2161/4370/5501
f 1998/4238/5306 2000/4169/5307 2167/4382/5514 2160/4389/5500
s 1
f 2168/4383/5515 2059/4236/5364 2044/4221/5340 2155/4362/5494
s 14
usemtl blinn4SG
f 1866/4016/5516 1865/4015/5517 1900/4390/5518 1895/4391/5519
s 5
usemtl initialShadingGroup
f 2156/4364/5495 2158/4367/5497 2173/4393/5520 2165/4379/5513
s 14
usemtl blinn4SG
f 1865/4015/5517 1870/4394/5521 1898/4395/5522 1900/4390/5518
s 5
usemtl initialShadingGroup
f 2158/4397/5497 2160/4389/5500 2174/4396/5523 2173/4402/5520
s 14
usemtl blinn4SG
f 1871/4024/5524 1866/4016/5516 1895/4391/5519 1897/4398/5525
s 3
usemtl initialShadingGroup
f 2146/4381/5499 2159/4368/5498 2175/4399/5526 2176/4407/5527
s 5
f 2160/4389/5500 2167/4382/5514 2177/4401/5528 2174/4396/5523
s 6
f 2163/4387/5508 2161/4373/5507 2178/4403/5529 2185/4411/5530
s off
f 2167/4382/5531 2179/4404/5532 2180/4405/5533 2177/4401/5534
s 5
f 2161/4370/5501 2165/4379/5513 2181/4406/5535 2186/4412/5536
s off
f 2182/4408/5537 2113/4311/5538 2128/4331/5539 2220/4491/5540
s 7
f 2203/4450/5541 2205/4453/5542 2145/4351/5297 2012/4184/5296 2183/4409/5543 2171/4388/5544 1984/4152/5545 1948/4116/5546 1954/4122/5295 1991/4159/5294 2019/4196/5547 2032/4209/5548 2056/4233/5549 2071/4254/5550 2088/4276/5551 2106/4302/5552 2130/4333/5553
s 1
f 2184/4410/5554 2068/4250/5377 2059/4249/5364 2168/4502/5515
s 5
f 2161/4370/5501 2186/4412/5536 2178/4413/5555
f 2165/4415/5513 2173/4402/5520 2187/4414/5556 2181/4420/5535
s 19
f 2180/4417/5557 2189/4418/5558 2188/4416/5559 2192/4426/5560
s 5
f 2173/4402/5520 2174/4396/5523 2190/4419/5561 2187/4414/5556
f 2174/4396/5523 2177/4401/5528 2191/4421/5562 2190/4419/5561
s 14
usemtl blinn4SG
f 1870/4422/5521 1878/4423/5563 1908/4424/5564 1898/4425/5522
s off
usemtl initialShadingGroup
f 2191/4421/5565 2177/4401/5566 2180/4405/5567 2192/4431/5568
s 15
f 2175/4428/5569 2185/4429/5570 2193/4427/5571 2197/4440/5572
s 3
f 2164/4430/5573 2176/4407/5527 2175/4399/5526 2197/4441/5574
s 6
f 2185/4411/5530 2178/4403/5529 2194/4432/5575 2193/4442/5576
s 5
f 2178/4434/5555 2186/4435/5536 2195/4433/5577 2194/4444/5578
s 19
f 2192/4437/5560 2188/4438/5559 2196/4436/5579 2199/4445/5580
s 5
f 2195/4433/5577 2186/4435/5536 2181/4439/5535 2198/4448/5581
f 2198/4443/5581 2181/4420/5535 2187/4414/5556 2201/4447/5582
s off
f 2200/4446/5583 2191/4421/5584 2192/4431/5585 2199/4451/5586
s 5
f 2201/4447/5582 2187/4414/5556 2190/4419/5561 2202/4449/5587
f 2202/4449/5587 2190/4419/5561 2191/4421/5562 2200/4446/5588
s 19
f 2199/4445/5580 2196/4436/5579 2204/4452/5589 2207/4456/5590
s 1
f 2016/4192/5433 2137/4340/5474 2206/4455/5591 2087/4275/5434
s 20
usemtl blinn1SG
f 1890/4457/5592 1891/4458/5593 1931/4097/5594 1933/4099/5595
s 21
f 1892/4459/5596 1890/4457/5597 1933/4099/5598 1934/4100/5599
s 1
usemtl initialShadingGroup
f 2206/4455/5591 2137/4340/5474 2144/4350/5479 2209/4465/5600
s 3
f 1895/4050/5196 1900/4055/5199 1901/4056/5202 1896/4051/5197
s 21
usemtl blinn1SG
f 1893/4461/5601 1892/4459/5596 1934/4100/5599 1936/4103/5602
f 2208/4463/5603 1893/4461/5601 1936/4103/5602 1940/4107/5604
s 1
usemtl initialShadingGroup
f 2209/4465/5600 2144/4350/5479 2147/4353/5484 2237/4515/5605
s 21
usemtl blinn1SG
f 2210/4466/5606 2208/4463/5603 1940/4107/5604 1945/4113/5607
s 6
usemtl initialShadingGroup
f 1903/4070/5217 1905/4066/5214 1912/4068/5213 1914/4071/5218
s 15
f 1896/4467/5608 1901/4468/5609 1914/4469/5610 1912/4470/5611
s 5
f 1903/4058/5203 1916/4471/5227 1910/4065/5211 1904/4059/5204
f 1911/4472/5612 1905/4060/5206 1902/4057/5205 1915/4072/5221
s 15
f 1901/4468/5609 1899/4473/5613 1913/4474/5614 1914/4469/5610
f 1906/4475/5615 1896/4467/5608 1912/4470/5611 1917/4476/5616
s 21
usemtl blinn1SG
f 2211/4477/5617 2210/4466/5606 1945/4113/5607 1950/4118/5618
s 6
usemtl initialShadingGroup
f 2213/4479/5619 2214/4480/5620 2212/4478/5621 2248/4529/5622
s 20
usemtl blinn1SG
f 1891/4458/5593 1894/4481/5623 1946/4114/5624 1931/4097/5594
s 5
usemtl initialShadingGroup
f 2138/4341/5472 2134/4337/5471 2215/4482/5625 2217/4484/5626
f 2141/4345/5477 2139/4342/5476 2216/4483/5627 2245/4526/5628
f 2140/4343/5475 2138/4341/5472 2217/4484/5626 2218/4485/5629
f 2139/4349/5476 2140/4343/5475 2218/4485/5629 2216/4530/5627
s 15
f 1899/4486/5613 1923/4487/5630 1930/4488/5631 1913/4489/5614
s 23
usemtl blinn1SG
f 2219/4490/5632 2211/4477/5633 1950/4118/5634 1953/4121/5635
s 20
f 1894/4481/5623 1956/4496/5636 1958/4126/5637 1946/4114/5624
s 23
f 2226/4498/5638 2219/4490/5632 1953/4121/5635 1932/4098/5639
s 24
f 1956/4496/5640 1960/4499/5641 1947/4115/5642 1958/4126/5643
s 5
usemtl initialShadingGroup
f 2227/4500/5644 2194/4444/5578 2195/4433/5577 2252/4534/5645
f 2195/4433/5577 2198/4448/5581 2228/4501/5646 2252/4534/5645
s 24
usemtl blinn1SG
f 1960/4499/5641 1961/4503/5647 1952/4120/5648 1947/4115/5642
s 5
usemtl initialShadingGroup
f 2198/4443/5581 2201/4447/5582 2229/4504/5649 2228/4536/5646
f 2202/4449/5587 2200/4446/5588 2230/4505/5650 2231/4506/5651
f 2201/4447/5582 2202/4449/5587 2231/4506/5651 2229/4504/5649
s 24
usemtl blinn1SG
f 1961/4503/5647 1962/4507/5652 1955/4123/5653 1952/4120/5648
f 1962/4507/5652 1963/4508/5654 1957/4125/5655 1955/4123/5653
f 1963/4508/5654 1964/4509/5656 1959/4127/5657 1957/4125/5655
s 23
f 1964/4509/5658 2226/4498/5638 1932/4098/5639 1959/4127/5659
s 14
usemtl blinn4SG
f 2238/4519/5660 2148/4376/5510 2164/4378/5509 2221/4492/5661 2233/4511/5662 2234/4512/5663 2235/4513/5664 2236/4514/5665 2269/4566/5666 2275/4576/5667 2249/4531/5668
s 25
usemtl lambert3SG
f 1941/4516/5669 1942/4517/5670 1979/4147/5671 1981/4149/5672
s 26
f 1924/4518/5673 1941/4516/5674 1981/4149/5675 1982/4150/5676
f 2239/4520/5677 1924/4518/5673 1982/4150/5676 1973/4141/5678
s 14
usemtl blinn4SG
f 2279/4602/5679 2246/4527/5680 2243/4524/5681 2241/4522/5682 2240/4521/5683 2221/4492/5661 2164/4378/5509 2249/4531/5668 2275/4576/5667 2286/4593/5684 2290/4598/5685
s 26
usemtl lambert3SG
f 2242/4523/5686 2239/4520/5677 1973/4141/5678 1972/4140/5687
s off
usemtl initialShadingGroup
f 2244/4525/5688 2141/4345/5689 2245/4526/5690 2291/4608/5691
s 27
usemtl lambert3SG
f 2247/4528/5692 2242/4523/5693 1972/4140/5694 1974/4142/5695
s 1
usemtl initialShadingGroup
f 2166/4380/5435 2087/4275/5434 2206/4455/5591 2250/4532/5696
f 2155/4362/5494 2008/4179/5438 2169/4385/5437 2251/4533/5697
f 2170/4386/5436 2166/4380/5435 2250/4532/5696 2253/4535/5698
f 2251/4533/5697 2169/4385/5437 2170/4386/5436 2253/4535/5698
s 28
f 2233/4539/5699 2254/4537/5700 2255/4538/5701 2234/4540/5702
s 1
f 2250/4532/5696 2206/4455/5591 2209/4465/5600 2258/4545/5703
f 2168/4383/5515 2155/4362/5494 2251/4533/5697 2261/4548/5704
s off
f 2273/4563/5705 2268/4559/5706 2265/4552/5707 2262/4549/5708 2257/4544/5709 2255/4541/5710 2254/4542/5711 2260/4547/5712 2264/4551/5713 2270/4558/5714 2271/4561/5715 2276/4570/5716 2256/4543/5717 2277/4571/5718
s 1
f 2253/4535/5698 2250/4532/5696 2258/4545/5703 2266/4553/5719
f 2261/4548/5704 2251/4533/5697 2253/4535/5698 2266/4553/5719
s 28
f 2269/4557/5720 2265/4555/5721 2268/4556/5722 2275/4565/5723
s 1
f 2258/4545/5703 2209/4465/5600 2237/4515/5605 2272/4562/5724
f 2184/4410/5554 2168/4502/5515 2261/4560/5704 2274/4572/5725
f 2266/4553/5719 2258/4545/5703 2272/4562/5724 2278/4573/5726
f 2274/4564/5725 2261/4548/5704 2266/4553/5719 2278/4573/5726
s 28
f 2243/4569/5727 2271/4567/5728 2270/4568/5729 2241/4574/5730
s 1
f 2272/4562/5724 2237/4515/5605 2238/4575/5731 2280/4580/5732
s 28
f 2279/4579/5733 2256/4577/5734 2276/4578/5735 2246/4585/5736
s 1
f 2281/4581/5737 2184/4410/5554 2274/4572/5725 2282/4584/5738
f 2278/4573/5726 2272/4562/5724 2280/4580/5732 2284/4589/5739
s 25
usemtl lambert3SG
f 1942/4517/5670 1968/4582/5740 2001/4170/5741 1979/4147/5671
s 1
usemtl initialShadingGroup
f 2282/4584/5738 2274/4572/5725 2278/4583/5726 2284/4590/5739
s 19
f 2283/4587/5742 2232/4588/5743 2259/4586/5744 2285/4591/5745
f 2285/4591/5745 2259/4586/5744 2263/4592/5746 2288/4595/5747
s 14
usemtl blinn4SG
f 2289/4597/5748 2280/4596/5749 2238/4519/5660 2249/4531/5668
s 19
usemtl initialShadingGroup
f 2288/4601/5747 2263/4599/5746 2287/4600/5750 2291/4603/5751
s 14
usemtl blinn4SG
f 2292/4604/5752 2282/4584/5753 2284/4590/5754 2300/4621/5755
s off
usemtl initialShadingGroup
f 2293/4607/5756 2285/4605/5757 2288/4606/5758 2294/4609/5759
f 2294/4609/5760 2288/4606/5761 2291/4608/5762 2245/4526/5763
s 27
usemtl lambert3SG
f 2295/4610/5764 2247/4528/5692 1974/4142/5695 1980/4148/5765
s 15
usemtl initialShadingGroup
f 2297/4612/5766 2298/4613/5767 2296/4611/5768 2299/4620/5769
s 3
f 2249/4616/5770 2297/4614/5771 2299/4615/5772 2289/4631/5773
s 6
f 2296/4619/5774 2298/4617/5775 2227/4618/5776 2302/4623/5777
s 5
f 2252/4534/5645 2228/4501/5646 2301/4622/5778 2307/4629/5779
f 2231/4506/5651 2230/4505/5650 2303/4624/5780 2308/4630/5781
s 15
f 2212/4626/5782 2305/4627/5783 2304/4625/5784 2310/4635/5785
s 5
f 2228/4536/5646 2229/4504/5649 2306/4628/5786 2301/4636/5778
f 2229/4504/5649 2231/4506/5651 2308/4630/5781 2306/4628/5786
s 3
f 2304/4634/5787 2305/4632/5788 2309/4633/5789 2292/4647/5790
s 15
f 2310/4635/5785 2304/4625/5784 2311/4637/5791 2313/4639/5792
s 6
f 2296/4619/5774 2302/4623/5777 2312/4638/5793 2313/4645/5794
s 8
f 1988/4640/5795 1986/4174/5305 1997/4165/5304 2015/4641/5796
s 5
f 2302/4643/5797 2307/4644/5779 2314/4642/5798 2312/4649/5799
f 2294/4609/5800 2245/4526/5628 2216/4483/5627 2318/4655/5801
f 2315/4646/5802 2217/4484/5626 2215/4482/5625 2317/4652/5803
s 3
f 2311/4648/5804 2304/4634/5787 2292/4647/5790 2300/4658/5805
s 5
f 2308/4630/5781 2303/4624/5780 2293/4607/5806 2320/4656/5807
f 2307/4644/5779 2301/4650/5778 2316/4651/5808 2314/4642/5798
f 2318/4653/5801 2216/4530/5627 2218/4485/5629 2319/4654/5809
f 2319/4654/5809 2218/4485/5629 2217/4484/5626 2315/4646/5802
f 2306/4628/5786 2308/4630/5781 2320/4656/5807 2321/4657/5810
f 2301/4636/5778 2306/4628/5786 2321/4657/5810 2316/4659/5808
f 2315/4646/5802 2317/4652/5803 2314/4642/5798 2316/4651/5808
f 2320/4656/5807 2293/4607/5806 2294/4609/5800 2318/4655/5801
s 3
f 1908/4063/5209 2078/4263/5396 2077/4262/5395 1923/4085/5210
s 5
f 2319/4654/5809 2315/4646/5802 2316/4651/5808 2321/4661/5810
f 2321/4657/5810 2320/4656/5807 2318/4655/5801 2319/4660/5809
s off
f 1984/4152/5811 1977/4145/5812 1943/4110/5813 1948/4116/5814
s 15
f 2081/4662/5815 1930/4488/5631 1923/4487/5630 2077/4663/5816
s 6
f 2013/4268/5400 1922/4087/5230 1930/4095/5231 2081/4266/5401
s 8
f 1991/4664/5817 1988/4640/5795 2015/4641/5796 2017/4665/5818
s 14
usemtl blinn4SG
f 1897/4398/5525 2152/4666/5819 1970/4138/5820 1871/4024/5524
s 8
usemtl initialShadingGroup
f 1990/4667/5320 1993/4668/5821 2018/4669/5822 2003/4670/5321
f 2019/4671/5823 1991/4664/5817 2017/4665/5818 2022/4672/5824
s 25
usemtl lambert3SG
f 1968/4582/5740 2322/4673/5825 2010/4181/5826 2001/4170/5741
s 34
f 2322/4673/5827 2323/4674/5828 2002/4171/5829 2010/4181/5830
s 3
usemtl initialShadingGroup
f 2152/4358/5486 1897/4052/5195 1906/4061/5198 2150/4356/5487
s 5
f 2043/4220/5300 2324/4675/5831 1911/4472/5612 1915/4072/5221
s 15
f 1917/4476/5616 2154/4361/5491 2150/4360/5490 1906/4475/5615
s 6
f 1911/4067/5215 2324/4676/5832 2154/4677/5833 1917/4074/5216
s 2
usemtl blinn4SG
f 2325/4793/5834 2323/4790/5835 2322/4678/5836 1968/4136/5837 1942/4109/5838 1941/4108/5839 1924/4086/5193 1878/4032/5192 1999/4195/5840 2078/4263/5841 2345/4823/5842 2336/4824/5843 2060/4825/5844 2062/4826/5845 2335/4827/5846 2334/4828/5847 2333/4829/5848 2332/4830/5849 2328/4816/5850 2327/4817/5851 2340/4791/5852 2341/4794/5853 2330/4819/5854 2329/4820/5855 2030/4821/5856 2036/4822/5857 2344/4818/5858
s 34
usemtl lambert3SG
f 2323/4674/5828 2325/4679/5859 2005/4176/5860 2002/4171/5829
s 8
usemtl initialShadingGroup
f 1993/4668/5821 2004/4680/5861 2028/4681/5862 2018/4669/5822
s 34
usemtl lambert3SG
f 2325/4679/5859 2326/4682/5863 2006/4177/5864 2005/4176/5860
s 27
f 2326/4682/5865 2295/4610/5764 1980/4148/5765 2006/4177/5866
s 8
usemtl initialShadingGroup
f 2032/4683/5867 2019/4671/5823 2022/4672/5824 2034/4684/5868
f 2004/4680/5861 2007/4685/5869 2049/4686/5870 2028/4681/5862
s 9
f 2327/4687/5871 2328/4688/5872 2048/4225/5873 2042/4219/5874
s 8
f 2056/4689/5875 2032/4683/5867 2034/4684/5868 2058/4690/5876
s 9
f 2329/4691/5332 2330/4692/5877 2046/4223/5878 2050/4227/5333
s off
f 1949/4117/5879 2009/4180/5880 2331/4693/5881 2000/4169/5882
s 9
f 2332/4694/5883 2333/4695/5884 2061/4239/5885 2051/4228/5886
s 8
f 2007/4696/5869 2072/4261/5393 2069/4259/5392 2049/4697/5870
s 9
f 2333/4695/5884 2334/4698/5887 2067/4247/5888 2061/4239/5885
s 37
f 2331/4699/5889 2009/4700/5890 2052/4701/5891 2054/4702/5892
s 38
f 2009/4700/5893 1976/4703/5894 2053/4704/5895 2052/4701/5896
s 9
f 2334/4698/5887 2335/4705/5897 2070/4253/5898 2067/4247/5888
s 8
f 2071/4706/5899 2056/4689/5875 2058/4690/5876 2073/4707/5900
s 38
f 1976/4709/5894 1977/4710/5901 2092/4711/5902 2053/4712/5895
s 9
f 2335/4705/5897 2062/4240/5370 2063/4241/5369 2070/4253/5898
s 14
usemtl blinn4SG
f 1999/4195/5903 2038/4713/5904 2083/4714/5905 2078/4715/5906
s 38
usemtl initialShadingGroup
f 1977/4710/5901 1984/4716/5907 2097/4717/5908 2092/4711/5902
s 14
usemtl blinn4SG
f 2038/4718/5904 2055/4244/5909 2337/4719/5910 2083/4720/5905
s 8
usemtl initialShadingGroup
f 2088/4721/5911 2071/4722/5899 2073/4723/5900 2090/4724/5912
s 15
f 2077/4663/5816 2079/4725/5913 2082/4726/5914 2081/4662/5815
s 14
usemtl blinn4SG
f 2055/4244/5909 2066/4246/5915 2124/4727/5916 2337/4719/5910
s 3
usemtl initialShadingGroup
f 2083/4269/5397 2337/4728/5917 2338/4729/5918 2079/4264/5394
s 15
f 2079/4730/5913 2338/4731/5919 2111/4732/5920 2082/4733/5914
s 6
f 2094/4308/5423 2080/4273/5403 2082/4267/5402 2111/4309/5424
s 14
usemtl blinn4SG
f 2066/4246/5915 2074/4257/5921 2125/4734/5922 2124/4727/5916
s 3
usemtl initialShadingGroup
f 2337/4728/5917 2124/4327/5445 2126/4329/5444 2338/4729/5918
s 8
f 2106/4735/5923 2088/4721/5911 2090/4724/5912 2109/4736/5924
s 15
f 2338/4731/5919 2126/4737/5925 2110/4738/5926 2111/4732/5920
s 37
f 2179/4739/5927 2331/4699/5889 2054/4702/5892 2089/4740/5928
s 15
f 2126/4737/5925 2131/4741/5929 2214/4742/5930 2110/4738/5926
s 6
f 2213/4479/5619 2112/4317/5426 2110/4307/5425 2214/4480/5620
s 5
f 2112/4310/5427 2213/4743/5931 2134/4337/5471 2116/4315/5428
s 8
f 2101/4294/5415 2135/4744/5932 2123/4745/5933 2100/4293/5416
s 14
usemtl blinn4SG
f 2152/4666/5819 2149/4355/5483 2107/4303/5482 1970/4138/5820
s 8
usemtl initialShadingGroup
f 2130/4746/5934 2106/4735/5923 2109/4736/5924 2132/4747/5935
f 2135/4744/5932 2145/4748/5936 2143/4749/5937 2123/4745/5933
s off
f 2331/4693/5938 2179/4404/5939 2167/4382/5940 2000/4169/5941
s 8
f 2203/4750/5942 2130/4751/5934 2132/4752/5935 2133/4753/5943
f 2145/4748/5936 2205/4754/5944 2014/4755/5945 2143/4749/5937
f 2205/4754/5944 2203/4750/5942 2133/4753/5943 2014/4755/5945
s 5
f 2043/4220/5300 2157/4366/5496 2162/4371/5502 2324/4675/5831
s 6
f 2324/4676/5832 2162/4375/5506 2153/4374/5505 2154/4677/5833
s 14
usemtl blinn4SG
f 2146/4352/5480 2176/4756/5512 2142/4757/5511 2129/4332/5481
s 38
usemtl initialShadingGroup
f 1984/4716/5907 2171/4758/5946 2172/4759/5947 2097/4717/5908
s 15
f 2163/4372/5503 2185/4760/5570 2175/4761/5569 2159/4384/5504
s 37
f 2180/4417/5948 2179/4739/5927 2089/4740/5928 2189/4418/5949
s off
f 2339/4762/5950 2183/4409/5951 2012/4184/5952 2093/4283/5953
f 2182/4408/5954 2339/4762/5955 2093/4283/5956 2113/4311/5957
s 1
f 2281/4581/5737 2074/4257/5389 2068/4250/5377 2184/4410/5554
s off
f 2244/4525/5958 2220/4491/5959 2128/4331/5960 2141/4345/5961
f 2200/4446/5962 2199/4451/5963 2207/4763/5964 2230/4505/5965
s 14
usemtl blinn4SG
f 2309/4764/5966 2125/4734/5922 2074/4257/5921 2281/4581/5967
s 1
usemtl initialShadingGroup
f 2148/4354/5485 2238/4575/5731 2237/4515/5605 2147/4353/5484
s 38
f 2171/4758/5946 2183/4765/5968 2222/4766/5969 2172/4759/5947
f 2183/4765/5968 2339/4767/5970 2223/4768/5971 2222/4766/5969
s 15
f 2212/4626/5782 2214/4742/5930 2131/4741/5929 2305/4627/5783
s 3
f 2125/4328/5446 2309/4633/5789 2305/4632/5788 2131/4334/5447
s 5
f 2134/4337/5471 2213/4743/5931 2248/4769/5972 2215/4482/5625
s 38
f 2339/4770/5970 2182/4771/5973 2224/4772/5974 2223/4773/5971
s 40
f 2182/4771/5975 2220/4774/5976 2225/4775/5977 2224/4772/5978
s 19
f 2283/4587/5742 2207/4456/5590 2204/4452/5589 2232/4588/5743
s 15
f 2297/4612/5766 2197/4440/5572 2193/4427/5571 2298/4613/5767
s 3
f 2249/4616/5770 2164/4430/5573 2197/4441/5574 2297/4614/5771
s 6
f 2194/4432/5575 2227/4618/5776 2298/4617/5775 2193/4442/5576
s 40
f 2220/4774/5976 2244/4776/5979 2267/4777/5980 2225/4775/5977
s 28
f 2235/4778/5981 2234/4779/5702 2255/4780/5701 2257/4781/5982
f 2233/4539/5699 2221/4782/5983 2260/4783/5984 2254/4537/5700
f 2236/4784/5985 2235/4778/5981 2257/4781/5982 2262/4785/5986
f 2221/4782/5983 2240/4786/5987 2264/4787/5988 2260/4783/5984
f 2269/4788/5720 2236/4784/5985 2262/4785/5986 2265/4789/5721
s off
f 2207/4763/5989 2283/4792/5990 2303/4624/5991 2230/4505/5992
s 28
f 2240/4786/5987 2241/4795/5730 2270/4796/5729 2264/4787/5988
f 2286/4797/5993 2275/4565/5723 2268/4556/5722 2273/4798/5994
f 2243/4569/5727 2246/4585/5736 2276/4578/5735 2271/4567/5728
f 2290/4799/5995 2286/4797/5993 2273/4798/5994 2277/4800/5996
f 2279/4801/5733 2290/4799/5995 2277/4800/5996 2256/4802/5734
s 9
f 2341/4803/5997 2340/4804/5998 2040/4217/5999 2039/4216/6000
f 2330/4692/5877 2341/4803/5997 2039/4216/6000 2046/4223/5878
s 40
f 2244/4776/5979 2291/4603/6001 2287/4600/6002 2267/4777/5980
s off
f 2283/4792/6003 2285/4605/6004 2293/4607/6005 2303/4624/6006
s 14
usemtl blinn4SG
f 2292/4604/5752 2309/4764/5966 2281/4581/5967 2282/4584/5753
f 2289/4805/5748 2300/4621/5755 2284/4590/5754 2280/4806/5749
s 5
usemtl initialShadingGroup
f 2252/4534/5645 2307/4629/5779 2302/4807/5797 2227/4500/5644
s 15
f 2296/4808/5768 2313/4639/5792 2311/4637/5791 2299/4809/5769
s 6
f 2342/4810/6007 2248/4529/5622 2212/4478/5621 2310/4811/6008
s 5
f 2317/4652/5803 2215/4482/5625 2248/4769/5972 2342/4812/6009
s 3
f 2300/4658/5805 2289/4631/5773 2299/4615/5772 2311/4648/5804
s 6
f 2312/4638/5793 2342/4810/6007 2310/4811/6008 2313/4645/5794
s 5
f 2317/4652/5803 2342/4812/6009 2312/4649/5799 2314/4642/5798
s 9
f 2343/4813/6010 2344/4814/6011 2036/4213/5338 2037/4214/5337 2065/4243/6012
f 2336/4708/5367 2345/4815/6013 2343/4813/6010 2065/4243/6012 2064/4242/5368
f 2340/4804/5998 2327/4687/5871 2042/4219/5874 2040/4217/5999
f 2328/4688/5872 2332/4694/5883 2051/4228/5886 2048/4225/5873
s 2
usemtl blinn4SG
f 1908/4424/6014 1878/4032/5192 1893/4048/5191 2208/4831/6015 2210/4832/6016 2211/4833/6017 2219/4834/6018 2226/4835/6019 1964/4132/5194 1924/4086/5193 2239/4836/6020 2242/4837/6021 2247/4838/6022 2295/4839/6023 2326/4840/6024 2325/4793/5834 2344/4818/5858 2343/4841/6025 2345/4823/5842 2078/4263/5841
